review_id,score,created_date,content_preview,sentiment,confidence,reason,processed_at
48402857,4,2026-04-18,怎么说呢，剧情问题很大，尤其是四号谷底，文本，剧情，人物塑造，我敢说开局暴雷完全是自己做的，除了跳过就是想跳过，逻辑，动机，情节，谜语加幼稚，经不起推敲。武陵好很多了，但是我说实话，太赶了，而且剧情还,neutral,0.7,,2026-07-19 06:45:29
48529588,5,2026-04-29,沉浸感做的是真好，我主要电脑上玩的，最喜欢戴着耳机逛世界，音效这方面鹰角做的一绝，建模也很和我胃口，属于见一个爱一个，除了伊冯都无法抛下。而且地图做的很不错，跟着引导基本能把图逛遍，再也不用跟视频捡宝,positive,0.85,,2026-07-19 06:45:30
48396829,5,2026-04-18,开局对于各位新手可能会有些难度，但是玩到后面熟练了也就会有一定的。自动化铺设方面的经验，如果要短时间升角色的话，需要的体力过多，伤害可能不够，总之先养角色一定是对的。锄大地的话，建议要养好角色再慢慢来,positive,0.7,,2026-07-19 06:45:31
48411081,4,2026-04-19,缺点:扣一颗星还是因为剧情，抠细节和ml剧情部分cg不能调，让对这些不感兴趣玩家有点难受。优点:整体福利还行，虽然卡池毒，但是一般抽角色本体即可，主c才需要武器。整体人物和风景建模都好看，武陵有些风景,positive,0.85,,2026-07-19 06:45:33
48401383,5,2026-04-18,作为游玩《明日方舟：终末地》278小时的老玩家，1.2新版本的表现实在超出预期。本次更新重点优化了产能体验，一键收菜、跨地图资源回收等功能，让日常打理变得高效省心，彻底摆脱了繁琐操作。福利方面更是诚意,positive,0.95,,2026-07-19 06:45:34
48404006,4,2026-04-18,也是从开服玩到了现在，从才开始的开服暴雷到现在感觉这个游戏才是真的公测，虽然开服确实有很多很多的问题，比如开荒的时候运气差了没有6星打手很难受，角色养成资源巨少，基建系统也有些麻烦，不过好在yj还是很,positive,0.85,,2026-07-19 06:45:36
48423850,4,2026-04-20,移动端优化真的好，高画质也不掉帧不卡顿，还适配了小窗，振动也很有感觉，写实风的场景画面很精细，有质感，不同于大多数二游的西幻风。地图场景和解谜探索引导融合的很好，设计优秀。希望以后能出很多不同画风的星,positive,0.7,,2026-07-19 06:45:37
48423219,5,2026-04-20,对于贯穿明日方舟整体美术音乐史的艺术专业玩家，我很高兴能见证其在美术画风，界面设计，干员叙述连续性上等不断地精进。初玩终末地，虽然在感觉在主流玩法上和旁类应该大体一致，但是我觉得在原有明日方舟故事的叙,positive,0.85,,2026-07-19 06:45:39
48399310,5,2026-04-18,非常好的游戏，如果用心认真玩的话大部分卡池角色都可以拿到，也不像别的游戏满命和没命是两个角色对零氪玩家十分友好。玩法多样，肝起来一点也不单调。剧情也越来越好了，陪乐也是一顶一的存在。可以看出来鹰角是在,positive,0.9,,2026-07-19 06:45:40
48528190,4,2026-04-28,pc端<br />小众游戏，挺挑受众的，基本纯单机，箱庭地图，战斗系统需要自己研究技能轴以及观察怪物攻击进行完美闪避，防止打不出“重击”(实际是普攻最后一段，有失衡值和回能)。基建系统就更挑人了，目前,neutral,0.7,,2026-07-19 06:45:42
48531988,5,2026-04-29,💃🏻立绘建模：一开始除了女管我谁都觉得丑，画风建模都不是我的菜，还都带兽耳尾巴，完全戳不到我。<br />真正留住我的是玩法，不抄蓝图自己瞎搭，虽然一塌糊涂，但成就感直接拉满！[表情_大笑][表情_大,positive,0.85,,2026-07-19 06:45:43
48403130,5,2026-04-18,终末地可以说是完美满足了我对一个游戏的全部需求，游戏画面和场景我愿给到顶级，鹰角也是真能听玩家声音，开服的时候写的两三千字问卷在后续的更新里一个个都实装了，慢慢的这个游戏从一个只有场景画面吸引我的游戏,positive,0.95,,2026-07-19 06:45:44
48415354,5,2026-04-19,剧情，角色，场景，战斗体验都做的很好，犹奇武陵的国风设计，很有趣，集成工业的玩法也很新奇，只是有点废肝，总体体验很不错，其他二游玩腻的话推荐试试，美中不足的就是抽卡机制实在有点奇怪，不过福利也很多，无,positive,0.85,,2026-07-19 06:45:46
48520530,5,2026-04-28,玩法很多我胃口，基建给的成就感和满足感很足（虽然毕业都是抄的攻略）。地图画质和角色精细度算得上是顶尖的了。而且是我比较喜欢的风格。总体看下来就剧情比较构思（我一点没跳过全看完了）主要角色塑造都还行（阮,positive,0.7,,2026-07-19 06:45:47
48526254,4,2026-04-28,就是开局特别难玩，拉电线我觉得还好的，但我也清楚能劝退很多人，新手期太长了，然后就是不能改名字<br />除此之外就全是优点了，并且主打基建和探索也没必要在意角色强度，因此也不算氪，主线剧情我觉得能赶,positive,0.85,,2026-07-19 06:45:48
48560046,3,2026-05-01,PC段优化真好，手机端在画面和发热方面做了平衡，还不卡，挺难得的表现了。<br />战斗的手感还是不错的，虽然就是一直a穿插其它操作，但是运镜和音效很juicy，也不影响我专注于策略和走位时的操作。<,positive,0.85,,2026-07-19 06:45:50
48392006,4,2026-04-18,建模和立绘没得说，杠杠的，但是游戏里面还有很多东西是可以简化的，就比如说1.2后面更新的一键收取，刚开服的时候很多东西都要一个一个领，不能一键收取，很难受，现在好很多了。剧情方面，有时候剧情太长，为了,neutral,0.7,,2026-07-19 06:45:51
48418296,5,2026-04-20,肝氪度：<br />注：我是大小月卡档，截止4月21日包里有340原石（一颗没用），故不计算大月卡给的角色池抽数。<br />全角色差黎风，其中余烬三潜，汤汤一潜。武器差小狼和小庄的，其中伊冯和汤汤都,positive,0.7,,2026-07-19 06:45:53
48393468,5,2026-04-18,基建系统上头：拉传送带、建流水线、搞自动化，真能玩出种田般的成就感<br />· 箱庭地图精致：不堆大世界，场景小而密，跑图不累且手机不烫<br />· 四人同屏战斗爽：队友自动打、帮你捡东西，连携技,positive,0.7,,2026-07-19 06:45:54
48426371,4,2026-04-21,卡池:卡池就是没120不下池，然后武器主c抽专武，别的尽量用大月卡，这样体验就还不错，省了专门腾出给武器的抽，但对于全图鉴和氪佬这种模式不太友好<br />剧情:四号谷地通马桶除了伊冯和小红帽出现的时,positive,0.7,,2026-07-19 06:45:55
48461314,5,2026-04-23,两极分化很严重如果玩的惯蔚蓝档案的可以入坑，剧情党生电党好评！                  游戏优化总体来说非常好了，游玩时最好不开小窗。                            ,positive,0.7,,2026-07-19 06:45:57
48395916,5,2026-04-18,终末地体验分享<br />明日方舟的终末地关卡设计精巧，挑战性十足，同时又不失策略性。游戏中的角色设计和故事情节紧密相连，为玩家提供了一种沉浸式的体验。战斗系统平衡性好，玩家可以根据不同的关卡需求搭配,positive,0.9,,2026-07-19 06:45:58
48392957,5,2026-04-18,风景太美了，现代国风建筑美学的典范。本作角色相对于前两个世代的大世界手游代表里的角色更像是活的，她们会跟随你一起探索战斗，发现地图上的小细节时会说话提醒你。平时日常各个角色们也会有自己的生活轨迹，你在,positive,0.9,,2026-07-19 06:45:59
48394650,5,2026-04-18,这次更新夯爆了，简直没得比，太震撼了，感染力很强，剧情很好，打击感很强烈，武陵城团结一致的感觉很振奋[表情_加油][表情_加油][表情_加油][心动小镇_点赞][心动小镇_点赞][心动小镇_点赞][表,positive,0.9,,2026-07-19 06:46:01
48561862,3,2026-05-01,本人零氪，主要是前期我想开了挂一样，40抽莱万丁就四命了，想氪都不让氪，后期就被制裁了非了很多，剧情一次性，我感觉分线也可以延展一下，现在已经在吃草了，一上线除了基建换东西，当快递员，刷点材料，去舰上,neutral,0.7,,2026-07-19 06:46:02
48398024,2,2026-04-18,退了一段时间了，汤汤退坑，当时肝度第一梯队，除了角色养成外你能想到的全肝满了。给想入坑的但是看不懂终末地卡池的玩家总结几句大白话作为参考，适合稍微玩过二游的玩家：<br />现在《光头强》当期up，你,negative,0.85,,2026-07-19 06:46:04
48478904,4,2026-04-25,缺点：剧情叙述问题，剧情过于谜语人，前期剧情太差，肝度过高，学习成本过高<br />优点：美术很好，目前剧情做得不错，角色动作做得好，打击感足，极限闪避触发比之前要舒服的多<br />（主观评价，不喜,positive,0.7,,2026-07-19 06:46:05
48472546,5,2026-04-24,好玩，略肝，前期剧情有点差，但后面好起来了。美术和箱庭设计没得说，特别好。基建比较挑人，前期还在急头白脸自己建，后期基本直接抄蓝图，但也不影响整体游戏体验，开服一些操作槽点也改的差不多了，五星好评鼓励,positive,0.85,,2026-07-19 06:46:07
48676094,5,2026-05-14,开局开拓地图的时候可能会有点肝，但是之后随后任务的慢慢推进会慢慢的，变得轻松一点。再加上B服各位大佬的蓝图。那就刚好，减少了前期开荒了很大压力。<br />💰肝氪度：<br />需要氪的程度一般般，但,positive,0.8,,2026-07-19 06:46:08
48520314,5,2026-04-28,终末地算是我玩过的真的比较好玩的游戏，有一点就是，感觉所有人不管因为什么，都是在‘利用’管理员。<br />不知道是游戏问题还是剧情问题（咳<br />建模和一些小巧思都设计的很好，包括别的玩法。我觉,positive,0.85,,2026-07-19 06:46:09
48546935,5,2026-04-30,鹰角游戏不一定有你喜欢的，但福利你就放心吧，这个游戏我喜欢，但我给个建议就是如果不喜欢基建玩法的我的建议是不要入坑，不要入坑，不要入坑，因为这个游戏有比较重要的环节都是基建，所以如果不喜欢基建的就不要,positive,0.8,,2026-07-19 06:46:10
48679779,5,2026-05-15,游戏指引很明显，没有注意不到的情况，好好玩7天左右就能玩到后面剧情，比其他手游速度快多了，获取资源容易，基建和角色强度绑定，只要不是刻意的，基本都能打的过剧情boss。剧情方面很不错，符合预期，该有的,positive,0.85,,2026-07-19 06:46:12
48631387,4,2026-05-09,下载了异环，提示我设备配置低于最低，就来玩终末地了，500一抽比其他游戏的池子确实门槛高一点，小保底80抽和米池差不多，大保底120抽就人道多了，外加武器池的武库配额不占用抽角色的资源，武库配额还能在,positive,0.85,,2026-07-19 06:46:13
48418930,5,2026-04-20,武陵地区剧情是真的电影级镜头艺术，十分享受，剧情表现自然不尬，特效音效很牛，角色形象塑造饱满生动有个性。<br />基建有意思，玩懂之后很上头。<br />塔防还没体验过。<br />角色设计很有特色,positive,0.8,,2026-07-19 06:46:14
48476366,1,2026-04-24,游戏好玩，抽角色也很容易出。<br />好，为什么打差评呢？<br />因为我欧了……，只有角色池欧了……<br />杰哥我60发出了，结果武器我抽了60发……<br />洛希我一发十连出了，但是我的,negative,0.85,,2026-07-19 06:46:16
48501084,5,2026-04-26,玩了这么久打个五星吧，我个人很喜欢zmd，因为很有意思，四个人打怪，加上基建收菜算是莫名的爽感，刷基质也是几天就出来了，美术更不用说非常符合我胃口（日子老师美术一绝🥰），最喜欢用物理队打BOSS了，敌,positive,0.9,,2026-07-19 06:46:17
48648594,5,2026-05-11,我错怪终末地了，当初开服不该只玩半小时就不玩了。<br />在如今我又没什么值得可玩的游戏境地里，终末地又重新进入了我的视野，促使我选择重新进入这款游戏的原因，一个是看视频说终末地像本家一样没有强度焦,positive,0.85,,2026-07-19 06:46:18
48078210,3,2026-03-14,不叠甲拿图说话，带节奏的gun<br />目前氪了通行证和首充6元，其他没氪，3个主流队伍全有且均大毕业，全图鉴，全探索，剧情全做完（镀层已补）<br />1.福利和资源<br />角色养成资源少，以,neutral,0.6,,2026-07-19 06:46:20
48041906,1,2026-03-10,没有暴雪的命得了暴雪的病，晚期“文青病”患者鹰角的集大成的傲慢之作，地图设计与游戏系统的左右脑互搏之作。<br />当时玩完以后越想越气，然后写了篇文案想出视频，结果写力竭了，就直接复制粘贴了，没有润,negative,0.9,,2026-07-19 06:46:21
47976393,4,2026-03-01,首先我已经玩50小时左右，等级53，本人玩过很多二游，评论里可能会和其他游戏比较，请见谅<br />我第一次见这个游戏是鸣潮出来半年后，当时这个游戏还没上线，因为是明日方舟这个IP，我就比较关注，申请,positive,0.7,,2026-07-19 06:46:22
48101738,2,2026-03-17,0.PC端游玩，所以这里不会显示游玩时间。主线已经做完，支线大部分做完。优点、剧情（剧情基本跳过看简介小字）、抽卡、干员先不说，这里只说个人感觉需要优化的部分。<br />1.加强哨戒塔对大世界上普通,neutral,0.6,,2026-07-19 06:46:24
48327720,5,2026-04-11,客观评价<br />优点：1、对零氪玩家比较友好，福利也还可以<br />2、建模确实能吊打现在的一众二游了，建模师nb，美工在线，审美偶尔下线（指小庄的大葱裤<br />3、内存优化不错，就是有点耗,positive,0.7,,2026-07-19 06:46:25
47866425,2,2026-02-18,1.氪金程度：重氪程度在抽卡游戏里数一数二<br />6万玉一个保底，卡池不继承<br />因为不继承，所以零氪玩家需要很久才能点击抽卡界面抽一个角色。否则没攒够120抽，下一个卡池更新之后，进度全部,negative,0.95,,2026-07-19 06:46:26
47550122,2,2026-01-22,之前下载了手机端的，发热很严重，搞得电池电量显示异常，就卸载了，然后手机再也没出现过类似的问题，这次看到出了云游戏，果断下载一个，结果就是手机端的画质，画质感觉很一般，很糊，跟pc的完全比不了，除了安,negative,0.9,,2026-07-19 06:46:27
47535412,1,2026-01-22,1.4<br />还是忘不了你那破解密，跑来跑去点亮破点位。<br />又2小保底全歪吃大保底，能连续给我2卡缪也是厉害了，不夸张地说，我就抽了3个up，全120大保底，武器更不用说，全保底，没错卡池,negative,0.9,,2026-07-19 06:46:29
47883554,4,2026-02-20,2026.5.29<br />挑人，看你对基建玩法的接受度，不接受就不要玩<br />然后是长草，非常长草<br />地图这块很可以，基本挑不出毛病，探索奖励这方面买那个探测器扫一下挺快的，正常探索能,positive,0.7,,2026-07-19 06:46:30
47631356,5,2026-01-28,三测玩家，无他，纯是喜欢这套玩法。主玩PC端，自动端基本收菜用。目前是大小月卡+性价比礼包，基建全毕业，角色刚开始练。我不建议体感不舒服的玩家继续玩，如果这个游戏没有让你感受到眼前一亮或者特别的爽点，,positive,0.85,,2026-07-19 06:46:31
47748760,1,2026-02-07,说实话没什么玩下去的动力，从头歪到尾卡池还刷新越到后面限定越少，到现在就一个限定还是开服福利多保底出的，武器也是保底，所以真的没有玩下去的动力了，一直在歪和前作相比明日方舟比终末地好很多，本来是冲着工,negative,0.95,,2026-07-19 06:46:33
48220857,5,2026-04-01,开局就是能把你搞得跟井中之蛙一样，非常封闭，科技封锁科技点也锁，物资生产很多都手动，直到我把主线推到矿场那才开始感受到基建快乐，还有物资爆满的满足感，现在还是主线太能跑，支线还有一堆，做起来太麻烦，还,neutral,0.6,,2026-07-19 06:46:34
48159579,5,2026-03-25,我说洁哥很可爱，给个6星不过分吧。[表情_流口水][表情_流口水][表情_流口水]<br />▽○▽ ✡<br />太好玩了，爆率太高了，每次限定送的10抽就出了。工业设计也非常适合对于基建系统感兴趣,positive,0.85,,2026-07-19 06:46:35
48350643,4,2026-04-13,作为一个学生党，这个游戏是十分枯燥乏味的，开局直接一堆无意义剧情，如同一坨大的，然后好不容易打完三大BOSS，来到武陵，欣赏了一下，又去清波寨转了一圈，直接剧情结束，最想吐槽的就是那个破基建，搭一天结,positive,0.85,,2026-07-19 06:46:37
47856916,2,2026-02-17,开服到现在～只在PC玩，手机玩不太惯，拿手机收菜的时候感觉优化还是很好的。体感如下～<br />1.如果不是基建爱好者，或者抄蓝图都很费劲的话，快跑，不适合玩这个游戏…就算抽到满命up和专武，完全不会,negative,0.85,,2026-07-19 06:46:38
47923211,3,2026-02-24,玩了一个多月，月卡还在续，每天也接着清日常下线。<br />综合评价是“恨铁不成钢”，细节上就从我个人的看重程度依次评价吧（可能有轻度剧透）<br />🎮可玩性和玩法设计，差强人意<br />从普通战,negative,0.85,,2026-07-19 06:46:39
47898827,3,2026-02-21,小毛病特别多但基本上问卷里自己都提过了我没啥想补充的<br />____________________________________________________________<br />大致,neutral,0.7,,2026-07-19 06:46:41
47966253,2,2026-02-28,先说结论：在其他大世界同类竞品上线前的一般向代餐（说开放不开放说箱庭不箱庭，不好评价，只能说大世界，算是叠甲了，我已经算是比较中肯了，毕竟不想被冲），适合游戏荒又时间较多的人尝尝咸淡，保鲜期大概68小,negative,0.9,,2026-07-19 06:46:42
47892267,4,2026-02-21,先说个人意见，好玩爱玩。<br />开服就开始玩的，本人上班族，氪了一个通行证和一个首充。挺爱玩的，我觉得玩游戏就是为了开心的，在我心里什么游戏都一样，我也搞不懂什么箱庭大世界的游戏区分，游戏就是游戏,positive,0.85,,2026-07-19 06:46:43
47883248,2,2026-02-20,设计师过于有表达欲望了，沉浸在自己的艺术里不知天地为何物，充满了各种小巧思。<br />1.抽卡，卡池不继承，500一抽的高额投入，120抽的保底，欧的人没资源抽武器还是要捏着鼻子继续抽角色来攒材料，,negative,0.95,,2026-07-19 06:46:45
47925516,4,2026-02-24,看了十来分钟评论，大概做了下统计，并根据自己的情况做了下评价，我以自身客观情况并假设所有人都玩过游戏为基础做综合评价，仅供参考。<br />一、卡池：<br />1、角色池<br />①个人认可。部分,positive,0.7,,2026-07-19 06:46:46
47889397,3,2026-02-20,眨眼间走出校园上班已经好几年了，这期间基本上没有再从开服玩过二游，不过终末地这次夸张的宣发还是成功让我在22号在pc上下载了游戏并让我体验了一个月。<br />除开开山鼻祖原神以外再没碰过别的3d二次,neutral,0.6,,2026-07-19 06:46:47
48083352,4,2026-03-15,今天刚打完武陵，到了50级，闲来无事来写个评论（其实对会还要去拉电线）<br />2026年3月15日更新，对现版本的剧情评价请跳转到第11条，当然如果想看完也感谢赏脸看我这个萌新的个人见解，依旧叠甲,positive,0.7,,2026-07-19 06:46:49
47864749,2,2026-02-18,目前55级小评一嘴：<br />💃🏻立绘建模：<br />给到夯，人物精美没得说<br />🌃画面音乐：<br />给到夯，初入武陵十分震撼，音乐很合适，有明日方舟世界观铺垫，一切都很合适不突兀<br,negative,0.85,,2026-07-19 06:46:50
48054694,4,2026-03-12,[不足之处]目前的陪伴任务大都有些太清汤了，我看的第一眼就知道接下来会干什么（除了伊冯的故事[热]）[角色人物]建模精致，各类型的角色都有，十分喜欢。档案故事都很有特色（很多短故事资料也很有意思）<b,positive,0.7,,2026-07-19 06:46:52
47964459,4,2026-02-28,(这个评论是关于性能方面的评论，应该对选购手机和帮助yj搞性能优化有一些帮助。)(说句实在话，我这才1500多字，相对于各种大神的万字长评来说不值一提）（下一段是全写完了之后才加的……）yj大人，我不,neutral,0.6,,2026-07-19 06:46:53
47967793,3,2026-02-28,非常抱歉，抱歉，抱歉，抱歉，抱歉，对不起，对不起，对不起，对不起，拉分了。<br />美术满分，建模满分，优化满分，音乐不错，基建玩法尚可，地图设计尚可，主线剧情内容普通，战斗体验普通，养成体验一般，,negative,0.85,,2026-07-19 06:46:54
47860758,1,2026-02-17,给新手一个建议，首先大世界探索差，自由度低，养成难度大，体力依赖账号等级。<br />1😌😌抽卡昂贵，500玉石抽一次，十连抽5000玉石，任务阴间繁多、且奖励稀少，小保底120抽出两个“顶级常驻6星,positive,0.65,,2026-07-19 06:46:56
47935421,2,2026-02-25,开服玩家，双号全图满探索，月卡，通行证等都充了，评价一下这个游戏，画面不错，配音可以，优化很好，基建玩法结合二游在这个圈子里是头一个，基建玩法做的也不错，好了，优点结束，下面全是缺点，本以为米池已经无,negative,0.85,,2026-07-19 06:46:57
47889558,2,2026-02-20,鹰角睁眼看看世界吧，2026年了还搞保底不继承啊，还搞宝箱探索啊，还搞连歪啊。以上没进步就算了，怎么还退回去了，没攀爬没游泳，传送点还稀疏，背包容量也是小的<br />先说没攀爬，搞个部分地形攀爬又不,negative,0.9,,2026-07-19 06:46:58
47935435,5,2026-02-25,我没有玩过鹰角的明日方舟，但是对于一个玩过minecraft众多科技包和Dyson的玩家，我玩这个游戏的工业部分时确实有很大的亲切感，开服第一天第二天几乎沉浸于基建。你的所有机器都是靠搭建工业系统免费,positive,0.85,,2026-07-19 06:47:00
47876757,4,2026-02-19,开服一个月了，断断续续地玩到主线结束，差不多可以记录一下主观评价了。<br />首先不得不夸的是画面确实精美，而且在iOS上支持光追，有时候都会觉得画面比PC上更好，而PC上可以体验更高的帧数和DLS,positive,0.7,,2026-07-19 06:47:02
47871424,2,2026-02-18,一图奉上，老资历算不上但对牢角家的游戏也是有一定体验时间了，观鸣潮评论区有感，浅浅谈论一下我对终末地的个人感受，尽量说写大白话，前理清后吐槽<br />福利方面：最关心的直抒胸臆，日常加周常一星期加起,neutral,0.6,,2026-07-19 06:47:03
47925824,3,2026-02-24,我不是yj小子，之前没玩过任何一款yj游戏。（zmd是在电脑上玩的，肝了4天吐了不玩了）（你觉得好玩就当我说的是笑话吧，毕竟每款游戏受众不同）<br />中肯来讲是一款比较特别的游戏。在别的游戏都在减,neutral,0.7,,2026-07-19 06:47:04
47898630,3,2026-02-21,叠甲：舟4年老登，终末地开服就搞了号结果因为没跑到填名字那里所以日期是放假那天，谷地钉子户赖到51级进的50所以已经玩过的不要问我为什么50才1级。不混社区，但终末地什么风评我都清楚，真有人来说我利刃,positive,0.7,,2026-07-19 06:47:06
48064143,4,2026-03-13,本人，开服全勤，电脑游玩时长超过100h，up角色武器全收集党。<br />💃🏻立绘建模5分：优秀，没有太多脸谱化，衣服用心设计看的出来，在二游市场算上等🐴<br />🧝🏻‍♀️角色人设3分：角色塑造,positive,0.85,,2026-07-19 06:47:07
47866900,3,2026-02-18,pc手机加起来40小时<br />终末地说不上是啥垃圾游戏，就是和本体一样劝退新手。但玩下去很容易越玩越上瘾。如果你只爱抽卡开图鉴，不爱养成，那没必要折磨自己了<br />游戏性   不错，就是挑人。,positive,0.7,,2026-07-19 06:47:09
47871014,4,2026-02-18,写个长评吧。<br />手游这东西，以我的观察来说，不够炸裂可能就算是优点了。<br />所以我就着重说说这游戏的缺点吧，毕竟值得让我好好说下缺点。<br />鹰角的优势是2d平面美术，连带场景美术，,negative,0.85,,2026-07-19 06:47:10
48060287,4,2026-03-12,回来改一下评价，这是我第一次玩二游。在退游一个多月后玩一点其他游戏，发现这个游戏还好，不至于那么低。<br />这个游戏优点是美术建模是真的不错。在剧情上就比较一般，不过人物塑造上有些时候写的也不错，,neutral,0.7,,2026-07-19 06:47:12
47930119,2,2026-02-25,首先附上我的账号和练度，证明自己是玩了一个多月深度体验的玩家，然后我会从各个角度纯主观的描述一下我的游戏体验。<br />1.美术建模<br />4分，无论是佩丽卡的黑丝，别礼的紧身胶衣，还是杰哥待机,positive,0.65,,2026-07-19 06:47:13
48059505,2,2026-03-12,只能说，期待多大失望就多大，作为一个建立在废墟和末日式背景的题材，不说设计这一块要多废土，我只求和方舟对标一下，这边打着明日方舟的前缀，其实实际和方舟毫无关系，可以说是收割了一大片博士的感情，，然后拉,negative,0.95,,2026-07-19 06:47:14
47985081,2,2026-03-02,目前玩过所有二游里面最累的了（仅代表个人观点）<br />美术:yj的美术这方面可以放心，武陵城的设计给人一种科幻国风的感觉，并且有些地方甚至可以在日常生活当中见到，画质等等也是顶尖的。<br />剧,negative,0.85,,2026-07-19 06:47:16
47943167,2,2026-02-26,美术和建模骑着所有人上班，赤到56级全肝完我也是神人，已退<br />剧情<br />个人看来一般，仁者见仁智者见智，没有夸点但也没有槽点<br />战斗<br />一坨，手感稀碎，大多数通过普攻到最,negative,0.9,,2026-07-19 06:47:17
47860045,4,2026-02-17,我是1.22入坑的，简单的打了一开始的大boss，然后中间有段时间没空，闲置了一周，才正式开始玩这游戏的。当时，基建玩法已经有所优化且教程可以一键跳过，所以我的游玩体验还是挺好的。<br />游戏嘛，,neutral,0.6,,2026-07-19 06:47:18
48092922,5,2026-03-16,挺好的啊，多样性也挺好的，反正游戏多了有得选嘛，别看我，我就纯图好看来的，一直是电脑在玩，实话实说电脑就是感觉上比手机端好玩（我就图好看来的，当然是电脑玩豪玩啊），我其实对二游方方面面都没啥意见，我就,positive,0.8,,2026-07-19 06:47:20
47879836,4,2026-02-19,评论之前先叠个甲。以免狂犬出没或者友军误伤。<br />首先如图。我是自己游玩了至少100个小时吧。谷地和武陵都玩过了。基建也是完全没有抄任何作业。凭自己的理解和规划一点点建起来的。算是比较认真了。不,positive,0.7,,2026-07-19 06:47:21
47937480,1,2026-02-25,本人端游玩家，对终末地十分失望，评价如下：<br />战斗：过于强调排轴队伍搭配，几乎是以强硬的方式逼你去拉你这个配队的另外一个角色，战斗从头到尾只有23AAAAAAE1，闪避百分百负收益只会拉长你的,negative,0.95,,2026-07-19 06:47:22
48101219,4,2026-03-17,中规中矩，勉强能凑成御三家和其它两家拜拜手腕。<br />既然同为二次元3d逃不开对比也就不怕对比，在我看来有和其它两家扳手腕的本事。简单说说和其它两家的对比吧。<br />美术：角色设计跟其它两家差,positive,0.7,,2026-07-19 06:47:24
47948099,2,2026-02-26,抽卡死贵，玩法乍一看还行，能活过前三天，但是后面越玩越屎。<br />刚上手的时候大世界扫图、拉产线、拉电线还是可以玩一玩的，一旦进入长草期，就只剩下贫瘠的剧情，又臭又长的探索和糟糕的战斗手感了。<b,negative,0.95,,2026-07-19 06:47:25
48106980,4,2026-03-18,【优点】建模、美术、音乐。场景很写实，我四年前3060的天选三也能跑高画质。在公测之前我还以为那个推上的雨水特效小视频和我的配置无缘了，玩到的时候还是有点小惊喜的。<br />基建刚开始感觉有点枯燥，,neutral,0.7,,2026-07-19 06:47:27
47962080,4,2026-02-28,美术组真强吧 玩这游戏纯被立绘和建模吸引过来的<br />电脑上面玩了六天 主线推完地图开完现在50级<br />因为我习惯不开自动锁定所以不知道你们说的这玩意有多恶心<br />肝是真的肝 跑图 基,positive,0.7,,2026-07-19 06:47:28
47928572,3,2026-02-24,两个游戏都版本更新了，就来更新一下抽卡体验吧，方舟因为我是全勤且每个版本都会氪礼包的原因，抽卡资源已经溢出了，所以没什么可说的，但买皮肤时忘了用上次礼包的两张皮肤兑换券了😂<br />终末地仅就我个人,positive,0.7,,2026-07-19 06:47:30
47860028,4,2026-02-17,终末地玩了两周了简单report一下（并非简单（其实已经三四周了但是这段内容是两周开始写的<br />先说结论：总体好评，有独特的玩法，美术优秀，体量庞大，质量上乘，非常耐玩<br />----以下是,positive,0.8,,2026-07-19 06:47:31
47985157,1,2026-03-02,以下内容仅为个人观点，如果你杠就是你对。<br />我也是在开服当天就开始高强度游玩，现在也是把主线打完了，应该有资格谈一谈我的看法吧。<br />🌃画面音乐：<br />终末地的画面建模确实是一流的,negative,0.85,,2026-07-19 06:47:33
48051720,2,2026-03-11,更新：因为在pc体验所以没来这边看，没有回复不好意思。1.1版本游戏剧情优化了很多，评论区说的没错，之前太主观了，这游戏在目前二游市场中属于特点很突出的，还是很值得一玩的。<br />之前的评论留档给,positive,0.7,,2026-07-19 06:47:34
47856687,5,2026-02-17,有趣就够了。玩法深度可以，比市面上的二游好。如果你受不了基建，那剩下的跟原神鸣潮也差不多。接下来也主要是对比其他二游。<br />美术方面，可能见仁见智，我觉得很好看，我就是觉得终末地绝区零这种风格或,positive,0.85,,2026-07-19 06:47:36
47928099,2,2026-02-24,刚卸载，因为连着三个卡池+武器大保底，受不了了。<br />我是前作明日方舟的老玩家，因为前作的信任玩的终末地，看到骏卫莱万汀和艾尔黛拉本来挺高兴的，但是常驻池保底出了一个黎风，骏卫是送的，莱万汀、杰,negative,0.95,,2026-07-19 06:47:37
47881245,4,2026-02-20,因为很喜欢塔防游戏，玩过一阵明日方舟，可入坑太晚加上PPT对话玩的很累就卸了，但整体体验还是不错的，所以后来就有关注到终末地，看到一些测试内容也很感兴趣，在公测第一天就体验了，为了能给到更全面的评价，,positive,0.7,,2026-07-19 06:47:39
47853293,2,2026-02-16,对于这个游戏我自认为有点发言权的，其实几天前就想写个小作文了…（下面可能想到哪里写到哪了）先展示战力：目前全成就能解锁镀层的都有，全档案都有（后面长草期实在找不到看攻略），两个地图目前也是全收集（和档,negative,0.85,,2026-07-19 06:47:40
47923207,2,2026-02-24,终末地评价：<br />1、战斗玩法：2⭐️，底层逻辑并不好，类似元素反应可没有元素反应的抑制膨胀的效果，本质是直伤战斗，我总感觉像是拙劣的模仿。操作性几乎没有，技力条使战斗有些许操作，但是并没有开发,negative,0.95,,2026-07-19 06:47:42
48176074,4,2026-03-27,2026.6.5<br />OK啊，也是二十发出现up了，不错不错，也是苦尽甘来了，虽然庄方宜武器保底了，但也行，还有部分优化，挺好<br />2026.5.8<br />嘻嘻，余烬四命了，老实了，大,positive,0.6,,2026-07-19 06:47:43
48195832,4,2026-03-29,实话说我五连歪，50％的概率不知道给谁看的<br />又歪了一次，从开服到现在已经是六连歪了，就没有一次提前出up。<br />但是我仍然觉得这游戏还算可以，虽然四号谷地是牢中牢，但不影响武陵的魅力。,positive,0.75,,2026-07-19 06:47:44
48383518,4,2026-04-17,爽了爽了，这次剧情不错，算是有两个大小高潮，看到阿达希尔那边回b站上找了一个帕夏和基石的意思，基石没找到，因该是扶笔。聂菲斯那段修理天师桩比较好，有一点紧张感，战斗不怎么难。剧情上我对陈千语那段更期待,positive,0.85,,2026-07-19 06:47:46
48387009,5,2026-04-17,从刚开服开始玩，感觉很新鲜，没玩过这类基建开放游戏。<br />所以一开始就沉迷基建，没怎么看攻略，纯手搓。<br />很开心，搭滑索，拉电线，种地，研究产线。<br />嘿嘿，经常研究怎么压缩产线，,positive,0.9,,2026-07-19 06:47:47
48388239,5,2026-04-17,赞明日方舟终末地武陵地图<br />终末地武陵地图堪称惊艳！其以现实武陵山脉为灵感，构建出纵横交错的立体迷宫。分层设计精妙绝伦，玩家需攀爬楼宇、穿梭裂隙，探索中暗藏宝箱与机关，每一次转角都有惊喜。金色,positive,0.95,,2026-07-19 06:47:49
48120100,4,2026-03-20,目前萌新入坑评价<br />我看到了好久不玩网游了，这游戏还行啊，玩过了戴森球，腐烂国度，塞尔达等一众大作之后，这网游也很上头，甚至比一下垃圾模拟经营游戏好多了<br />缺点；<br />1.本质抽,positive,0.85,,2026-07-19 06:47:50
48292747,3,2026-04-07,一句话总结，爱玩的会很爱玩，我这种爱赤石的也爱玩。但是鄙人上班懒得上线，所以润啦。<br />💃🏻立绘建模：<br />好看的，就是服设烂。<br />🧝🏻‍♀️角色人设：<br />没那么立体，虽然,negative,0.85,,2026-07-19 06:47:51
48356600,5,2026-04-14,当小庄走出画卷尘封的回忆十年，当《焚蝶》恰如其分地缓缓响起，当梨花枝间的春意携着日光恣意撒在武陵城上，我知道，那种感觉回来了，那种儿时看完一个好故事后同时夹杂了圆满与落寞的感觉回来了<br />十年能,positive,0.9,,2026-07-19 06:47:52
48384803,5,2026-04-17,实话说对于普通玩家其实挺好玩的工业玩法挺新奇的<br />就是现在对我来说体力是比较少但是最近送非常多<br />对于不喜欢工业有蓝图抄作业就完了资源点也可以直接拿了不用跑地图 就是不习惯用滑索我还得,positive,0.7,,2026-07-19 06:47:54
48386510,5,2026-04-17,《明日方舟：终末地》画面表现十分出众，作为IP首款3D作品，建模精细、光影质感细腻，场景氛围感拉满，工业废土与国风地貌层次丰富，角色细节、特效渲染流畅高级，整体美术质感上乘，视觉体验极佳 。<br /,positive,0.95,,2026-07-19 06:47:55
48383443,5,2026-04-17,💃🏻立绘建模：真的非常非常的精细，细节非常的好，处理的很细致，人物的一举一动都非常的自然，衔接的很自然流畅；面部表情非常的丰富，惟妙惟肖；衣服褶皱处理的很好，没有穿模的问题。<br />🧝🏻‍♀️角色,positive,0.95,,2026-07-19 06:47:57
48306659,5,2026-04-09,💃🏻立绘建模：<br />建模精细尤其是雨天角色身上衣服材质的水痕清晰可见，这点比较美味<br />🧝🏻‍♀️角色人设：<br />与明日方舟剧情背景在一个世界观下，终末地有再旅者这个设定拥有与明日方,positive,0.85,,2026-07-19 06:47:58
48134166,5,2026-03-21,一丢丢肝吧对于我比较佛系的来说我挺喜欢这个游戏的，就是运气不好，歪的次数多。人物建模都挺好看的和其他二游角色区分明显，有自己的风格，加一点基建我觉得是我最喜欢的一点，没事干的时候搞搞这个也不会说无聊而,positive,0.85,,2026-07-19 06:47:59
48210730,2,2026-03-31,"可玩性：养成体验人上人，基建体验普通<br />画面音乐：谷地npc,武陵夯。总体人上人。<br />运营服务：拉完了。<br />剧情体验：初中毕业了吗？<br />抽卡体验：粪<br />立绘建模",negative,0.85,,2026-07-19 06:48:01
48384962,5,2026-04-17,挺顺利的，我很喜欢终末地的玩法和一些其他地方，福利啥的已经很多了，但还是想要多点[表情_微笑]，我自己已经养完物理，火，冰队了觉得很有意思，很喜欢养主角的感觉，过完剧情接下来养庄的电队了，第一发十连直,positive,0.9,,2026-07-19 06:48:02
48156291,3,2026-03-24,大小月卡全勤，因为浪费了一些体力药，现在是58级末。<br />我的总结就是这游戏挑人。不玩玩不知道合不合适的。<br />建模5分。而且优化好。看宣传大概能看出个一二。实际体验会更劲。当然……也有人,neutral,0.7,,2026-07-19 06:48:04
48156755,4,2026-03-24,终末地好玩吗？好玩。垃圾吗？垃圾。<br />剧情方面:<br />谷地的剧情我认为还行，管理员复活下来帮忙没问题。1.1剧情什么玩意，阿达希尔那段没问题在埋坑，武陵和清波寨的冲突写的更小孩吵架一样，,positive,0.65,,2026-07-19 06:48:05
48385671,5,2026-04-17,这次剧情总体做的挺不错的，美术和音乐都挺强的。聂菲斯与管理员的较量终于结束，剧情里阿达希尔和管理员的对话也涉及到了很多明日方舟的世界观，建议可以去搜搜一些名词的设定。不过就是这该死的卡池有点受不了……,positive,0.7,,2026-07-19 06:48:06
48198211,1,2026-03-29,59级马上60级了，活动也全都玩了，养的火队物理队，发表一下看法吧：<br />画面：没问题，可以的，喜欢风景的只要能过到武陵不会失望<br />战斗：花里胡哨，操作体验凭心而论不咋地<br />养成,positive,0.65,,2026-07-19 06:48:08
48384978,5,2026-04-17,角色建模是无可挑剔的，人设也很符合鹰角的风格，相比于我退坑的原神（6年），终末地显然更适合我，像科技，养成，练度，剧情。在交互和探索中，我也能体验到角色的心情（特殊跑步姿势，走路姿势）。练度方面，至少,positive,0.9,,2026-07-19 06:48:09
48109597,4,2026-03-18,🧝🏻‍♀️角色人设：纯属为了骏卫玩下去的，顺便等一等庄方宜落地<br />💃🏻立绘建模：很好，骏卫和庄方宜已经把我迷的七荤八素了<br />🎮可玩性：说了好的现在吐槽一波<br />四号谷地简直就是坐,positive,0.7,,2026-07-19 06:48:10
48389423,4,2026-04-17,可以玩啊，可以，这资源给的感觉很多，但实际上很少，但是策划一直在展现自己的慷慨。我相信终有1天他会明白，这个玩法如果不慷慨的话，他根本留不下玩家，不用非得要做基建，只要做点儿炸药，还有一些必备的东西就,positive,0.7,,2026-07-19 06:48:12
48324102,4,2026-04-10,复刻卡池规则出了，依旧30+10，60+10，120抽不囤保底额外送自选，池子4随1，两常驻两up，但60抽给的是10普池票，对新入坑的人还算好。<br />预测评论：“卡池跟在牢庄池后面明显是逼氪啊,positive,0.85,,2026-07-19 06:48:13
48164265,5,2026-03-25,💃🏻立绘建模：立绘没什么存在感，画风非常统一啊，很精致，建模还是没法完全展现立绘那种精度，比较可惜。<br />🧝🏻‍♀️角色人设：印象深刻的很多，塑造没什么问题，但令我彻底爱上的一个都没有啊……<b,positive,0.85,,2026-07-19 06:48:14
48385385,5,2026-04-17,第一次接触这种大世界风格箱庭世界游戏，之前只玩明日方舟，算是IP吸引过去的。人物建模很精细，小动作cg特别多，特别有意思。剧情这块我读不进去，集成工业特别喜欢抄UP的在自己魔改魔改。管理员人设我很喜欢,positive,0.85,,2026-07-19 06:48:16
48388260,5,2026-04-17,还不错了，对比那种一个观念贯彻到头，正反派分明，主角不是弱鸡，就是龙傲天的常规二次元游戏，这个剧情算是比较新颖的了，并且多方势力有多方立场，没有明确正反派之分的这种剧情我还是挺吃的。<br />玩法也,positive,0.85,,2026-07-19 06:48:17
48192451,5,2026-03-28,开局送的福利挺多的，建模画面是我喜欢的写实风，风景顶尖。给我的体验很好，也能沉浸剧情。主要玩法还有工业制造，很新鲜的玩法，我觉得没网上说的不好什么的，介绍教程很清楚，是个人都能懂，到后期也有蓝图。这种,positive,0.9,,2026-07-19 06:48:18
48231539,5,2026-04-02,愿意体验的话还是很好的，没有强度焦虑（我玩过朋友的号，火队冰队电队物理队给我的感觉都很好，各有各的缺点和优势），说抽卡资源少我也不觉得啊，光是up池我就抽了360（不包括加急招募），要说完美也不全是，,positive,0.7,,2026-07-19 06:48:19
48383465,5,2026-04-17,人物设计满分，建模满分，场景满分，故事满分，可玩性满分，支线满分，战斗手感满分。每个版本的活动，抽卡资源相较其他二游略少，抽卡每10抽所需资源又相较多很多，所以就会很有抽卡压力，但抽卡可以歪到上期角色,positive,0.85,,2026-07-19 06:48:21
48315820,3,2026-04-10,终末地的战斗系统是我觉得最好玩的，要考虑技能的释放顺序，技能的释放时机，连携技的触发顺序，连携的释放时机，技力回复等等，让战斗变得更有深度，当然也更复杂，上手有难度。现在每天就在研究怎么搭配，挖掘各种,positive,0.85,,2026-07-19 06:48:22
48384663,4,2026-04-17,肉眼可见的剧情动画做的越来越细致了，动画越来越好了，感觉重力井介入了，卡池依旧很牢，这回庄方仪又保底了，依旧微氪，现在怪物数值也比较合理，但是福利这一块还有待优化，希望能出现像明日方舟一样，能够搓玉就,positive,0.7,,2026-07-19 06:48:23
48386308,5,2026-04-17,我个人感觉蛮不错的，但是抽卡资源需要合理安排，不然就会像我一样，狼妹保底还差36抽结果卡池过了，角色建模很不错，福利也不错，场景细节都很到位，剧情我也超级喜欢，总结来说还是蛮不错的，就是有点吃配置，好,positive,0.85,,2026-07-19 06:48:24
48388461,5,2026-04-17,这个游戏没有大家说的那么差，官方也很听劝有很多福利，对我这种比较懒的看剧情纯探索世界的来说真的很友好，剧情都可以跳过的感觉就很爽，而且出金概率很高，如果当期版本没有抽到喜欢的下期版本还可以歪出来，武器,positive,0.7,,2026-07-19 06:48:26
48380456,3,2026-04-17,1.流水线的玩法其实也还好，就是太肝了。主要是有些重要资源没必要强加出来，就比如说武陵的装备制造就分出了两个原件，个人觉得无论是武陵还是4号谷地，甚至于以后要出的大版本地图，最多每个特色地图弄一种原件,neutral,0.7,,2026-07-19 06:48:27
48341947,3,2026-04-12,1. 这次更新的核心是武陵地区故事线的推向高潮。<br />1.2版本正式结束了武陵篇的章节，最受好评的是最后的巨型Boss战，不仅体型是目前版本之最，战斗中的转场演出和配合工业基建的机制感非常足<b,positive,0.85,,2026-07-19 06:48:28
48386417,5,2026-04-17,从明日方舟本游转到终末地的老玩家。<br />我对鹰角的美术文案故事一直很有信心。<br />终末地建模，有自己独特的技术，没有其他二有那么僵硬。<br />美术风格继承于前作的硬核工业风，我嘴笨，不,positive,0.85,,2026-07-19 06:48:30
48128781,2,2026-03-21,剧情其实我觉得还行，没那么不堪。而且众所周知，改剧情是最简单的，很多游戏都改过剧情，甚至推翻一大部分重写。当然很明显终末地没改就是了。<br />建模其实没的说，确实很强，玩的时候体验也不错。<br ,neutral,0.7,,2026-07-19 06:48:31
48221761,3,2026-04-01,客观来评价，这游戏可玩性很好，感觉很有潜力，在二游中属于玩法独一无二的。当然前提是你得喜欢基建玩法和系统，角色建模好看（都是亚人），战斗系统一般，场景美术看着很舒服<br />两颗星扣在抽卡机制，小保,positive,0.7,,2026-07-19 06:48:32
48175021,4,2026-03-26,《明日方舟终末地》这款游戏真的不错不错！玩法上有创新，战斗策略丰富，能让玩家沉浸思考排兵布阵。画面品质高，角色立绘精美，场景细节到位。剧情也很有深度，世界观宏大。不过它也有些小瑕疵，比如服务器偶尔不太,positive,0.85,,2026-07-19 06:48:33
48266631,3,2026-04-05,只能给到三星，感觉差评都大差不差，和我想说的差不多，值得表扬的有两点，一是至少套了个基建的壳子（这基建到底什么水平我不评价）不再是高度类原神，第二就是美术还行。<br />缺点我就懒得喷多了，剧情音乐,negative,0.85,,2026-07-19 06:48:35
48242713,3,2026-04-03,叠个甲:纯主观评价，如果跟我意见不一样，以你为主，理性讨论。<br />游戏是个好游戏，但我不推荐别人玩。首先卡池问题大家都知道。游戏主体箱庭游戏+开放大世界。剧情拉完了，建模就不多说了。基建是小众玩,negative,0.7,,2026-07-19 06:48:36
48238863,3,2026-04-03,提出一点建议<br />1   谷地调度卷兑换出一些有用的，比如精锻卷，双倍卷。都已经溢出了没什么能换的的了。（药剂用不上，礼物都满好感了也用不上，探测器也没用）<br />2   干员好感满了礼物居,negative,0.85,,2026-07-19 06:48:37
48385299,5,2026-04-17,开局很顺利，然后给的东西很多玩法也很多样，并且呢它的刻度还有福利都挺适中的，非常喜欢。然后对于我来说呢，这个游戏最吸引我的其实是他的独特的玩法，他装备的制作，还有工业系统是非常令人喜欢的，然后他一系列,positive,0.9,,2026-07-19 06:48:39
48119030,4,2026-03-20,玩了这么久都在pc上玩的，就算你不花一分钱也可以玩好。<br />创新还是很多的，箱庭式地图让人感到没那么累，玩法还是多种多样。<br />该优化的建议:材料和猫头鹰那里应该弄个一键收取。<br />,positive,0.7,,2026-07-19 06:48:40
48147998,4,2026-03-23,游戏还是挺有意思的，但是玩了两个月了，新鲜感就没了。现在我也没心情想着去改进啥流水线了。你们可能会说为什么我不直接搬别人的蓝图，我只能说玩游戏还是得靠自己。每天做个日常就下了，两天采一次材料。我虽然也,neutral,0.6,,2026-07-19 06:48:41
48383200,5,2026-04-17,明日方舟终末地评价<br />声明我是一个战斗xp基建党（基本不看剧情）<br />缺点<br />1.前期剧情又臭又长<br />2.游戏可玩性基本在于基建，探索（但探索内容不丰富）<br />3.,positive,0.7,,2026-07-19 06:48:43
48135402,4,2026-03-21,简单玩了一下 先说一下优点 中等配置玩起来还可以 优化算不错了 新人福利和大部分二游比也可以了 前期配队好养 工业系统做的挺有意思的 缺点就是太麻烦 各种电线交织没点耐心真玩不下去 跑图方式太单一 就,positive,0.7,,2026-07-19 06:48:44
48383719,5,2026-04-17,非常的好玩，我个人是极力推荐的，作为一个资深二游UP，有自己独特的玩法，也有独特的剧情，个人已玩170个小时加，在角色适用性和强度方面，终末地表现得很好，每一个角色都有自己独特的作用，不存在说up 1,positive,0.9,,2026-07-19 06:48:45
48385942,5,2026-04-17,感觉剧情和战斗体验都挺不错但我主要是喜欢基建玩法，把基建和二游组合是一个很大胆的做法。<br />总的来说可以把剧情当动画看，主玩基建也是可以的，就是长草期有点长，但是对于我这种玩的游戏多的就刚刚好，,positive,0.85,,2026-07-19 06:48:47
48388535,5,2026-04-17,纯萌新，没玩过前作，《终末地》玩下来感觉还不错。<br />基建搭工厂挺有意思的，看着传送带运矿石、生产线自己出物资，安安静静规划布局的过程很舒服，手残也能直接抄蓝图。即时小队战斗不算无脑，得琢磨角色,positive,0.85,,2026-07-19 06:48:48
48212468,4,2026-03-31,优点：画面建模都很好看，武陵地图景色设计得很不错。<br />没有强度焦虑，xp抽卡。<br />缺点：福利一般，1.1版本除去送和和兑换的限时抽以外只有60多抽的资源。<br />卡池大保底不继承，,positive,0.7,,2026-07-19 06:48:49
48245054,5,2026-04-03,我总的来说 ，如果你不追求强度 比如潜能之类的 。对平民来说还是很友好的 。好玩 ！！<br />福利方面 :你如果开服就在玩的话 拿到福利可以是很多的 ，当然 这是比较出来的 。<br />肝度:适,positive,0.7,,2026-07-19 06:48:51
48388984,5,2026-04-17,不知道说什么，但是抽到up角色给我弹了<br />个人比较喜欢集成工业系统，抄蓝图还是很方便的，再加上这次优化也很有效的解决了电力亏欠问题，个人最爱的一点优化<br />美术方面真的没法喷，场景光影也,positive,0.85,,2026-07-19 06:48:52
48305463,2,2026-04-09,评价为两颗星，一颗给风景美术，一颗给能吃得下去的自己。<br />说一下让我这种懒人也能玩下去的改法：<br />1.在地区派遣的基础上，增加每个地图的干员派遣，日常刷新时自动收取地图可采集材料，管理,negative,0.8,,2026-07-19 06:48:53
48258448,4,2026-04-04,首先声明下终末地是本人接触的第一个鹰角的游戏，偶然从朋友那了解到它基建的玩法就下了个来玩玩，虽然不是我以为像素工厂那样的玩法，但2个月玩下来个人感觉是还不错的，可能是因为开到欧号了，所以对游戏没啥怨气,positive,0.7,,2026-07-19 06:48:54
48165171,5,2026-03-25,如果说对于有些人来说，觉得这个游戏很好玩的话，那么这个人可能真的是热爱这个游戏，也可能是只是为了玩明日方舟的续作吧。但对于某些人来说的话，就比如说我，一般情况下玩一种新游戏的时候，除非是真的不好玩。或,positive,0.7,,2026-07-19 06:48:56
48387735,5,2026-04-17,本来看到要拉电线跑图我是不想玩的[表情_困]，但后面看到基建玩法和武陵的地图场景，我决定试一下[表情_流口水]，果然研究工业流水线真的很上头，解锁基建后满脑子都是如何让产量提升，如何让线路更合理。总体,positive,0.85,,2026-07-19 06:48:57
48373557,5,2026-04-16,开服玩到现在了，一天都没断过。<br />说一下我主要玩的玩法。<br />基建：这个我是拿蓝图＋一点自己设计的，主要目的就是搞票子，后面用来角色升级。<br />建模：说这个游戏建模不好的真的得好好,positive,0.85,,2026-07-19 06:48:58
48212671,4,2026-03-31,1.卡池问题，卡池大保底不继承，意思就是极端非酋的情况下，120抽才能出当期up，好处是会歪出前几期up。然后就是一个，没有限定一定要当期up才能过的高强度活动或周本，也就是说没有强度焦虑。<br /,positive,0.8,,2026-07-19 06:49:00
47553565,2,2026-01-22,力竭了，真的力竭了<br />下午玩到晚上，直到送的新手池40抽拿完，我依旧没玩懂这个游戏，当时蓝图功能出来用Capslock开启关闭的时候给我整笑了，到那一刻为止，我不知道这么多繁琐的功能与按键，需,negative,0.85,,2026-07-19 06:49:01
47552636,2,2026-01-22,tap说我玩了8.3个小时，那就当是8.3个小时吧。<br />到目前是十六级。<br />剧情——雪地谜语人，四号谷底纯废话。<br />探索——没有合理的认路任务，每次一跑八丈远，然后一个需求就又,negative,0.9,,2026-07-19 06:49:02
47686150,5,2026-02-02,1.美术我给4.5，和绝区零和崩铁，鸣潮的美术一个梯队但是个人觉得绝区零的美术略胜一筹，但是终末地有自己继承的明日方舟画风，有特色，不是抄袭，基本原创。<br />2.画面优化应该是我玩过的手机端能玩,positive,0.85,,2026-07-19 06:49:03
47699193,5,2026-02-03,我明日方舟近90级小登，没抢到三测资格，玩了两个周终末地现在五十级，说一下自己的观点<br />海外充值系统那些事只能看yj怎么解决了，毕竟真的很严重，痛失海外市场哈哈<br />其实终末地没有节奏里,positive,0.7,,2026-07-19 06:49:05
47553705,2,2026-01-22,首先，感谢 @凉皮 这位怨种朋友大早上打电话给我叫起来说终末地上线这事，让我从早上九点一直打到晚上十点去超级地球服役，我们都勉强可以算得上明日方舟老资历，但终末地糟糕的体验终究使我失去了对它的滤镜<b,negative,0.85,,2026-07-19 06:49:06
47834422,2,2026-02-14,这游戏在过去几年的二游里都显得很另类。一方面它优化很棒、角色建模和场景美术（武陵）一流；一方面基建、拉电线极度挑人、战斗无聊、养成体验极差、剧情若智、抽卡设计全是鹰角的小巧思非常恶心。<br />——,negative,0.85,,2026-07-19 06:49:08
47558162,3,2026-01-23,二编：抽空开新号重新体验了一下PC端，在时间充足的情况下体会出一番别样的乐趣。这次玩到了武陵，相信这次的评价也比最开始的时候更客观、全面一些。<br />_<br />首先，四号谷地的基建部分明显比武,positive,0.7,,2026-07-19 06:49:09
47551190,2,2026-01-22,😴这游戏犹如凉爽的夏夜，可供人无忧地安眠<br />——<br />首先，来讲讲这个游戏的最重要的玩法：基建（或者说流水线？）。这游戏很挑受众，基建的玩法并不是都能接受的，尤其是终末地的基建及其精细（,negative,0.85,,2026-07-19 06:49:11
47552856,2,2026-01-22,忍着困意艰难地打完了第一章，总体印象：<br />主角醒来是失忆的，同伴还是信任我的，世界是要靠我拯救的，而我却在田里拉电线，一根电线还只有80米。。。<br />关于剧情，前家明日方舟玩过一点但没有,negative,0.9,,2026-07-19 06:49:12
47578332,3,2026-01-24,狂肝两天结束武陵，我对终末地的评价是：不愿妥协的二游逆行者！<br />虽然我主要的创作内容是单机游戏测评，但其实我自己私下也玩过许多的二游，在此为我之后的言论叠甲：<br />《原神》 563天 已,positive,0.85,,2026-07-19 06:49:14
47530695,4,2026-01-22,终末地深度体验评价，在经历了近50小时游玩，一周时间断断续续的游玩，主线武陵篇快结束了，我现在的评价从开始的不看好反转成了还不错。<br />终末地在我个人看来，是合格的工业流水大世界手游，功力比较扎,positive,0.85,,2026-07-19 06:49:15
47553811,1,2026-01-22,💃🏻立绘建模：做的还可以，在平均线以上，立绘粘了明日方舟老角色光，在上面有不少是改明日方舟的角色理解，角色有亚人福瑞，仁者见仁智者见智。<br />剧情方面：最大的问题就是稀里糊涂的靠路人说正派反派？,negative,0.85,,2026-07-19 06:49:17
47558200,1,2026-01-23,方舟开服玩家，全图鉴全皮肤，zmd三测提了一大堆问题，基本没改，游戏玩法系统堆叠冗杂，充斥着左右脑互搏，让人难以上手并理清关系。本质做了个单机玩法，但是这又是个手游，整体非常拧巴。<br />给的资源,negative,0.9,,2026-07-19 06:49:18
47582779,3,2026-01-24,玩《终末地》，时常会感到一种拧巴的疲惫感。<br />不是因为游戏品质差、或者有什么很离谱的雷点，而是一种贯穿始终的内在矛盾：鹰角似乎想把一个硬核的、有着单机精神的模拟建造游戏，嫁接到一个服务型游戏的,positive,0.7,,2026-07-19 06:49:20
47708827,3,2026-02-04,福利比福瑞少，基建比击剑疼。<br />全程剧情谜语人，教程主打卡死人。<br />游戏感觉哪哪都好，就是玩着不好玩。<br />游戏货币设计简直难倒比尔盖茨。<br />●—————————————,negative,0.85,,2026-07-19 06:49:21
47561807,3,2026-01-23,一编省流：建模可以，其他拉胯，太长可以不用看。<br />二编省流：美术基建亮眼，但基建硬绑、战斗拉胯、肝氪双高，剧情优化福利差。<br />我是多坑玩家，粥崩铁原绝区零鸣潮战双都玩，说实话，终末地让,negative,0.9,,2026-07-19 06:49:23
47579425,3,2026-01-24,深入体验了两天，截至写评论的这个时候，权限等阶有了44级，已经到了武陵城。<br />两天下来，我认为《终末地》是一个让人痛苦，但是底子不差的游戏。这两天的高强度游玩下来我可以说是受尽折磨，每次被卡等,positive,0.7,,2026-07-19 06:49:24
47530968,3,2026-01-22,写在前面：yj这次给我的感觉就像是个厨师，想把多个派系菜肴做法糅合在一起，但没有很好的功底把他们合起来，技法的优点和缺点自己都没搞明白，技法使用上的取舍也存在问题，在菜肴主要食材和次要辅料上也没做确认,negative,0.7,,2026-07-19 06:49:25
47553893,2,2026-01-22,临时讲讲，<br />我们说这个游戏卡池又毒又贵而且福利差，很多人说要安排卡池资源挑着抽才行。这种说法我不反对，但是有一个很重要的前提——官方给你留了整合资源的窗口期。<br />抽卡RPG游戏的卡池,negative,0.85,,2026-07-19 06:49:27
47551517,2,2026-01-22,玩了一天这游戏了，唯一感觉就是地图复杂，基建复杂，累了个半死回头一看抽卡资源还少得可怜，我像个被老板剥削的员工<br />关于闪避和跳跃<br />角色跳跃性能差<br />滞空短，高度低，下落快，一,negative,0.9,,2026-07-19 06:49:28
47560626,2,2026-01-23,已经玩到了武陵 我觉得武陵比四号谷地还恶心 我在武陵玩了一天，死亡次数比我前几天玩四号谷地的次数加起来都多 你不按策划的思路走，就是会死 武陵的仓库和谷地的还不互通搞笑呢 居然是从头再来一遍 不过有一,negative,0.85,,2026-07-19 06:49:30
47550452,4,2026-01-22,120级四年老博士，三星我觉得给的是明日方舟这个IP不是终末地，以下只是个人观点。终末地给我的感觉很难评，看网上说不如原和鸣，这个确实不如。<br />抽卡方面：5000十连确实有点屎了以为自己收益很,negative,0.85,,2026-07-19 06:49:31
47551969,3,2026-01-22,《明日方舟：终末地》可能没有满足任何玩家<br />有《明日方舟》珠玉在前，无论是玩家还是鹰角都对终末地有着很高的期待，然而这种过重的期待，也可能导致开发过程的瞻前顾后、谨小慎微，从首曝PV至今已经四,negative,0.85,,2026-07-19 06:49:33
47553417,3,2026-01-22,更新一下进度吧，应该是我最后一次编辑这条评论，目前主线全通，四号谷地，武陵基建基本毕业(因为太多了所以下面只放武陵的基建图)。<br />火队莱万汀80，剩下队友60，全员金装。<br />地图矿点全,neutral,0.8,,2026-07-19 06:49:34
47591865,2,2026-01-24,目前45级，基建自搭自建没抄过作业，谷地矿点基本全开，地区建设等级快10级，四号谷地区域基本属于毕业了。进度不能说是稳压三测老资历们名列前茅，但也基本接近开荒第一梯队，应该算是有资格锐评一下了。<br,negative,0.9,,2026-07-19 06:49:35
47601673,5,2026-01-25,新的补充，越玩越累了，不管你有什么优势，有什么创新，你还是个二游，只要我还想抽角色，我就需要福利，大世界全是白球，只给一点基础资源，根本没多少箱子，石头少的可怜，做节点任务，做一些大任务，做了半天打开,negative,0.95,,2026-07-19 06:49:37
47547815,2,2026-01-22,玩了一天终末地写一点感受<br />肝度：偏肝的，主要是任务线长然后中间还卡你等级呃呃呃<br />画面：渲染很好看，美术很好，建模很好，这没得喷<br />任务：石，狗屎，非常屎，虽然不是站桩，也有,negative,0.85,,2026-07-19 06:49:38
47676097,1,2026-02-01,剧情：一坨。那个B狼卫疑似编剧看嘉豪看多了写出来的，那个再旅者的设定褒贬不一，反正我是不喜欢，看着就恶心，卖情怀都不会卖<br />基建：我很少玩基建游戏，这个对我来说还是有一定可玩性的，就是太浅了，,negative,0.9,,2026-07-19 06:49:40
47518882,5,2026-01-21,非核心粉丝要谨慎期待《明日方舟：终末地》<br />还有一天，终末地就要正式公测了。公测之前我要给不是明日方舟的粉丝泼一盆冷水。<br />尤其是，如果你是对被终末地的战斗或工业建筑系统吸引的玩家。<,negative,0.8,,2026-07-19 06:49:41
47553704,3,2026-01-22,先叠个甲，本人原崩铁绝鸣都是开服玩的，以下所有观点都是基于我自己的理解评价<br />这游戏玩了十多个小时了，之前也参加过二测，综合来说还行，最起码能玩，但前提是你得有足够探索的时间与研究基建的精力，,positive,0.65,,2026-07-19 06:49:42
47661898,5,2026-01-31,不推荐新人入坑。我现在51级。终末地在长草期是没有任何的资源积累的。都是无意义的。体力从零到满需要两天。而你的满体力刷角色升级经验一天只能刷两次双倍，而且两次双倍还需要使用双倍券，我不理解。我花费双倍,negative,0.95,,2026-07-19 06:49:44
47600068,5,2026-01-25,基建小白 明日方舟老东西 高强度体验4天后的评价:<br />首先说说优点:<br />美术方面无可挑剔，个人感觉跟鸣潮一档，怎么看都看不腻，游戏优化也很不错，我pc端4060+13代i7能2.5k+,negative,0.85,,2026-07-19 06:49:45
47562097,2,2026-01-23,公测开服玩了一天，说下优缺点<br />优点<br />1，优化不错，难能可贵。<br />2，画面可以，见仁见智。<br />3，战斗做的不错。并非鸣潮那样高速战斗甩技能玩法。而是需要组合重击（普攻,neutral,0.6,,2026-07-19 06:49:46
47633020,2,2026-01-28,一星给ui，一星给方舟的情怀，剩下的都是一坨。<br />福利要靠自己肝，不是说肝不行，但是也太tm久了，我攒个120保底一周了每天高强度过任务还是没攒够，这已经不是福利了，这就是我的劳动所得！<br,negative,0.9,,2026-07-19 06:49:48
47617016,5,2026-01-27,连续猛肝三天把主线打完，我现在对《终末地》的态度，比刚开始冷静得多<br />[表情_ohh]整体感受｜4⭐<br />终末地给我的感觉太像独立3A了，开辟基地，开荒探图，解锁基建，养成材料获取。如果,neutral,0.7,,2026-07-19 06:49:49
47652261,2,2026-01-30,欢迎来到ayaの游戏新闻 今天要讲的是—《明日方舟 终末地》（温馨提示，本篇共5K字，请酌情观看）<br />——————ya~这是分割线——————<br />一、先说说亮点吧<br />亮点1：优,negative,0.85,,2026-07-19 06:49:50
47609925,2,2026-01-26,先叠个甲，1.22.公测就下载了，目前主线全推完基建也搞得差不多了，账号情况放下图了自己看，以下评价仅代表个人看法欢迎友好交流：<br />美术风格：鹰角的审美还是挺不错的，角色立绘、建模都做得不错，,negative,0.85,,2026-07-19 06:49:52
47619983,3,2026-01-27,玩了平板，手机，到pc。<br />结果：pc玩的最爽。<br />手机建模感觉粗糙。但是轻便。<br />平板耗电快，建模感觉也一般，躺着玩太沉了。还晕3d。<br />进度：玩两个小时就觉得累。所,neutral,0.7,,2026-07-19 06:49:53
47586501,5,2026-01-24,先叠个甲吧，看这情况，怀疑我打好评要被无脑喷。首先，我没抽限定，对卡池不做评价，其次，以下为个人观点，反对可以理性探讨，喜欢喷的，我只能说我对线水平也不差。<br />打五星的主要原因就是这个基建，我,positive,0.85,,2026-07-19 06:49:54
47607954,1,2026-01-26,ZMD这款作品，确实称得上是极具“诚意”的用心之作，用整整3天的时间，给我上了一堂关于“时间管理”的生动课——毕竟能把期待值拉满后再慢慢磨平，这份“耐心培养”的功力，属实少见。<br />它的剧情堪称,negative,0.9,,2026-07-19 06:49:56
47659876,3,2026-01-30,成分：明日方舟五年老玩家（在线两年半），幻兽帕鲁，幸福工厂和戴森球各自100h，魔兽争霸3能打过中等电脑。<br />先上结论，运气够好且当幻兽帕鲁刚开服的半成品玩还是不错的，问题是运气不好以及接受不,negative,0.85,,2026-07-19 06:49:57
47597323,1,2026-01-25,真的是巧克力味的屎，真的，要不是冲着你明日方舟这四个字我都不会下来玩，结果就是一坨，开局长得一批，我是谁，你是谁，这tm都没讲清楚，我都不知道在干什么，然后抽奖，逆天500，5000，你真棒，好好吧第,negative,0.95,,2026-07-19 06:49:58
47841972,1,2026-02-15,体力和福利全靠邮件发，给人一种很不踏实的感觉，属于是骂两句就送你你一点，42技能bug，42修了，但是没有修完，还有热熔bug，雷兔bug导少了1/3技力致整个循环都要慢很多，一件充能装才加多少技力恢,negative,0.95,,2026-07-19 06:49:59
47591716,2,2026-01-24,缺点：<br />1.你游部分地图设计非常垃圾，卡墙，垃圾路线引导，有些该跳的跳不上去，不像很多箱庭游戏，知一眼就知道这里走不上去想办法绕道解密，这游戏部分设计的非常诡异，参差不齐，采个升级人物的蘑菇,negative,0.85,,2026-07-19 06:50:01
47744228,1,2026-02-06,到目前为止我不会给任何人推荐这个游戏，总结:一个披着工厂玩法皮的策略类封建二游。<br />😡😡😡<br />写在前面，海猫有这么一句话:zmd开服已经半个多月了。（看图吧）也就是说他们这个视频是zm,negative,0.9,,2026-07-19 06:50:02
47541166,3,2026-01-22,由于评价太长，后续评价只能发布长贴了，以后暂时仅更新评分和图片<br />——————分割线——————<br />1.2版本过去了两周，依然没推完全部内容，绿色的任务还没做，就先补一下对于主线的评价,positive,0.7,,2026-07-19 06:50:03
47546307,2,2026-01-22,明日方舟续作？我看是原神加我的世界工业MOD！<br />先简单总评一下吧，如果你玩过原神，明朝之类的游戏，你会觉得即视感特别重，很难想象，鹰角憋了这么久，结果憋出来的战斗系统还是跟原神明朝之流没有什,negative,0.9,,2026-07-19 06:50:05
47659041,1,2026-01-30,先展示成分，明日方舟月卡四年从未断过，大大小小礼包累计至少3k，终末地开服通行证月卡也有。先说结论:我不推荐任何人入坑现在的终末地，将来的也不推荐，终末地只是一款好看的游戏，但不好玩。那接下来总结一下,negative,0.95,,2026-07-19 06:50:06
47633957,3,2026-01-28,时钟拨回到2019年5月，那个时候游戏批评对于《明日方舟》的判断是，硬伤太多，很难想象中国的年轻玩家能够长期承受一款日常强手动操作布局的塔防策略游戏的压力，没觉得《明日方舟》能火太久。<br />现实,positive,0.85,,2026-07-19 06:50:07
47598755,3,2026-01-25,说句实话，你但凡给我出个up我也不会在这写这玩意了，我也不会到处翻，来对比，来预估，这游戏值不值得我再投入时间下去……<br />如果你问我这游戏能不能玩，我说能玩。但是不好玩。我主观上觉得，不好玩。,negative,0.85,,2026-07-19 06:50:09
47611678,2,2026-01-26,方舟老玩家，终末地也把主线推完了，主观评价一下。<br />先说好的，游戏玩法个人感觉及格，可以玩的下去，风景挺好看，优化还行。<br />剩下的都是不好的地方<br />1、游戏剧情真的一坨，整个主,negative,0.9,,2026-07-19 06:50:10
47549462,3,2026-01-22,✎经过长达10个小时的游玩，PC和手机端双端体验。本来对该游戏抱有很高的期待的，但是双端体验都过于一般。比较核心的问题是游戏抽取价格过贵，开荒福利过差。手机端优化过差。下面将描述一下我的具体看法。<b,negative,0.85,,2026-07-19 06:50:11
47575514,4,2026-01-23,本篇偏萌新参考，因为我也是。<br />我说的不好可以指责，但不要当串子或者无脑喷。<br />说实话在大多数偏卡通童话画风的二游里面出了一个画风怎么说（我不是学美术的但这画风就是更真实一点），总之真,positive,0.8,,2026-07-19 06:50:13
47562963,5,2026-01-23,首先最基础的画面，没啥问题，移动端画面清晰，玩起来也不发烫，好评。<br />开头看的人一头雾水，说了一堆不知所谓的谜语，打了个怪，结束了。开头一般是起到引起玩家兴趣、埋伏笔／由头、新手教程之类的作用,negative,0.9,,2026-07-19 06:50:14
47624652,3,2026-01-27,电脑游玩，肝了几天目前49级，被游戏美术吸引来的，然后发现一堆毛病，这几天的节奏都没说到关键上。<br />美术<br />我认为是全游戏唯一值得夸赞的方面，角色建模细致，场景美术让人眼前一亮，还有其,negative,0.85,,2026-07-19 06:50:15
47769260,3,2026-02-09,叠甲免得我被喷飞，明日方舟+终末地双开服玩家，明日方舟内测时期就入坑了。<br />游戏能给3分，再旅者的人设摆明了要蹭前作的人设，却又删掉了二测石棺相关剧情要切割前作，充满了矛盾和矫揉造作，不具体评,neutral,0.7,,2026-07-19 06:50:16
47565189,4,2026-01-23,开服到现在玩了很长时间了，开服的差评也都删了重新评价一下，<br />zmd卡池就一个问题，吃满了大保底，一看我小保底也没了，哪怕我垫了79，但是79抽是大保底，那79抽白垫就只能吃大保底，两个小保底,positive,0.65,,2026-07-19 06:50:18
47586946,5,2026-01-24,从开服玩到现在，我对基建不感兴趣，我都是抄博主的毕业蓝图，很简单很方便。一开始让我上头的就是终末地的拉电线和美术，从开服到1.2，终末地的一次次优化，都非常的好，说明🦅🦶真的在听玩家的意见，我看了1.,positive,0.95,,2026-07-19 06:50:19
47634741,4,2026-01-28,玩了 115 天终末地了，还是改个评价，此前为一星差评，现在我愿意给终末地四星的评价<br />还是按以前一星评价的标准先说缺点：<br />1. 抽卡保底不继承，大保底 120 抽牢爆了，我吃了两个,positive,0.75,,2026-07-19 06:50:21
47767517,4,2026-02-08,26.05.22二编:<br />时隔3个月回来评价，就算超长长草期也天天游玩不下半小时的我说说目前感受:终末地养成资源方面给得很慷慨，作为大小月卡玩家获取更是充足，目前玩的队伍基本都拉满了，毕业简单,positive,0.7,,2026-07-19 06:50:22
47553912,5,2026-01-22,昨天开服后玩了小八个小时(电脑），来评价一下。<br />终末地作为线性叙事的箱庭类游戏整体上是合格的。我认为它跟死亡搁浅非常相似。以我个人感受，这是一款有战斗功能的解密基建游戏，通过战斗和地图资源点,positive,0.8,,2026-07-19 06:50:23
47604096,3,2026-01-25,战斗手感有点一般，霸体怪太多，打起来没有爽感，路上的小怪还巨多，攻击欲望也不低（点名供能高地仓库旁边那一片）<br />基建和拉电线做的差强人意，希望可以继续优化基建玩法和送快递拉电线，我做产线做的感,neutral,0.7,,2026-07-19 06:50:24
47528065,2,2026-01-22,很难想象到了26年还有这种集百家之短的游戏：<br />给玩家第一印象的美术风格就已经在怪物和环境与角色本体上产生较大割裂，侧重写实的风格和渲染却被用在了一个二次元游戏里；一个破败不堪百废待兴的世界，,negative,0.95,,2026-07-19 06:50:26
47649992,2,2026-01-30,（一）基建<br />就我目前玩到的来说，相比其他内容，这游戏基建还是给的正反馈太强了。除了nm沟槽的电线不算两个中继站之间距离而是算玩家走的距离，我tm往回走一段都算距离也是真操蛋。<br />（二,negative,0.85,,2026-07-19 06:50:27
47659489,1,2026-01-30,开头第一句话，想入坑的再明确策划道歉加游戏减负前都可以不用考虑入坑了！不用考虑！不用考虑！不用考虑！<br />我从开服当天14点玩到现在，说白了制作组不如改名叫《精神分裂模拟器2026》 这游戏完美,negative,0.95,,2026-07-19 06:50:28
47823879,5,2026-02-13,标题：望鹰角深入基建玩法并希望喜欢基建的玩家共同号召 的小作文<br />前言自证：主要PC端，目前56级，一天没落全收集全镀层，让我们探讨这个有些好玩的垃圾游戏<br />我可以明确的告诉大家，这个,neutral,0.7,,2026-07-19 06:50:30
47575719,1,2026-01-23,到处透着一股半成品的味道，很难想象这是一个经过了三次测试的游戏的表现，强制的基建教学不会考虑玩家感受，战斗爽更是路边。很难想象这款游戏当时立项时跟崩铁和绝区零是同期的，这就不得不提下面那张梗图了<br,negative,0.9,,2026-07-19 06:50:31
47594500,3,2026-01-25,基本啥游戏都玩，都没有写过评论，第1回被气到写评论，满怀期待的入坑，结果给我拉坨大的，气不过。领完小羊之后再玩儿的，目前在采石场。<br />剧情：目前看剧情无聊，就是4号谷地又有天使又有氏族，主角到,negative,0.85,,2026-07-19 06:50:32
47597852,2,2026-01-25,我先说个暴论，这游戏更适合大学生或者富哥这类脱产人群玩。<br />22号给买了月卡，23号接着退游。<br />优点很多，建模、美术啥的都挺好，包括剧情，在我看来剧情不暴雷就是好。<br />但之后,negative,0.9,,2026-07-19 06:50:34
47634360,2,2026-01-28,边骂边玩品鉴了几天，直接开喷<br />虽然失忆但怎么说管理员也是大人物，天天去打杂什么意思，不能和方舟一样吗，很多剧情不就是外勤干员出去做任务，博士不一定出场，就剧情里给个干员作为主控操作就行了，还,negative,0.95,,2026-07-19 06:50:35
47567610,1,2026-01-23,终末地你真的把管理员养的很差…<br />怎么会有一个游戏能这么无聊？当年绝区零公测那会走格子都没这么助眠，把方舟的保卫萝卜做成3D战斗也行啊…求鹰角把基建删除教程！！！急！！！刚开始战斗还挺好的，一,negative,0.95,,2026-07-19 06:50:36
47606108,1,2026-01-26,【核心抽卡】【评分1】<br />福利是所有近期二游里，甚至倒推回去都是二游中数一数二抠门的，福利少，抽卡资源少，抽卡规则还整一些复杂的小巧思，还整限时票，真把其他游戏整玩家的糟粕全拿来，其他游戏对玩,negative,0.95,,2026-07-19 06:50:38
47531027,4,2026-01-22,不知道几编的编:😺其实还挺好玩的（赤石赤习惯了）<br />关于基建方面攻略型建议:首先先把全图矿点一点一点的拉电线过去，其次把基建（先搞热电池保证基础发电量＞实际发电量）运行起来，最后一键蓝图摆放（,positive,0.7,,2026-07-19 06:50:39
47584943,4,2026-01-24,目前50级，做完全部武陵的主线任务。作为一个明日方舟开服抽到4个杰哥的老玩家，一路走来也是挺感叹的，然后终末地杰哥她又来陪我了。下面浅谈一下个人认为的游戏优缺点吧。<br />优点:画面真的很精美，贴,positive,0.85,,2026-07-19 06:50:40
47616929,5,2026-01-27,开服5天pc端70小时，目前主线全部完成，收集品基本完成，支线基本完成，产线仍在优化。手机端玩过几个小时，优化还可以<br />只能说受众很窄，喜欢的人会很喜欢，不喜欢的人就不会喜欢。工厂玩法太小众，,positive,0.8,,2026-07-19 06:50:41
47579711,5,2026-01-24,游戏挺好玩，但是前期很折磨<br />游戏很好玩，但是前期很折磨<br />游戏很好玩，但是前期很折磨<br />你需要学会，怎么有效化的拉电路，基地建设基本概念与规划，战斗干员之间的联动技巧。<br,positive,0.7,,2026-07-19 06:50:43
47616918,3,2026-01-27,快肝到50级了，终末地这个等级提升的挺快的，不存在其他二游的主线卡等级卡个2-3天一说。限时体力药和永久体力药是个不错的方案，限时体力药提高前期经验获取量，永久体力药保证后期有体力刷珠子。以我最近的体,positive,0.7,,2026-07-19 06:50:44
47640032,4,2026-01-29,肝到50级了，时长70h+，四号谷地全收集+基建大毕业，目前在推武陵还没推完，看这个4.5的评分太感人了，遂来说两句。<br />甲叠得比较啰嗦见谅（）<br />本人成分<br />1️⃣明日方舟玩,positive,0.85,,2026-07-19 06:50:45
47595624,2,2026-01-25,不跟风，只谈游玩下来的真实体验。作为方舟的开服且玩到现在的老玩家，入坑终末地也是因为方舟。今天就来谈一谈终末地游戏的问题。<br />1. 战斗系统拉胯：<br />打击手感很差 特效也一般般。 方舟,negative,0.85,,2026-07-19 06:50:46
47619052,2,2026-01-27,pc 端最高画质猛玩四天，最后被三只小羊崩溃到弃坑，先说好的，角色的精细度是真的高，我可以看着角色一整天，也算是二游里非常好的画质。<br />坏的不说了，总结就是三羊开泰直接卸载弃坑，武器也歪了，限,negative,0.9,,2026-07-19 06:50:48
47560548,3,2026-01-23,也是成功打到18级就打不动了<br />在这里我想锐评一下😁<br />⭐​首先是关于游戏整体：<br />可以说，无聊[合十]，我主要对他的热情都来自于游戏本身的奖励机制以及我本来就是舟批，还有我非,negative,0.85,,2026-07-19 06:50:49
47574854,5,2026-01-23,1.剧情演出：6-7分<br />剧情方面目前看不出来啥，开局那个大炮火力压制确实很爽很好看，但到后面剧情就那么回事吧，不是说不好，而是没啥亮眼的点，但没有太大的失误。<br />2.基建部分：8-9,neutral,0.7,,2026-07-19 06:50:50
47613176,3,2026-01-26,好玩，就是玩法太挑人，以及不太适合没有耐心或长时间能玩游戏的打工人和学生党。<br />战斗方面偏向策略，讲究一个躲技能和如何排轴伤害最大化；养成和基建相关，不会搞基建也可以抄蓝图；游戏地图不是大世界,positive,0.7,,2026-07-19 06:50:52
47653566,3,2026-01-30,看了一圈，评论区大多是对这个游戏期望值过高，希望体验感比明日方舟更好，而忽略了一个ip再次消费后必然产生的质量降低。说实话在二游里质量中等而平庸，但不是地板，也不是那么多谣言里的样子。不过想入坑的一定,neutral,0.7,,2026-07-19 06:50:53
47604817,5,2026-01-25,这游戏对我来说是一款完美的游戏，因为我不在乎抽卡剧情，但我既喜欢基建，也喜欢箱庭和二次元，这完完全全卡在我的好球区<br />箱庭中的指引做的非常不错，看似死路，但其实通过地图设计可以看出，设计师想引,positive,0.85,,2026-07-19 06:50:55
47678669,2,2026-02-01,我只说我觉得的槽点<br />1.剧情拖沓，且主角每次爆完种就倒了，并且四号谷地中塔塔可以爆掉boss那为什么不直接爆掉，非要我们中间培养感情后爆掉。依冯剧情也是主角情商太低很难评价，代入的不爽。<b,negative,0.9,,2026-07-19 06:50:56
47592419,1,2026-01-24,我很少写游戏测评，差评很多不差我一个，就当我情绪上来说说我的想法。先亮成分叠会儿甲，杂食性玩家，饥荒单机联机加起来超过2000小时文明六五六百小时，我对建造规划类至少不反感；法环本体及黑夜君临，黑猴，,negative,0.85,,2026-07-19 06:50:57
47596767,2,2026-01-25,事前说明：如果你看过我的绝区零开服评价，那你可以跳过前面的部分。我自我抄袭洗稿了这一段（未使用AI，欢迎查重），我很悲伤，因为我真的没想过两年前的初见评测文拿来评价一个不同产商、不同上线时间的不同游戏,neutral,0.6,,2026-07-19 06:50:59
47574498,2,2026-01-23,多的一星给优化上。好了，我要火力输出了，网上笑笑就得了，现实里谁不想上完一天班回到家急头白脸地肝上3个小时凑出一发10连整上一只扫福瑞呢？😄这是网上的段子，也是我的写照，身边的人都是狗托，十连出UP，,negative,0.9,,2026-07-19 06:51:00
47629292,4,2026-01-28,作为一个明日方舟老博来评价一下<br />先说优点：<br />1.基建玩法很有意思，自己搭建流水线生产装备物资这个设计不错，后续装备精锻也可以靠流水线，不用像原神那样刷词条这点好评。而且自己搭建流水,positive,0.7,,2026-07-19 06:51:02
47619729,2,2026-01-27,在玩法首曝的时候就没那么看好，这套玩法本身是好玩的，我不是戴森球目标用户也玩了大几十小时，但是当时判断就是玩法不适合大DAU的二游，只是没想到实际上线问题比预期更多。<br />从前期体验来看，想要的,negative,0.85,,2026-07-19 06:51:03
47605287,3,2026-01-25,我玩下来，这游戏从大体上看是没有问题，但是小问题是真的数不胜数，我昨天晚上为了看到上方一个醚质，为了找上去的路，找了一个多小时，几乎所有可能的路我都找过了，但是全都有空气墙，最后我还是在一个犄角旮旯里,negative,0.85,,2026-07-19 06:51:04
47543042,2,2026-01-22,常驻和限定都八十抽保底，常驻还出送的角色，武器池也是抽完就出了一个专武，也许这游戏就到这了吧，肝了两天就这，虽然没歪但我受不了了，提前橙是没有的，保底是一定要吃满的，算了，反正我一分不充就是了，到时候,negative,0.85,,2026-07-19 06:51:06
47548664,3,2026-01-22,大概从10：50玩到22：00左右，总时长大概九个小时（主要体验的pc端），18级。<br />先在开头说结论吧：给我一种原神森林书的感觉。<br />建模（优良）：但是有些剧情任务里看着很“硬”。<,negative,0.85,,2026-07-19 06:51:07
47565966,2,2026-01-23,在电脑平板上玩的，手机写个评论。<br />夸的地方：<br />1.角色建模长的挺好看的，很早之前我就和朋友提过，如果明日方舟角色能动起来应该会很不错，实际确实还行<br />2.优化很好，iPad,negative,0.85,,2026-07-19 06:51:08
47628937,2,2026-01-28,💃🏻立绘建模：粥的立绘其实不如以前了，建模走的是另一种风格，类似少前2但不如少前，部分角色服饰比较精细，比如管理员的面具，但除此外就算了,negative,0.6,,2026-07-19 06:51:10
47573587,1,2026-01-23,首先请看截图，我算重度粥pi了吧! 😅同时我生息验算基本没动😓，也可以看出我对在二游里玩基建有多讨厌了吧……对不起，这至少代表了一半咱家，我真的想多说几句，角。<br />玩了一天，我觉得现在终末地最,negative,0.85,,2026-07-19 06:51:11
47609551,3,2026-01-26,游戏不错。但是分人。<br />我用手机玩，只说移动端的体验。<br />游戏还算好玩，但是需要沉下心来慢慢玩，习惯便捷化、降负减肝化的新二游，玩这款确实玩不进去。<br />这个游戏有点肝，我玩手游,negative,0.85,,2026-07-19 06:51:12
47520666,3,2026-01-21,当包工头拯救世界？这款二次元新游让我肝到上头<br />打破二游套路，在末日废土开工厂搞基建才是真硬核。<br />兄弟们，最近是不是被《明日方舟：终末地》的消息刷屏了？作为一个“刀客塔”，我猜大家都,positive,0.85,,2026-07-19 06:51:13
47692457,4,2026-02-02,明日方舟终末地<br />评分：7.5（-1.0）/10<br />瑕多掩瑜的游戏<br />主观看法，嘴下留情，第一次写这种超长评，表达上可能有些问题，无参考文献。觉得我说的不错的点个赞再走吧。<b,positive,0.7,,2026-07-19 06:51:15
47591581,2,2026-01-24,先说我自己的情况：玩了3天目前37级，开了三个基地，马上进武陵，我觉得我应该达到评价的门槛了吧。<br />个人感觉终末地最大的问题就是他不知道自己要吸引哪一类玩家，先说战斗层面，首先就是战斗系统做的,negative,0.85,,2026-07-19 06:51:16
47545037,3,2026-01-22,明日方舟开服老玩家，一开服就出去玩，玩了七八个小时，非常的累，基建的教程你就学吧，太多教程了，<br />战斗方面，基本没战斗，因为这个游戏主要靠技能打伤害，玩什么角色平a伤害都低，怪物血特别厚，打的,negative,0.85,,2026-07-19 06:51:17
47527159,1,2026-01-22,终末地玩后感：<br />1：从画面上讲，挺不错的，况且开放世界的建模能精致成这样，挺用心。<br />2:游戏内容上，我作为死亡搁浅80小时全流程通关的人来讲，策划绝对有借鉴其中的元素，电力运输、集,positive,0.7,,2026-07-19 06:51:18
47714812,5,2026-02-04,终末地可以说是一款比较挑人的游戏，前期海量的宣发，不可避免的遭受了反噬般的差评，因为并不是所有人都在大把时间和pc设备，很多人也不吃基建这一套，终末地也不是印象中的传统二游。<br />先说概要，评分,positive,0.7,,2026-07-19 06:51:19
47575901,2,2026-01-23,我必须狠狠锐评一下这个终末地<br />开局先说本人进度 是刚打完三相<br />首先 对于美术这方面不多说 毕竟已经是26年了 二游美术不行靠啥吃饭<br />然后是地图探索 战斗 基建 福利等几个,negative,0.65,,2026-07-19 06:51:20
47575445,2,2026-01-23,玩了2天PC端，简单说说体验：<br />明日方舟：终末地在玩法和叙事层面，本质就是一坨“看起来很努力，玩起来很痛苦”的工业缝合屎，整体体验如同把数个失败设计硬塞进同一副躯壳后诞生的电子肿瘤。<br ,negative,0.95,,2026-07-19 06:51:22
47618937,3,2026-01-27,明日方舟开服玩家到现在可能有四千多个小时，近几年基本上在iOS上面挂的比较多，taptap只能统计安卓就有两千多小时，可以说我是不折不扣的明日方舟老登情怀这方面还是有的，同时我还是崩铁，鸣潮，绝区零，,positive,0.7,,2026-07-19 06:51:23
47615791,2,2026-01-26,开局评分给了4星，后悔了<br />1.1完全没有玩法更新，更屎的矿机和更重复的基建，还有不能双倍领取的体力减半，二游增负第一人。<br />弱智的剧情看的人血压高，过主线差点睡着，2026年了怎么还,negative,0.95,,2026-07-19 06:51:25
47592482,4,2026-01-24,pc端玩了整整3天，现在已经武陵毕业到48级开始养老了。<br />很好玩的游戏，开局坐牢3小时，后面直接基建飞升，太难绷了，yj筛选玩家这一块，福利是真的很拉，但是游戏是真的好玩，基建也很不错 ，优,positive,0.85,,2026-07-19 06:51:26
47580288,4,2026-01-24,用pc玩的，体感很好，我个人不太喜欢世面上那种轻量化碎片化的二游，后期玩起来没什么可玩性，游戏玩法都在体验新角色上了。<br />终末地本身的玩法是让我觉得可玩性很高的，就是自动化的部分要是可以再深入,positive,0.8,,2026-07-19 06:51:28
47579050,4,2026-01-24,因为下面有一条疯狗一直在咬，所以我在这里说一下，我给他4分，他肯定是达不到这个分的，但是我是这一类玩家，终末地的设计比较有意思所以我愿意给他一个比较高的分，希望他活下去。然后，我的评分跟我的评论没有任,positive,0.85,,2026-07-19 06:51:29
47545647,4,2026-01-22,yj有颗做单机的心 但是被抽卡玩法局限了<br />我现在越来越觉得，游戏也是挑玩家的，就像获奖无数我特别喜欢的博德之门3，我会特别投入的玩下去代入感很足，但是我身边的朋友普遍不喜欢，就是不喜欢回合制,positive,0.7,,2026-07-19 06:51:30
47557883,2,2026-01-23,玩了五六个小时，目前14级，可能是我玩过的游戏里首日体验最差的<br />先说优点，环境渲染顶级，角色建模还不错，UI设计很好，优化非常不错，没有什么掉帧<br />接下来说影响体验的地方，带着个人情,negative,0.85,,2026-07-19 06:51:32
47652794,5,2026-01-30,游戏就我个人体验而言还好，抽卡不非，而且玩法画面很对胃口，除了四号谷地那坨答辩剧情。<br />主要还是说剧情，二测那会玩了，当时就有人说剧情太拉胯了，像小学生作文一样。公测说白了yj就是把二测是四号,positive,0.85,,2026-07-19 06:51:33
47593724,3,2026-01-25,带着新鲜劲儿，在有点意思和玩不明白间反复横跳。<br />小地图很难用，基建相关图标太小，图标也多，找传送点都找不到。<br />大地图里面废墟多，石头多，能走的路很蜿蜒，就和这个游戏整体一样琐碎，跑,neutral,0.6,,2026-07-19 06:51:34
47592256,3,2026-01-24,第一次写长评，玩了两天半基本有时间就肝，目前38级，同时方舟99级，原神/崩铁/绝区零/鸣潮/1999等二游都有玩，业务广游戏池勉强算深（以下仅个人观点，不喜勿喷）<br />美术/建模：<br />,negative,0.7,,2026-07-19 06:51:36
47586724,5,2026-01-24,🎮可玩性：<br />拥有丰富的内容量和不错的战斗。目前体验下来，终末地点我的感觉是没有什么，小毛病虽然有但完全无法掩盖玩法的优秀。比较大的问题应该是在4号谷地时候的教程有点太多了，但是没有基础的新手,positive,0.85,,2026-07-19 06:51:37
47553120,1,2026-01-22,我今天开服直接开始玩，我之前还是很期待这个游戏的，今天我还特意定了个闹钟，起来玩。就体验了应该有4 5个小时，现在才20级，氪了110了，应该都知道氪了什么，画质为全高60帧数，我是第一次玩这个游戏，,positive,0.65,,2026-07-19 06:51:38
47592587,2,2026-01-24,先说结论，忍耐力差的，追求正反馈的谨慎入坑。我能玩下去是因为我是个玩塔科夫的抖m，就喜欢给自己找罪受。<br />爆肝17小时72抽（不算免费10连）小保底拿下42，专武保底。（普池限定出了4个六星角,negative,0.9,,2026-07-19 06:51:40
47669897,3,2026-01-31,首先我要说以下几点:<br />剧情/主线/支线任务做的是真的差<br />美工倒是还可以很好看<br />下面我来说说<br />剧情/主线/支线，我为什么觉得差，有以下几点:<br />一.设定不,negative,0.9,,2026-07-19 06:51:41
47611391,2,2026-01-26,幽默问卷😅😅😅<br />那我问你<br />yj的员工为什么没有人手一个跑车和豪宅，原因是？<br />1. 员工没有刻意购买跑车和豪宅的习惯。<br />2. 觉得市面上现有跑车不够好，豪宅不够大,negative,0.9,,2026-07-19 06:51:42
47609459,5,2026-01-26,游戏其实挺好的，没开服前看很多人唱衰不看好都没怎么关注，自己尝试玩了才觉得很多人偏见太大。<br />类似写实风格的地图场景也很精致，有很多探索和解密（有提示），被人诟病的拉电线和滑索基建其实也没那么,positive,0.9,,2026-07-19 06:51:44
47610977,4,2026-01-26,48级还沉迷于四号谷地，只氪了张月卡（一编，刚50级还在武陵序章）<br />首先必须要承认一点，限定池抽卡体验很一般，尽管我小保底出了莱万汀且我根本不在意抽卡体验，但是这确实是事实。<br />战双,positive,0.85,,2026-07-19 06:51:45
47646168,3,2026-01-29,0205<br />建议每个主线支线编剧实名，不想吃的史全部跳过<br />——---------<br />0129<br />剧情真的拉完了，建议直接开了换人重写吧。<br />再旅者设定纯纯恶心,negative,0.9,,2026-07-19 06:51:47
47691650,5,2026-02-02,非常好玩，无瑕之作。<br />当我拿深度单机游戏跟它对比的时候它会变成弱保软二游，当我拿快节奏二游跟它对比的时候它会变成慢生活单机游戏；宣发一定是要无节制的，但是游戏是选择玩家的；方舟博士的情怀是要,negative,0.85,,2026-07-19 06:51:48
47589692,3,2026-01-24,任务循环渐进，不密密麻麻，让我有总“哇，好轻松，可以慢慢来”。看着不肝，不知为啥我总有种好累的感觉。<br />我不看剧情，纯任务党，只过任务，时长是我今天才体验，总共玩了这么久。目前9级，通过任务得,negative,0.85,,2026-07-19 06:51:49
47608509,3,2026-01-26,一款优缺点都非常明显的游戏，玩起来很上头，画面很漂亮，但开局劝退。<br />剧情方面，刚开始是想看的，看了半天不知所云，后来全跳了，反而是武陵剧情有一点想看的冲动，但已经来不及了，跳成习惯了，剧情开,positive,0.65,,2026-07-19 06:51:51
47591432,2,2026-01-24,两颗星给建模和基建<br />这个游戏最大的问题是他的优点刚好完全被缺点覆盖了，优秀的建模搭配上不知所云的剧情，让玩家最合适欣赏建模和表现力的时间全变成了垃圾时间，让人根本感受不到他做那么精致人物建模,negative,0.9,,2026-07-19 06:51:52
47575642,3,2026-01-23,PC已打两天43级，评论仅个人体验，你觉得你对那就你对。<br />看得出来猫哥本来是想做单机的，但是手底下的人执行坏了😂，说说优点，不氪金不抽卡纯当单机玩也不影响什么，顶多顶级高难打不过，地图设计也,neutral,0.7,,2026-07-19 06:51:53
47649056,3,2026-01-30,YJ站都站不稳就想要跑的产物，现在所有的玩家都是付费测试员<br />先不谈商业化的东西，基本功太差了，至少还需要半年的前端优化打磨<br />游戏性上几个模块磨合的很差，如果你玩过主流开发世界二游，,negative,0.9,,2026-07-19 06:51:55
47620482,2,2026-01-27,2026.3.31<br />剧情，没话说，1星。<br />建模，没话说，5星。<br />场景美术，<br />四号谷地，我不喜欢昏暗风，1星。<br />武陵，中国风还是太权威了，5星。<br ,negative,0.85,,2026-07-19 06:51:56
47607945,2,2026-01-26,pc玩了差不多30h<br />首先，我是一个老二游玩家，市面上我能说一半往上的二游我都玩过；其次，我也是一个基建玩法玩家，虽然不是很厉害，但是也是很喜欢基建玩法的。所以我对于终末地的期待真的很高<b,negative,0.9,,2026-07-19 06:51:57
47553896,2,2026-01-22,数媒专业，做游戏的专业。爱玩游戏，明日方舟也是预约的开服老东西。<br />今天体验了10个小时终末地，不夸张地说全是负反馈。<br />基建玩法是核心玩法但没有任何抽卡资源，既然要做抽卡游戏就把抽卡,negative,0.9,,2026-07-19 06:51:58
47601257,4,2026-01-25,玩了两周居然开始长草了…感觉该拿的也都拿了。玩法太一次性，像单机，副本虽然给的扣扣搜搜但是多打打也够用，而且武陵实在太漂亮了很爱看。我将溺爱<br />pc端，三天玩下来其实体验感还行，但也就只是还行,positive,0.65,,2026-07-19 06:51:59
47553703,2,2026-01-22,总的来说，有优点，但是优点的光芒真的盖不住各式各样的缺憾。<br />先说优点，优化做得是真不错，作为核心玩法之一的自动化产线如果能静下心慢慢玩的话也还算好玩，建模不赖，音乐很不错，维持了音角一贯水准,negative,0.85,,2026-07-19 06:52:00
47573539,4,2026-01-23,开服玩到现在，目前51级，基本能体验的都体验过了，总体评价一下。<br />首先声明，我玩过原崩绝，蔚蓝档案，星塔旅人，重返未来1999，无期迷途，深空之眼，鸣潮，崩三，还有其他一些我懒得提或者没想起,positive,0.85,,2026-07-19 06:52:02
47554834,3,2026-01-22,昨天从早上8点肝到凌晨2点，沉浸体验了一整天的时间，想入坑的可以看我的评价来做一下参考<br />💃🏻立绘建模：<br />首先是这个游戏最大的优点了，目前市面上二游顶尖的一批建模了，建模比立绘更好看,positive,0.7,,2026-07-19 06:52:03
47575105,3,2026-01-23,目前只有14级，开局体验两星，引导过去之后是可以给到四星的，但考虑到一些无法无视的缺点，从普适角度出发给了三星。<br />主要说我感觉不爽的部分。<br />首先最让我头疼的就是新手引导，我觉得实在,neutral,0.7,,2026-07-19 06:52:04
47592243,3,2026-01-24,我觉得这游戏只适合有较多时间的人玩，而且因为有些玩法是二游首创，所以需要比较长的时间学习，如果满足这点的话它还是能让人有耳目一新的感觉，我看现在网上的负面评价都是说玩的累肝不出抽数，其实这些说法都比较,positive,0.7,,2026-07-19 06:52:05
47611290,4,2026-01-26,评论之前先亮身份。我<br />120级明日方舟新人<br />原神满级旅行者<br />星穹铁道牢玩家<br />绝区零二命鲨鱼妹享受者（开服牢玩家）<br />两小时塞尔达（没有switch）<b,negative,0.85,,2026-07-19 06:52:07
47715168,5,2026-02-04,我在pc官网下的所以这边没时长，懒得绑定角色了大半夜的电脑都关了。我一开始就冲着风景去的，超级喜欢这种国风昂，希望以后还能看到这种意境拉满的地图，太米了，最好是什么桃花林或者西湖那种再来个亭子直接就是,positive,0.8,,2026-07-19 06:52:08
47579746,2,2026-01-24,以下是玩了一个小时的终末地之后的感受，不想再玩了故做个总结<br />设备:oppo pad<br />优点<br />1. 人物建模精细度和结构不错，比原神大头身看着正常多了，但代价是兽人角色看着有,negative,0.85,,2026-07-19 06:52:09
47658802,3,2026-01-30,51级两地区基建毕业，42基本毕业，回头来客观评价一下这个游戏。只挑大的点说。<br />优点:<br />＋建模很不错，尤其下雨效果非常优秀。<br />＋基建玩法玩进去了很有乐趣。<br />＋手,neutral,0.7,,2026-07-19 06:52:10
47568617,2,2026-01-23,作为一个没玩过粥的啊，也不是就是粥玩过一小会就是萌新阶段就退游的，加上比较热门的二次元游戏，全部玩过，甚至是一个福瑞控，对里面应该会有一点人是冲着福瑞来的，来讲解一下！<br />💃🏻立绘建模：<br,negative,0.85,,2026-07-19 06:52:12
47789478,3,2026-02-10,【葱管代又是 120 大保底，1.2 活动强绑制造，三次 120 大保底是最后一根稻草，退游了，已消费的权当教训，鹰角的游戏不会再碰🤡】<br />【暴论：不改剧情、福利或卡池，游戏一年内褒姒】<br,negative,0.95,,2026-07-19 06:52:13
47678937,4,2026-02-01,3.5星<br />目前pc玩了六十小时肯定是有的<br />应该是目前二游里最有玩法的，地图设计最好的<br />采石场，供能高地和搜打撤的的箱庭设计非常好我很喜欢<br />武陵场景美术非常好，城,positive,0.75,,2026-07-19 06:52:14
47763720,2,2026-02-08,上头，很好玩，喜欢，但是依然有石。<br />1️⃣抽卡：🙏我真的没招了，第二个池子和第一个一样大小保底吃满才出up，小保底全是别礼哈哈。<br />2️⃣基建等其他玩法：开服一直高强度玩，我在这方面,positive,0.65,,2026-07-19 06:52:16
47545080,2,2026-01-22,直接说结论:好玩，前提要有足够的时间，以及深挖基建的精力。<br />先提一嘴，我没玩过前代，以下只是我对《终末地》本身的看法，不牵扯情怀。<br />【战斗方面】<br />战斗系统远低于我的预期，,positive,0.65,,2026-07-19 06:52:17
47590805,4,2026-01-24,先说结论吧，从个人的角度讲，我觉得这游戏其实还行。也是狠狠肝了三天，但是看大家对终末地的评价好像都不怎么样。我来说一说我的看法吧：<br />首先是美工方面，这个应该没啥争议吧，自机角色建模都挺不错的,positive,0.65,,2026-07-19 06:52:18
47716771,2,2026-02-05,算了，看在他的确制作精良，再加一星。<br />—————————————————————————<br />一款能让玩家喜欢的作品往往是有灵魂的，而《终末地》明显没有。<br />抛开福利等玩家普遍,positive,0.65,,2026-07-19 06:52:19
47640270,2,2026-01-29,不知道为什么不显示游戏时常，60+小时了<br />想给一星的，但是不能否认的是基建确实很爽，玩的也很快乐。<br />开服没几天调查问卷倒是陆续发了不少了，就是不知道能不能听进去，听进去能不能改了。,negative,0.85,,2026-07-19 06:52:21
47577358,4,2026-01-24,玩了两天，总结一下这游戏目前我的感受：<br />1.工业建设，我喜欢玩，完全是因为我玩异星工厂玩的很多，这注定是个小众玩法。既然要做成大ip网游，那得考虑绝大多数玩家水平。尤其是工业教程大段大段的文,negative,0.8,,2026-07-19 06:52:22
47700860,5,2026-02-03,到这对了几天的线了，想明白了，来点白子，黑子，串子都能看的评论。[表情_吃瓜]<br />1.剧情:<br />这游戏目前只开放一个大章节加一个小章节，剧情目前留了很多空白，剧情党慎入。（剧透一下，深,positive,0.7,,2026-07-19 06:52:24
47579810,2,2026-01-24,别说了，玩力竭了，明日方舟开服老废物，除了得肝集成的干员和皮肤之外全干员全皮肤，玩终末地真给我玩力竭了。<br />明日方舟都笑话是保卫萝卜二次元版，但是至少真有新玩意玩的下去，终末地缝了异度之刃死亡,negative,0.9,,2026-07-19 06:52:25
47684446,4,2026-02-02,pc玩的，时长不准，升到51了，也玩过前作但是玩的不久，就玩到60多级。<br />--------------------<br />想到啥说啥<br />这游戏怎么说呢，玩着有意思（也可能是因为新,positive,0.65,,2026-07-19 06:52:26
47600328,1,2026-01-25,玩了一天当天就卸载了，说一下自己的感受：第一，开头剧情莫名其妙不知道讲的什么，我就不明白为什么要和那个巨人打架，是和前作有关系吗？<br />第二，剧情对话也水的一批，语气平淡，废话还特别多，几句话就,negative,0.95,,2026-07-19 06:52:27
47639830,1,2026-01-29,电脑上玩的 现在玩到了51级 四号谷地12级 武陵5级 已经有点疲惫了 每天就是收菜然后去抄作业改基建争取毕业 这也是我第一款写小作文的游戏 也是问卷问我有多高意愿推荐别人来玩 我打一颗星甚至不想打星,negative,0.95,,2026-07-19 06:52:29
47590571,1,2026-01-24,剧情:这剧情真有看了不想睡觉的吗？玩半天不知道核心冲突是什么，目标是什么，只有莫名其妙的战斗，动不动来一个部落冲突，真心无聊老套<br />战斗：纯纯一坨粘狗💩，平a粘手，前后摇巨卡，手感一坨，只有a,negative,0.95,,2026-07-19 06:52:30
47614589,2,2026-01-26,开服玩到现在的说几句，不喜欢的不用喷直接划走就行，个人感觉画面美术建模还是可以的<br />但是玩法真的劝退太多人了，尤其是像我这种几乎没怎么玩过基建游戏的，面对着复杂繁琐的专用名词和建筑摆放，我真的,negative,0.85,,2026-07-19 06:52:31
47550272,2,2026-01-22,抽卡：玩了整整一天，百抽，原本首十抽出六星相当高兴，后来发现艾尔是送的，不过好歹还能玩，后来的90抽，2弧光，2佩丽卡，1赛希，3狼卫，2昼雪，1大潘，1艾维文娜，这么算了一下概率，感觉官方还上调了，,negative,0.85,,2026-07-19 06:52:33
47582006,3,2026-01-24,玩了两天现在三十级了，个人感受<br />以前玩明日方舟是中途入坑看不懂剧情就一直没看，这次新游戏开服从头开始我还寻思好好看看剧情以后还能和人讨论，结果这个剧情真的是又臭又长，第一天玩了一下午也没看懂,negative,0.85,,2026-07-19 06:52:34
47595955,5,2026-01-25,一开始只是冲着明日方舟和鹰角来的，没参与过测试。看到网上节奏特别大，但是还是想要自己下来玩玩。体验下来感觉很不错，大概玩了二十多个小时，能玩的东西非常多，但是慢下来一点一点玩也不会有什么。我主要是泡在,positive,0.85,,2026-07-19 06:52:35
47592220,3,2026-01-24,哈？我以为开服福利还没发完，结果真就这点啊……😨<br />刚过完1-2，还没升到15级，先说目前感受。<br />椅子可以坐，但是是很端正的军姿坐，背不会靠上椅背，所以侧面看着腿离椅子很远会很奇怪。,negative,0.85,,2026-07-19 06:52:37
47689181,2,2026-02-02,我是一个玩了二十多年各种电子游戏的老玩家了，什么类型都会玩，也会为游戏付费，最近肝了一个多星期终末地，每天都是花了很多时间在玩 甚至有几天下班之后通宵玩，一开始搞基建还挺好玩的，通关之后索然无味 每天,negative,0.9,,2026-07-19 06:52:38
47634561,2,2026-01-28,1 我觉得 TapTap 上面的一个评论说得很对，他这个游戏流程设置就很怪。你想打的时候让你去搞基建，你想搞想搞基建的时候让你去打。这样子，两边都体验不了乐趣。<br />2 游戏不是应该教育消费者，,negative,0.85,,2026-07-19 06:52:39
47720500,3,2026-02-05,总体来讲讲从三测（其实没怎么猛玩，氪完金看完主线剧情爽了好久的满潜42，没怎么深入玩，主要是删档，不想做无用功）玩到现在感受吧。<br />①主线剧情  这四号谷地的剧情真的是一言难尽，纯纯的流水账，,positive,0.7,,2026-07-19 06:52:40
47603277,4,2026-01-25,我现在50级，零氪。<br />目前为止（1月25日晚11点）<br />抽卡:限定池125抽 普池87抽 （源石全碎，买了源石档通行证）武器池给的资源是够保底的（因为我吃保底了）<br />六星:两,positive,0.7,,2026-07-19 06:52:42
47784933,4,2026-02-10,首先声明一下：我是由自身的体验来评价的，有些地方可能不太符合您的想法，一切以您的想法为准<br />🎮可玩性：<br />首先我来评价一下深受诟病的基建，首先前期就是非常之难受，要去找矿，找矿又要去做,positive,0.65,,2026-07-19 06:52:43
47665353,2,2026-01-31,9天玩了30个小时。平时没太多时间，这已经是我尽全力肝的结果。目前剧情已经到了武陵。个人觉得很失望，或者说除了基建系统歪没看到突出优势。<br />剧情<br />剧情可以用毫无吸引力来形容，这是第一,negative,0.9,,2026-07-19 06:52:44
47554161,3,2026-01-22,半夜3点多偷偷涨了0.2分，何意味，眼睁睁从4.1突然变成4.3<br />————<br />先说些优点<br />1.游戏可玩性确实还不错，内容很多，但是这也会导致上手比较复杂。因人而异，游戏比较,negative,0.85,,2026-07-19 06:52:46
47575487,1,2026-01-23,怒肝两天到30级 浅浅谈一下我的看法（本人米家三件方舟战双啥都玩过<br />首先是福利 鹰角你见过哪款游戏爆肝两天小保底都没到的吗（这可能有点因人而异 但是真肝到30级就能明白我了）我本人是比较肝的,negative,0.85,,2026-07-19 06:52:47
47575400,3,2026-01-23,其实也是玩了一段时间了，明日方舟也算是老登了，也是真的喜欢的ip，但这游戏说真的挺失望的。<br />💃🏻立绘建模：<br />建模方面其实我个人感觉是有点割裂的，因为他的主要角色的一个建模是很不错，,negative,0.85,,2026-07-19 06:52:48
47611851,3,2026-01-26,ps亚服，裸连，除了最开始卡掉过几次，后面基本都是41ms。<br />目前玩了有6小时，刚刚解锁自动采矿送仓库，整体感觉像异度神剑+经营规划。<br />画面不错，初始场景雪地，无论是平的雪地，还是,positive,0.7,,2026-07-19 06:52:50
47615766,2,2026-01-26,缝一堆玩法进去但是又缝不明白 优点比缺点多制作组是傲慢的还得快进到听不清玩家的声音吧<br />先说战斗 就是很明显的套了魂角色战斗有很明显的前摇和后摇但是打击手感又沉又硬战斗系统过于简陋就是主控角色,negative,0.9,,2026-07-19 06:52:51
47597949,2,2026-01-25,玩了一段时间，感觉《终末地》优缺点都很明确。优点是世界观氛围在线，玩法框架也看得出想做“探索+战斗+基建产线”的完整循环，内容不是空的。<br />但问题也挺集中：基建链路绑定太深，很多进度都绕不开跑,neutral,0.7,,2026-07-19 06:52:52
47553240,3,2026-01-22,我主要想探讨几个方面：<br />首先是把角色的完整强度拆分到命座里还强绑队友的抽卡运营，一直把我折磨的不行。<br />而且有些二游会靠数值膨胀逼你抽新角色，抽了一个本体，你又得抽武器，命座，队友，,negative,0.85,,2026-07-19 06:52:53
47598981,3,2026-01-25,美术很棒，第一梯队<br />剧情还好，台词不尴尬，虽然没跳过，但也提不起兴趣（¯へ¯我猜大部分人来这里还是来看美少女蹦蹦跳跳的）<br />玩法很丰富但繁琐，基建、地图养成、物品生产与分配、虽然费脑,negative,0.85,,2026-07-19 06:52:55
47574927,5,2026-01-23,看评分和高赞评论就知道这游戏并不适合大多数二游玩家，在端游高强度体验了三天之后我是很享受终末地的开荒体验的，详细的新手教程，经典的基建系统将部分二游属性和类戴森球游戏的工厂生产线玩法结合到了一起，这种,positive,0.85,,2026-07-19 06:52:56
47635494,3,2026-01-28,有涉及到搞基建的游戏我确实是第一次玩。我是b服，在这边没有记录，今天刚满30级，之后的45级没有十连票子了，打算溜了<br />不过真的觉得这游戏有些地方真的很繁琐。<br />1.中继器什么的你哪怕,negative,0.85,,2026-07-19 06:52:57
47588469,1,2026-01-24,明日方舟终末地是我玩过的所有开放世界探索/箱庭探索里地图设计到引导最差的一款。<br />从最初的新手图，四号谷地，谷道那张图就初现端倪，后面的采石场任务，打不过天使传走了一次就找不到原来的路了。地图,negative,0.95,,2026-07-19 06:52:59
47584807,3,2026-01-24,这个类型很挑人，前期基建有大量的入门教程要做，不算难，但是太多了，做的很烦躁（但是必须做 因为基建迟做一天就亏一天材料，而且模拟给很多抽卡材料），如果你能做到进武陵城就代表这个不是缺点，是这个类型的受,negative,0.85,,2026-07-19 06:53:00
47727271,2,2026-02-05,①，叠甲，开服老粥批。来自星辰首发吃了坨大的，后面吃不下答辩，就当捐赠给残疾人了。（附图该公司的三家游戏截图）<br />②终末地品鉴了两周。大地没锄完。我只能说很多地方都挺反人类的，虽然2月4号发通,negative,0.95,,2026-07-19 06:53:02
47576448,5,2026-01-23,-<br />我不知道这游戏哪里好玩，但它对我和几个朋友来说就是好玩。<br />-<br />福利部分的话大部分是需要自己肝的，0氪目前第6天共抽了110抽普池，80抽up池。<br />武器池10,positive,0.8,,2026-07-19 06:53:03
47574837,3,2026-01-23,二游嘛，美术与抽卡。美术方面没得说，非常的好，可以与少前2一起站到第零梯队。<br />至于抽卡的话，给的确实少。120发的大保底，全图500多个宝箱，可能也就50发左右，算上新手的一些活动，月卡和每,neutral,0.65,,2026-07-19 06:53:05
47604897,3,2026-01-25,电脑端玩的，对于基建一窍不通，过着主线吧，让我有种莫名的即视感，嗯，主角就是个博士2.0<br />剧本都一样！<br />你这开个航空母舰在天上跟罗德岛在荒地上开有啥区别？<br />剧情我没细看，,negative,0.85,,2026-07-19 06:53:06
47535381,4,2026-01-22,爽玩俩点，有点浪费时间，只能说慕名而来，目冥而去<br />综合评价：类原、拾荒、赛博土木、谜语大全、4a、类qte<br />现阶段来说，如果能为了建模抗压到完全优化好也可以玩，不然不是很建议玩<b,negative,0.85,,2026-07-19 06:53:08
47732396,4,2026-02-06,我感觉这一款游戏还是很不错的，至少我刚刚开始玩的时候还不错。<br />这个游戏优化做得很好，我pc端的锐炬稍微降一下画质核显都能稳住60帧。<br />游戏内容做的也不错，除了战斗系统我不是很喜欢以,positive,0.85,,2026-07-19 06:53:09
47579180,1,2026-01-24,鹰角这波跳出塔防舒适区搞《终末地》，属实是野心揣了一箩筐，本事只够半篮子，把一手好牌打得稀碎！说好的末世开拓大作，到头来就是给玩家量身定做的“星际坐牢套餐”，美术配乐拉满封神，玩法体验拉胯破防，主打一,negative,0.95,,2026-07-19 06:53:10
47768564,4,2026-02-08,从开服到现在已经16天了（应该是对的，我是1月22号进的），半个月过去了，我账号练度已经49级马上50级了，干员我不是很追求满潜，但是我喜欢收集，我比较喜欢的干员，基本上都满专精升到八九十级了。<br,positive,0.7,,2026-07-19 06:53:12
47605667,5,2026-01-25,本人终末地打灰了5天，坚持所有剧情不跳过，没有抽限定池子，常驻里两只余烬。现在聊一聊对游戏的看法。<br />画风：终末地的美术和画风能给人惊艳的感觉，可能由于本人设备的问题，无法开到最高画质，但过场,positive,0.7,,2026-07-19 06:53:13
47551627,1,2026-01-22,我是明日方舟一名玩了3.4年的老玩家了吧，然后就10几天因为有事情没有登陆就快全勤了，然后玩这个终末地，也是因为玩了方舟，想着同样是鹰角网络的游戏，就寻思着差距应该不会太大吧，结果鹰角真是来了坨大的。,negative,0.95,,2026-07-19 06:53:14
47624786,3,2026-01-27,这两天日均10+h地肝，终于是把第四谷地肝完了。<br />真有点力竭了，来写个评价缓缓。<br />💃🏻立绘建模：<br />感觉策划没见过人穿衣服，你说你要媚就媚吧，美少女穿个机甲还整个三角区丝袜,negative,0.85,,2026-07-19 06:53:16
47714548,1,2026-02-04,我是玩家不是观众，所以在我这里第一要素是可玩性，第二是福利，第三是运营，最后才是剧情这种杂七杂八的东西。战斗玩法一塌糊涂，打击感稀碎，操作正反馈差，基建系统还可以，但引导一坨且套娃，缺乏长期乐趣。这是,negative,0.9,,2026-07-19 06:53:17
47551866,3,2026-01-22,修改:村里发金条了，上调一点。但商业模式没改，除非之后大发福利不然还是略贵了。<br />PC端从早上十点打到晚上十二点，支撑我的最大动力就是攻略里的: “武陵比四号谷地有意思/好玩。”<br />但,negative,0.9,,2026-07-19 06:53:18
47544634,4,2026-01-22,一编:这几天肝下来其实发现游戏在某些地方倒是挺人性化的，比如种植园同一编队的角色会帮你做相同的工作，也会帮你去捡物品，ui在一些地方显示的恰到好处 。剧情方面确实到了武陵会好很多。<br />不过还是,negative,0.7,,2026-07-19 06:53:19
47561185,3,2026-01-23,(26.2.23更新)终末地是一款的塔卫二主理人游戏，沉睡数年、总裁回家，亲力亲为、统揽大局，不过要记得多备几双腿。总的来说，终末地的优缺点都非常的明显，是一个比明日方舟还挑受众群体的游戏，但这似乎与,neutral,0.7,,2026-07-19 06:53:21
47598401,4,2026-01-25,…………1月29日更新…………<br />探图玩的我好爽，每天就玩一小时，主线完全不推，哐哐做支线。每个支线都在地图探索层面给点小惊喜<br />………………以下为评价………………<br />先说好，,positive,0.8,,2026-07-19 06:53:22
47623070,5,2026-01-27,夯，无需多言。<br />因为字数限制，我简单聊聊为什么对终末地如此抱有信心。我觉得国内舆论把游戏划分为二游和其他游戏的分类有些过于片面了，甚至有些看乐子的成分。在我心中或许那些好看的纸片人，好听的c,positive,0.85,,2026-07-19 06:53:23
47630406,1,2026-01-28,目前进度：54级 基建毕业<br />【2.5更新】<br />我十分好奇伊冯的个人剧情究竟是谁写的？以及为什么要在这个时间点放出伊冯的个人剧情？<br />我听说在三测时就已经有人反映了伊冯，狼卫的,negative,0.85,,2026-07-19 06:53:25
47616497,2,2026-01-27,目前从开服到现在玩多时间不太清楚，因为手机太老了主要在pc玩，但是玩这么久了有个大致的评价。如果此游戏抛弃抽卡，那么这个游戏我是可以认为其勉强达到了及格线，可以打5.9/10。然而这是一款四人组队打怪,negative,0.85,,2026-07-19 06:53:26
47561884,3,2026-01-23,这游戏游戏有可圈可点的地方吧，玩是可以入手玩，但不建议充钱，首充六块大洋也不建议<br />1、基地的生产线玩法：<br />优点就是玩法有趣，别开生面，四处拉电线和制造生产线，还能种植植物，玩着玩着,neutral,0.7,,2026-07-19 06:53:27
47633258,3,2026-01-28,满分10分，最终6.5分到7分左右。<br />在这之前除了MC没有玩过什么建设类的游戏，今天第七天，才刚刚完成第一章的任务，准备去武陵。具体体验变化是开局的7分，中间5分，后面慢慢升到6到7分。<b,positive,0.7,,2026-07-19 06:53:29
47552352,3,2026-01-22,三编。<br />高强度玩了68个小时，自认为有发言权了。<br />首先我们按模块分别说清楚终末地的优缺点，方便各位在看完之后决定是否要入坑。<br />战斗模块:有点深度但不多，如果不去仔细研究其,neutral,0.6,,2026-07-19 06:53:31
47671837,3,2026-02-01,玩了几天下来这就是筛选制<br />个人客观评价，没有任何恶意倾向<br />游戏中除了管理员其他角色多多少少都有兽化，42是前作的<br />拉电线到处跑，听起来很肝，但其实是一次性的，拉了一次以后,negative,0.85,,2026-07-19 06:53:32
47553866,5,2026-01-22,pc玩家手机没时常。底子不错但做的非常一般，给个四星鼓励一下。<br />鹰角的美术音乐尤其是平面构成和音乐这一块没得说可以给个夯爆了<br />战斗系统有点反直觉，好处是下限很低上限很高，配队配得好,neutral,0.7,,2026-07-19 06:53:33
47682163,3,2026-02-01,首次对一款二游表达认可达到了及格线，人物建模相比精细很多尤其是微表情上，场景上偏写实很大程度上拉高了整体的观感，音乐很有审美但这点和其他二游大相径庭。在此吐槽下，这真是flacom和atlus一辈子都,positive,0.65,,2026-07-19 06:53:35
47526332,3,2026-01-22,在深入游玩了十几个小时以后觉得之前的评价是不严谨的所以说重新评价<br />💃🏻立绘建模：<br />这个画风我是喜欢的，，六星干员的建模与塑造是优秀的，可以给到80分。我也是冲着游戏角色来玩这个游戏,negative,0.85,,2026-07-19 06:53:36
47590007,5,2026-01-24,开服第1天玩了十几个小时，第2天玩了10个小时左右，今天又玩了10个小时左右，也是上到了40多级，基建玩法给我的感受就是对于我们喜欢建造的玩家来说是特别好的，但是我感觉我这30个小时，给我的反馈有点少,negative,0.85,,2026-07-19 06:53:38
47596566,4,2026-01-25,时间充裕or跟我一样随意玩玩，可以不用太在意资源，别看评分稀烂，这游戏一直温还是没问题的✓<br />门槛点高了。希望基建玩法减负，这块并不是很有趣。<br />核心是箱庭战斗+基建养成？<br />,neutral,0.7,,2026-07-19 06:53:39
47608356,4,2026-01-26,说到底这就是个慢玩型游戏，从目前大众来看，比较少的人喜欢这种发展类型的游戏。<br />大家都喜欢即时性反馈快乐的游戏，比如枪战类型打开游戏击杀敌人就获得瞬时的快乐，被击杀就容易沮丧，游戏给人整体是一,neutral,0.6,,2026-07-19 06:53:41
47568683,3,2026-01-23,个人情况：<br />等级：22级<br />时长：约8小时<br />体验方式：前2小时深度看剧情，后续选择性跳过<br />————————————————————————————<br />「省,negative,0.85,,2026-07-19 06:53:42
47837652,1,2026-02-15,开服全勤到现在，目前角色全图鉴，简单聊一下感受。<br />1.剧情。神秘，非常神秘。谜语人这一块，主线的推进很迷，不知道在乱跑什么，全程都是工具人。一上来会塞一大堆自造词，不仔细看文本就一头雾水，然,negative,0.95,,2026-07-19 06:53:43
47577409,1,2026-01-24,池子毒到家都不认识，氪金，工资和福利三烂。明明有跳过，但为了防止玩家刷初始，前期堆满不可跳过的动画。玩到30级，全程出的都是散体系，42歪了就直接不想玩了。<br />我就好奇了，什么时候要肝几个小时,negative,0.95,,2026-07-19 06:53:44
47675019,1,2026-02-01,满星5⭐<br />1.美术方面5⭐：这个可以给5星它的美术是好 无论是人物还是环境 这个没啥问题 新东方也看着很舒服<br />2.游戏优化5⭐：优化方面没说的无论是手机还是pc都几乎没有任何卡顿，,negative,0.85,,2026-07-19 06:53:46
47576830,4,2026-01-24,鹰角这次优化是真的下血本，1500元档位的手机都能流畅运行高画质，无卡顿、无掉帧，甚至比某些“优化刺客”开放世界手游还丝滑，低配置玩家狂喜，终于不用为了玩游戏换手机了！<br />美术也杀疯了！二次元,positive,0.85,,2026-07-19 06:53:47
47576013,2,2026-01-23,终末地开服前被不少玩家看好，三测后一直到22号正式开服前还有大批玩家期待实操，可是究竟是为什么导致终末地风评剧烈下滑呢，无疑是因为游戏机制与福利，以及在运营方面存在极大的问题。你司有比较成功的先传游戏,negative,0.85,,2026-07-19 06:53:48
47592183,4,2026-01-24,三年博士了，一直喜欢明日方舟这个ip，有我喜欢的角色和喜欢的玩法，对制作人和知名主播也逐渐熟悉，热爱越来越深，听到小羊再旅了非常开心，玩了之后听到小羊语音说今天也听到了很多美妙的声音不禁动容，愿意看见,negative,0.85,,2026-07-19 06:53:50
47575093,4,2026-01-23,还愿属于是，喜欢小爷子出了我就不对你这么失望。<br />闪退，肝度大，战斗机制复杂，养成真的挺复杂，开荒缺乏那种爽感，跟你大哥刚开服似的，依旧对独立游戏的愧疚，我骂过别礼服设新手出这个别礼，虽然没神,positive,0.7,,2026-07-19 06:53:51
47531714,2,2026-01-22,首先，人物建模确实很好这个没得说，衣服层次很细致点赞。刚入场那些墓碑确实很震撼我，后面剧情就开始有点没有新意了。<br />然后就是缺点了:<br />最难受的就是跳跃，与其他的动作撕裂感特别严重尤其,negative,0.85,,2026-07-19 06:53:52
47588870,4,2026-01-24,玩了两天，现在是26级，总的来说这是一款很挑人的游戏。简单来说：什么都好，但可惜是个二游。<br />适合对于战斗和基建都感兴趣，但都又不想体验过于复杂的内容的玩家就刚刚好，类似我这种《鬼泣5》dmd,positive,0.7,,2026-07-19 06:53:54
47586951,5,2026-01-24,在《明日方舟：终末地》的废土世界中跋涉三十小时后，我的手指仍残留着操作终端的震颤感。这款鹰角网络耗时三年打磨的开放世界游戏，用一场关于文明重启的史诗，将即时战略、基地建设与角色扮演熔铸成独特的生存体验,positive,0.85,,2026-07-19 06:53:55
47556304,2,2026-01-23,我从来没有玩过二游。身边有些朋友玩明日方舟，但是对粥的玩法不是很感冒，就没有玩。<br />于是朋友推荐说，如果你喜欢经营，你可以试一下粥的下一作。所以我来玩终末地了。事实证明，这就是一团屎味巧克力。,negative,0.9,,2026-07-19 06:53:56
47780558,3,2026-02-10,完了有一会了，现在是 52 级，武陵和谷地的基建毕业了。<br />先说基建吧，作为这个游戏的最大特色，个人认为可玩性是非常高的。（也有可能是我第一次接触这类自动化游戏）首先它上手难度不高，核心逻辑两,positive,0.7,,2026-07-19 06:53:57
47613685,5,2026-01-26,好玩。战斗不是套用二游传统模板，摒弃了单一的“普攻+技能+大招+换人”的无聊打法。全新设计引用了【连携+状态改变】系统。<br />物理层面以【破防】为基础状态，根据不同的角色可以追加：猛击/击飞/倒,positive,0.85,,2026-07-19 06:53:59
47604824,5,2026-01-25,开局先叠甲：各类游戏来者不拒，明日方舟也是从开服玩到今年9月，属于是比较忠实的鹰兵了。<br />为什么推荐：本作给我带来的第一个感觉也是最直观的感觉就是耐玩，难道耐玩就能给五星了吗？那我问你yj给你,positive,0.85,,2026-07-19 06:54:00
47558244,1,2026-01-23,先说结论：快跑。昨天一共林林总总玩了六个小时，手机上实际体验了两个多小时（然后昏迷了），后续（缓过来）PC上玩了四个小时。浅说一下感受。<br />开局资源给的太少了，活动页面说有很多抽卡资源，实际体,negative,0.95,,2026-07-19 06:54:01
47625097,3,2026-01-27,明日方舟开服玩家 全图鉴全刻章选手。终末地用的pc端，连续肝了4-5天，已经开始长草了。<br />终末地游戏质量是过关的，游戏性是合格的，但其商业化是一场不折不扣的灾难。<br />1.玩法上，虽然,negative,0.85,,2026-07-19 06:54:03
47740925,5,2026-02-06,终末地这段时间体验下来，整体算是超出预期，但槽点也真不少的作品。先说好的地方：鹰角的美术、场景氛围、世界观调性依旧在线，废土工业+遗迹科幻的风格特别统一，不管是野外场景、据点设计还是角色建模，都能看出,positive,0.7,,2026-07-19 06:54:04
47623165,1,2026-01-27,先说优点吧<br />建模精良，优化极好（本人设备4060全极高特效，帧数稳定在120+以上）<br />然后咱再细谈一下，2026年的二游市场早就卷成血海了，要么把轻量化体验做到极致，要么靠诚意福利,negative,0.95,,2026-07-19 06:54:05
47534854,1,2026-01-22,💃🏻立绘建模：<br />立绘建模是目前二游里应该是最好那一批，这也是吸引我来玩这个游戏的原因，这个确实没的说<br />剧情方面：<br />不予置评，因为玩的实在有点烦躁就跳了一部分，本着没吃完就,negative,0.8,,2026-07-19 06:54:07
47588309,1,2026-01-24,作为一名怀揣着对明日方舟系列情怀入坑《明日方舟：终末地》的玩家，从开服体验至今，我从未在一款二次元游戏中，因指引系统的全方位拉胯感受到如此强烈的游玩挫败感。这款游戏拥有顶尖的建模质感、颇具深度的基建玩,negative,0.9,,2026-07-19 06:54:08
47599525,5,2026-01-25,好玩，爱玩，3发十连出了42姐，虽然武器池保底了，但是不妨碍我玩的开心，明明就很好玩啊，有朋友一起开荒，看看谁先把电线拉满，多开心啊，搞不懂为什么现在两极分化这么严重？认为好玩的是觉得真好玩，认为不好,positive,0.7,,2026-07-19 06:54:09
47548372,4,2026-01-22,事先声明：本人玩过的二游只有1999 明日方舟 邦多利<br />相似类型游戏玩过死亡搁浅 mindustry 我的世界机械动力<br />总体：3.8分<br />配置：r9-8940hx +506,negative,0.7,,2026-07-19 06:54:11
47592576,1,2026-01-24,纯主观评价。<br />PC玩了两天，可把我恶心坏了，一句话总结，元素很多，疯狂想把元素糅在一起，但是糅得很烂。<br />冲着42奶奶去的，我是明日方舟开服最早的一批玩家，这是陪了我好多年的IP，霜,negative,0.9,,2026-07-19 06:54:12
47604249,1,2026-01-25,游戏存在很大的问题。<br />1，抽卡机制<br />如图是某玩家的抽卡截图，你意识到了什么严重性没？<br />限定卡池不继承？你作为一个二游、大世界开放世界游戏，你卡池不继承？隔壁原鸣都是继承的,negative,0.9,,2026-07-19 06:54:13
47604980,2,2026-01-25,基建一般都是沙盒游戏，盖生产线的同时改变地形把世界变成玩家想要的模样，但是终末地给我的感觉就是我费劲巴拉的盖基建就是把世界改变成制作组想要的模样，等完事以后再被制作组一脚踢到下一张地图然后再从头再来一,negative,0.95,,2026-07-19 06:54:15
47634819,1,2026-01-28,事先声明，我是一个方舟玩家，也算是鹰角的老用户，我是很希望鹰角能把终末地做好，接下来来谈谈我的感受。<br />PC端玩的，所以这边没数据，只能说整个游戏玩的很累，很浪费玩家生命，该简洁的地方太过繁琐,negative,0.85,,2026-07-19 06:54:16
47773894,1,2026-02-09,说实话，开测玩下来体验很差，因为对明日方舟有很大好感忍住了一直没打差评，想看看有没有机会坚持到口碑反转。现在开服两次大更新过去了，看来是没戏了，差评收好。<br />1.画面及格，文案垃圾：祖传谜语人,negative,0.95,,2026-07-19 06:54:17
47601876,5,2026-01-25,初期体验雀实不好 槽点一堆 我就不一一举例了<br />说一下大家讨论最多的福利问题 新手池一个六星 常驻池也有一个 然后送小羊和专武 其实不算差了 但限定给的是真少 第一天玩了好几个小时才10多发 ,positive,0.8,,2026-07-19 06:54:18
47556497,1,2026-01-23,pc 玩了5个多小时，给我玩恶心了，在二游里面也算非常恶心了，我对二游游戏性抱有的期待本身就很低，以下全是真实感受。<br />唯一好的地方：角色确实好看，建模精度高，脸和皮肤都做了柔和打光，相当于全,negative,0.95,,2026-07-19 06:54:20
47835480,1,2026-02-15,剧情方面很难评。个人感觉剧情做的一坨(第一章节)，想要入坑的感觉一直跳过都没事，一直过剧情都没看懂他要表达些什么。剧情文本依旧神秘失忆，神秘背景，神秘谜语人，感觉这个剧情都差不多。<br />玩法方面,negative,0.85,,2026-07-19 06:54:21
47590603,2,2026-01-24,pc上差不多10+小时了吧，评价这个游戏不提死亡搁浅说明根本没喷到点子上，这游戏的体量以及对应的游玩方式就不属于手游（碎片时间的游玩方式），甚至比一些主机游戏还要复杂，对玩家的需求还要高，不谈抽卡，放,positive,0.7,,2026-07-19 06:54:22
47607849,5,2026-01-26,先说结论，然后重点就几个痛点聊聊这个游戏。<br />结论：上手难，前期折磨，后期会随着基建启动体验越来越好的pc端单机游戏<br />本人的玩家画像:小氪（1500左右），青年上班族，二次元游戏美术,positive,0.7,,2026-07-19 06:54:24
47624933,4,2026-01-27,尊敬的明日方舟终末地项目组：<br />你好！<br />游戏是我最大的爱好，是我生活中不可缺失的一部分。平时在各种类型的游戏中游玩，花钱也是花了四五千了。我玩过各种各样的游戏，有的通过优秀的反馈带给,negative,0.85,,2026-07-19 06:54:25
47648748,5,2026-01-30,美术建模，竟然能做到这样，把高清贴图在电脑极低的画面设置上，人物也完全不模糊勇气。基建这部分属于对电波，对的上的玩的很爽，对不上就不玩了吧，基建占玩法占挺多的。抽卡上，第一个up池和武器可以攒出大保底,positive,0.7,,2026-07-19 06:54:26
47659303,2,2026-01-30,综合评价：NPC<br />叠甲时间：大学生，有时间，牢二次元，市面上几乎任何说得上名字的二游我都参与其中，不说米家玩了多久，不知道前段时间的少前追放乃至纯白和弦（对，这俩一个死法）我都在暴雷前狠狠的,negative,0.9,,2026-07-19 06:54:27
47666623,1,2026-01-31,10天50级养生玩家，推完主线就卸了，美工没的说，干员性格都刻画不错，背景环境很好看，剧情虽然拉的有些长，中间穿插各种问题，但是总体还不错，个人非常喜欢管理员（女）很可爱，但是其他角色的对我一个脸盲来,negative,0.8,,2026-07-19 06:54:29
47627947,4,2026-01-28,1、开局肝到吐，地图的抽卡资源太分散，总量或许足够，但获取需要的时间非常长，奔着抽卡资源去肝会非常非常累。这对于习惯了二游抽卡的玩家几乎是不可接受的。<br />2、基建升了科技，不完成教学任务不给系,positive,0.7,,2026-07-19 06:54:30
47611413,1,2026-01-26,明日方舟120级牢玩家，看在前面四个字的面子上来体验终末地<br />简评一下就是又臭又长，各种玩法杂糅又互相限制<br />🎮可玩性：<br />主推玩法基建，战斗，箱庭，二次元手游经典玩法，这几个,negative,0.9,,2026-07-19 06:54:32
47717201,4,2026-02-05,怎么说呢，终末地一开头确实有十来个小时的煎熬期。这可能是因为鹰角在做明日方舟的这些年积累了太多的想法与热情，又无法通过平面塔防游戏全部实现，结果一股脑倾注到终末地中，没有做好减法，最终导致玩家一上来就,positive,0.85,,2026-07-19 06:54:33
47611174,5,2026-01-26,手机和电脑端体验差距很大，如果主玩手机不建议入坑。游戏可以分为三大块内容：战斗，探索和基建。<br />战斗方面，没什么亮点，花时间最多的可能是研究配队，一旦队伍成型，玩起来不需要什么操作，闪避和打断,neutral,0.7,,2026-07-19 06:54:34
47587970,3,2026-01-24,优点:美工没得说，建模一顶一的顶，算是26年的游戏质量。<br />好了优点说完，剩下的就是缺点:<br />1.跑图体验拉胯，攀爬和二段跳都没有。这就是个大型箱庭地图，跟开放世界八竿子打不着<br ,negative,0.85,,2026-07-19 06:54:35
47569707,4,2026-01-23,如图，从昨天开服到今天一共玩了十五个小时，开始确实觉得有点无聊，尤其是基建部分感觉繁杂费力且乏味。但是越玩越觉得还挺有意思。争议很大的基建部分，不喜欢的人觉得复杂、鸡肋，正反馈少。但我体验下来，觉得基,positive,0.8,,2026-07-19 06:54:36
47685448,5,2026-02-02,怎么节奏那么大，不是哥们你们才玩几天，怎么开始有权利说这个游戏死了，游戏时长发个过来再聊，抽卡歪的另说，小羊本来就是送的，不送得自己抽才开心是吗，有的人抽出来一只就乱叫完啦完啦，下次这样直接买自抽号吧,positive,0.7,,2026-07-19 06:54:38
47715864,4,2026-02-04,一 剧情<br />谷地剧情基本没什么起色，但武陵剧情和现在的大多二游相比还是能到及格线的，综合来看2.7分。<br />二 福利<br />福利体感上还好，打完前三章前期开荒队伍队员基本都有了。<b,neutral,0.6,,2026-07-19 06:54:39
47617837,5,2026-01-27,玩了一天，可以拍板了，鹰角这波真的给同行好好上了一课，要是连终末地都让你觉得没意思，那市面上所有开放世界带建造的游戏，你基本都可以不用碰了，这游戏就不是那种让你不停点点点、十分钟就通关一个阶段的类型，,positive,0.9,,2026-07-19 06:54:40
47586963,5,2026-01-24,我一开始玩的时候呢是很大期待的，嗯，在中途中这个游戏它都有个通病，就是前期需要点时间。反正今天也开服没多久，我是感觉这个游戏还有些细节，我觉得做的非常的不错。我说的是细节。<br />然后其他的地方的,positive,0.8,,2026-07-19 06:54:42
47530947,2,2026-01-22,这游戏还有硬夸的真离谱了，一堆毛病能说出来还能打四星。真的无敌了<br />又在电脑上玩了一会，回评一下。<br />首先是游戏的战斗，太刮痧了。正常来说游戏前期打起来应该没这么刮痧的，要卡人也是中期,negative,0.85,,2026-07-19 06:54:43
47646288,4,2026-01-29,我上一个退坑的游戏是某爆款古风游戏 做完《节xxxx之x》后退坑的。<br />所以什么新手指引婆婆妈妈我完全没感觉到。毕竟她再婆婆妈妈也是为了让玩家更好的游戏。而不是恶心玩家完成自己的“艺术”。<b,positive,0.85,,2026-07-19 06:54:44
47586831,4,2026-01-24,看大伙都在骂，所以我一直没敢发评价……给四星是因为本人喜欢搞基建。不要喷我，我只是个什么都试试的普通玩家。<br />23号凌晨下载，体验完又臭又长的新手前置剧情后开启了终末地之旅——<br />-<,positive,0.7,,2026-07-19 06:54:46
47594151,1,2026-01-25,没玩过这么让人力竭的游戏，真的，肝的不是没玩过，又肝又抠门还让人看得云里雾里一脸懵逼的游戏是第一次玩<br />基建板块和主线剧情强绑定不能跳过，但是基建产物和角色关系极小，不能用来抽卡也不能用来获得,negative,0.95,,2026-07-19 06:54:47
47597501,3,2026-01-25,先简单说一下，玩了十几个小时，也把42抽出来了，武器全歪还差30保底。我也是第一次发游戏评价，之所以要发这篇评论，是因为我玩之前还是对终末地抱着期待的，但玩到现在给我的感受只有一个“累”字，完全不明白,negative,0.85,,2026-07-19 06:54:48
47571203,3,2026-01-23,从开服连着玩几天了，个人认为还是有戳我的点的，明日方舟玩的不多，所以这方面用路人视角。<br />首先我很喜欢终末地的美术风格，这也是让我玩下去的动力之一，同时美术方面每个人喜好不一样就不展开写了。<,positive,0.7,,2026-07-19 06:54:49
47562171,2,2026-01-23,非常无聊。过场动画特别多，还不给跳，你都给跳剧情了，为什么不给跳过场动画。还有这个狗屎拉电线拉的我是真的心力憔悴，拉完之后又要放供电站，放完供电站又放滑索，放完滑索又要拉中继站，然后重复之前的操作。你,negative,0.95,,2026-07-19 06:54:51
47625401,4,2026-01-27,以前设备比较差带不动原和鸣所以没玩过，只作为一个开服老粥批来说已经很满意了，没跳剧情加一路收集肝了6天才毕业，进武陵也是49级了<br />先说优点<br />游戏内有很多明日方舟的世界观，泰拉人通过,positive,0.7,,2026-07-19 06:54:52
47572960,3,2026-01-23,四编:<br />感觉越来越没意思了，有的时候一天两天不上线，就算上线了，也只是合成个装备，平时会给干员压等级，就偶尔需要活跃度就升一下级，然后再送礼物或者是升级武器，把活跃度凑满，然后下线。<br ,negative,0.8,,2026-07-19 06:54:53
47569836,4,2026-01-23,玩了两天，谈谈感受<br />1，战斗玩法比较新颖，操作简单<br />2，剧情一般，特别是开局一堆谜语<br />3，福利还行，虽然送的抽数多，但大部分是普池，嵌金玉给的也挺多，但一抽的单价有点贵，,positive,0.7,,2026-07-19 06:54:54
47545823,1,2026-01-22,《明日方舟：终末地》开服体验反馈<br />注：1、此反馈目在推动游戏优化的玩家反馈。2、会不定期整改、优化反馈内容。3、本人pc玩家，显示的游戏时长仅为移动游玩时间，请把心思放在文章内容上。4、如果,negative,0.85,,2026-07-19 06:54:56
47645307,1,2026-01-29,事先声明，我之前玩过原神和鸣潮。也会因此去这2点进行判断。毕竟还算是大世界。<br />💃🏻立绘建模：我因为玩过鸣潮，所以说，我认为人物还行，画面还算是可以。这个我觉得没什么好争辩。<br />🔖运营,negative,0.85,,2026-07-19 06:54:57
47612799,2,2026-01-26,"非常割裂的慢热圈钱单机抽卡解谜基建箱庭二游，你要是买断单机，或者多给点抽数那能给到3颗星，你要是再重新设计剧情和关卡，主线支线适当引导,优化箱庭地图，角色养成和战斗体验那能给到4颗星，你要是再取消基建",negative,0.85,,2026-07-19 06:54:59
47664127,5,2026-01-31,福利这块1.0版本统计为限定215抽高于其他四家或大世界或箱庭游戏，常驻目前为113抽，新手池有40抽，专武为抽角色赠送的武器配额去抽，而且到今天截止游戏目前没有推出活动，活动送的也是很多的，所以想入,positive,0.7,,2026-07-19 06:55:00
47608149,5,2026-01-26,玩了四天，主线过完，基建毕业，up角色和武器也都抽到了，说点想说的<br />先总结一下抽卡资源（大小月卡）：角色Up池获取了154发，常驻池100发，新手池40发，武器池130发（13次），合计42,positive,0.7,,2026-07-19 06:55:01
47583735,1,2026-01-24,简单评价，拉了坨大的。除了画面和IP没有一点优势。<br />剧情坐牢<br />一个普通用户对游戏最热情的时间不超过3小时。终末地上来就是半小时开头剧情，接着就是强制打怪和主线两小时。经典教玩家玩游,negative,0.95,,2026-07-19 06:55:02
47586948,4,2026-01-24,玩法方面（前期）<br />对于大部分人来说过度无聊 大体上一直在拉电线 任务奖励不合理（对比起需要的资源来说太少了）连携技手感不错 个人感觉技能打击感挺不错的（比较喜欢简洁一点的）基建玩法 虽然无聊,positive,0.7,,2026-07-19 06:55:04
47645936,3,2026-01-29,玩了几天，说实话<br />一，卡池劝退。懂小羊两链的含金量嘛？（这还得加上肝的程度，肝几个小时才搞个十抽，负反馈拉满了）（卡池时间又很短）<br />二，没有好配队就会负反馈拉满，提升实力手段也恶心,negative,0.9,,2026-07-19 06:55:05
47743919,3,2026-02-06,想说一下自己玩这个游戏的感受吧，又不知道如何表达，只能想了一些海猫的小故事。<br />海猫小时候放学的时候路过小卖部，发现有他最喜爱的零食，但是他没有钱只能观望，然后老板问他：你那么喜欢为啥不买呢。,negative,0.85,,2026-07-19 06:55:06
47618110,5,2026-01-27,💃🏻立绘建模：<br />夯爆了<br />🧝🏻‍♀️角色人设：<br />夯爆了<br />如果打分的话，谷地我给三分，因为实在是无聊而且很破，剧情没有看点。但武陵是绝对的满分，剧情相当的有看点，地,positive,0.85,,2026-07-19 06:55:07
47597691,3,2026-01-25,你的意思是说，我在玩一款2026年的原神？<br />首先这b剧情，你的意思是星际文明被土著打爆了？然后我又失忆了？b鹰角这么喜欢失忆，也没见吃老白金啊。<br />之后，新手又臭又长，那些想重新开号,negative,0.95,,2026-07-19 06:55:09
47698959,1,2026-02-03,在我看来zmd就是个半成品。<br />战斗系统里，闪避系统和特效根本不能共存。<br />基建系统里，工业系统和最开始宣传的养成一点关系都没有，跟整个游戏近乎脱节，感觉删了都没问题。一对四个人16件,negative,0.95,,2026-07-19 06:55:10
47673310,3,2026-02-01,本人这十天也是玩了很久了，应该有点发言权大概有六七十个小时，墓前50级<br />先是是一些我个人评价：<br />世界探索：本人是不怎么喜欢看游戏收集攻略的，因为感觉游戏性质变成上班了，我觉得（就个,positive,0.7,,2026-07-19 06:55:11
47551666,1,2026-01-22,非常垃圾的一款二游，期待有多大失望就有多大。我玩过鸣潮，原神，体验时长都是几年。可能很多方舟玩家喜欢这款游戏。我客观公正地说说我的主观体验，喜欢的你玩就是了，我一个评价也不会让这个游戏黄了。<br /,negative,0.9,,2026-07-19 06:55:12
47603684,4,2026-01-25,纯主观。不用猜年龄，10年出生的，确实没成年。会提到其他二游。<br />写这个的时候，是2026年1月25日12点左右，所以有时间局限性。进度不高，挺慢的，后面有新的感想，还会写。<br />本来应,neutral,0.6,,2026-07-19 06:55:14
47758433,1,2026-02-08,首先我是被朋友带入坑的，后面朋友被坑跑了。现在我想分享一下我玩这游戏的真实体验。一开始确实感觉很一般，后面基建很上头，到现在对各种优化的不满。<br />一开始基建流程麻烦，进了模拟空间自己卡哪步必定,negative,0.85,,2026-07-19 06:55:15
47822609,3,2026-02-13,缺点已经有人说过了，我也看过很多了，所以这里只是简单说体验和不足，三颗星纯情怀<br />1内容很多却也很少，多是玩法多（送货，种菜，搞基建，搜打撤），少是因为可持续性低（寻像拾遗搜打撤版的模拟宇宙）,negative,0.85,,2026-07-19 06:55:16
47621067,2,2026-01-27,作为次世代的二游，画面建模什么的质量还是过硬的没的说。<br />最大的问题就是抽卡，抽卡太贵，资源太少，开个箱子就给小几十发，不知道还以为你是原神那个时代的游戏呢。这个是硬伤，得改。<br />然后,neutral,0.65,,2026-07-19 06:55:17
47594947,4,2026-01-25,连肝三天昨晚基建全毕业了，今天想起来过来写个评价吧<br />省流:终末地是一个看起来会忘记抽卡的电波系二游<br />省流结束，我们开始<br />首先是终末地最重要的玩法：<br />终末地是一款,positive,0.85,,2026-07-19 06:55:18
47590934,3,2026-01-24,首先真消费才能说真话（纯主观，你gang你对），我自己电脑端目前已经玩到了45级，充值6块（飞饼），主线已经打完了。<br />首先，我个人认为的优点：建模确实不错，角色微表情比较丰富，陈千语活泼可爱,positive,0.65,,2026-07-19 06:55:19
47590615,1,2026-01-24,不好玩，像在非洲打黑工，从头到尾都在跑路。地图超大，但事实上这一个箱庭游戏传送点还没原神好，同类型不如崩铁，人家绝区零1个小地图一个小地图都能分点直接到每个门口，你这个何意味<br />第一章4号谷地,negative,0.85,,2026-07-19 06:55:20
47603541,2,2026-01-25,开服到现在，我小号20级，大号43级，加上三测，已经算是比较深入的体验了这个游戏的内容，首先就是剧情开始，太过不知所云，拿隔壁两家游戏的开始做个比较，都算是老传统开局，主角失忆-偶遇引路角色-引路角色,negative,0.85,,2026-07-19 06:55:22
47789428,5,2026-02-10,[表情_狗头][表情_狗头]先说结论，我正常应该会给终末地9分吧，但是目前评分4开头按taptap标准确实有点低，给了10分<br />[表情_狗头][表情_狗头]福利方面:你评价这个游戏福利的话和卡,positive,0.85,,2026-07-19 06:55:23
47610429,2,2026-01-26,第一次修改，2026.3.17，版本更新后提交的问题几乎没改，游戏正面和负面的情绪价值都不少，不过我个人不推荐游玩<br />电脑玩了三天，所有问题是边玩边写的，如果有矛盾的地方请忽略，我之后也会继续,negative,0.85,,2026-07-19 06:55:24
47585992,4,2026-01-24,肝了三天把主线剧情通完了 现在是47级 给分给的是开荒的分，体感还行<br />战斗主要是偏重战前配队规划，战斗的时候按照这个打法执行就好了。敌人攻击有明显前摇还有红光提示，所以理论上角色之间有连携五,positive,0.7,,2026-07-19 06:55:25
47532001,3,2026-01-22,更新一下，大部分问题仅针对PE端。<br />刚卸载，鹰角第一次做开放世界，难免的很多问题，我来说一下目前我遇到的。<br />第一，场景问题。很多地方几乎都是猪猪侠第一部水平的打光，乃至有些地方还有,negative,0.85,,2026-07-19 06:55:26
47554110,3,2026-01-22,前情提要：明日方舟下过几次都没玩下去，每次都是铺天盖地的乱七八糟道具和故弄玄虚的名词看的脑瓜子嗡嗡的。但是感觉品质应该还不错。<br />臭打游戏的米家都吃过鸣也玩过现在主玩单机了。然后鹰角好像对单机,negative,0.9,,2026-07-19 06:55:28
47627624,1,2026-01-28,💩中💩，没玩的赶紧跑有多远跑多远，卡里抽卡资源养成资源卡的超级超级紧。高强度肝6天50级任务全打完，地图收集50%狗屁也没有。除了优化好一点，一无是处，注意啊，是一无是处。为了凑字数啊以下为AI生成，,negative,0.95,,2026-07-19 06:55:29
47778309,4,2026-02-09,现在54级，支线全完成。<br />这个游戏，目前来看是在简化的单机玩法上面加了点galgame元素，而且加的很烂。<br />美术，符合2026年三端游戏水准，没啥可说，就是人物穿模较多。<br /,positive,0.7,,2026-07-19 06:55:30
47591906,2,2026-01-24,我方舟老玩家，因全靠情怀坚持入坑终末地。看前瞻说135抽送玩家还和朋友很自豪的介绍这就是鹰角网络，我喜欢的游戏公司，呵呵，现在简直可笑。<br />作为一个刚考完期末周的大学生，刚好有时间来体验一款游,negative,0.95,,2026-07-19 06:55:31
47582008,3,2026-01-24,我是玩了游戏的，按我目前玩下来的体验整体只能打2.5分：<br />基建：个人可以接受但是大部分人应该接受不了，电线要拉到全图，很繁琐，因为全图四处都有矿，不拉电线是挖不了矿的，没有矿就做不了大部分物,negative,0.85,,2026-07-19 06:55:33
47596710,2,2026-01-25,两星，看在美术、角色建模和战斗手感上给的<br />一、优点：<br />1.角色建模很好，我始终觉得二次元不适合虚幻反而更应该用unity来做，鸣潮用的虚幻，在画面表现上就偏向写实，反而少了二次元的,negative,0.85,,2026-07-19 06:55:34
47614790,3,2026-01-26,这个游戏一言难尽，福利💩中💩，卡池💩中💩，探索奖励💩中💩，我预下载一开服就玩了，新手池40抽大保底最后一发才出余烬，42池50抽没有水花，普池50抽没有水花，游戏的怪巨难打，刮痧的一批，空气墙，易溶于,positive,0.7,,2026-07-19 06:55:35
47701599,2,2026-02-03,提前叠甲：明日方舟我玩，终末地我也玩，终末地全肝完了现在53级有资格骂了，以下仅个人感受，鹰精们收收味哈<br />0.别看我在这说了这么多，但是实际上鹰角几乎不会改的，毕竟你不能指望一个传统艺能是装,negative,0.9,,2026-07-19 06:55:36
47576846,2,2026-01-24,画面和建模方面确实顶级，但是基建玩法，拉电线，大世界体验真的就是一坨，玩过都知道纯纯折磨人，还有背包35的限制简直屎中屎拉完了，大部分时间都是在搞基建然后为了搞基建还要做一大堆又臭又多的教程去拿蓝图，,negative,0.85,,2026-07-19 06:55:38
47790460,2,2026-02-10,叠甲主线全过完50级 说一下我的看法 没玩过明日方舟单纯评价自己感受<br />首先公测福利这么抠搜的我是真没见过，宣传的一百多抽实际上大部分全要自己肝 活动给的东西也少<br />卡池爆率特别低莱万,negative,0.9,,2026-07-19 06:55:39
47582676,1,2026-01-24,肝氪度：极高，说是送135抽，但是新手池40常驻20，其他还要签到和挖矿，但都是非常的扣的，不氪想肝个大保底有的搞，捅马桶的任务又臭又长还有很多不可跳过意义不明的运镜。氪个月卡只签到比只做日常给的多。,negative,0.9,,2026-07-19 06:55:40
47702260,4,2026-02-03,单机重度患者，市面上出名不出名的、策略或动作等各类3A游戏都有深度游玩，二游也持续多年玩过原神、崩坏系列、阴阳师、鸣潮、方舟等等，不参与某些群体非客观不理智的二极管讨论与争辩。<br />目前PC端终,positive,0.85,,2026-07-19 06:55:41
47551028,4,2026-01-22,主要用电脑玩的，所以手机显示时间不是很长，大概玩了四十个钟左右，打完了武陵的主线，谷地和武陵的产线也都搭完了。<br />抽卡：<br />我的抽卡情况还好，但抽卡资源太少，获取困难。<br />运气,neutral,0.6,,2026-07-19 06:55:43
47550245,2,2026-01-22,说实话，鹰角这个开放世界二游，相当于浓缩了近几年来二游运用模式的集大成者，但正因为是集大成者，让我想起来旅行的意义😅<br />首先，整个UI系统很庞杂，给人一种无从下手的感觉，我不敢想象点开编队设置,positive,0.65,,2026-07-19 06:55:44
47536944,2,2026-01-22,等了那么久，测试阶段出那么多问题，我想有测试资格的大家应该都是反映过的，那么为什么上线了居然是那么大一坨？<br />目前我还没在手机上玩，说实话这个游戏居然能让我电脑上面玩了之后一点也没有在手机上玩,negative,0.95,,2026-07-19 06:55:45
47553902,4,2026-01-22,还行，120级明日方舟玩家，冲着明日方舟四个大字来玩的。人物长得不错，很好看，我喜欢。只是有些剧情能看到放大版的手部建模，嗯比较💩。但是整体看来还是很好看的，是真的。<br />其实我一开始就对基建不,positive,0.7,,2026-07-19 06:55:46
47614268,4,2026-01-26,先汇报一下体验进度；开服到目前，大概每天投入1到2小时，目前29级，刚把电线拉到可以开蓝铁矿。<br />立绘上，如果画质不好就会有一种赛璐璐感，可能感觉廉价。不过我多数在电脑上玩的，这一点体验还不错,positive,0.8,,2026-07-19 06:55:48
47685124,3,2026-02-02,粥开服玩家，期待终末地好久了，但说实话没有想象的那么好<br />美术方面太顶了，建模就跟画出来的一样，除了第一章演出略微呆滞，第二章表情动作都灵动很多<br />战斗只能说就那样很普通，没什么特色还,neutral,0.7,,2026-07-19 06:55:49
47641423,4,2026-01-29,💃🏻立绘建模：<br />大部分立绘都挺不错，建模都很精致，少部分角色有争议，希望以后可以避免这些争议<br />🧝🏻‍♀️角色人设：<br />主线剧情推到武陵了，角色都个性鲜明，各有各的特点，再旅,positive,0.8,,2026-07-19 06:55:50
47605414,1,2026-01-25,玩了三天天，现在探索等级31级，简单来说就是无聊，把我玩困了，真的，没有夸张的说法。我都不着急抽卡了，很佛系地在玩了，不焦虑倒是真的，但是略感无聊，一直在打哈欠。<br />1.剧情没啥爆点，有点寡淡,negative,0.85,,2026-07-19 06:55:52
47535361,3,2026-01-22,玩着头大，剧情太长了，导致自由度低了不少，而且那个供电设备啥，什么熔炉，又是发电杆什么的，玩的懵逼。<br />再就是我用平板玩的，进游戏就退了五 六次。好不容易进来了，一看人物那个画质，糊的一批。<,negative,0.95,,2026-07-19 06:55:53
47598514,2,2026-01-25,高强度玩了三天目前48级基建基本毕业主线推完谈谈感受<br />剧情跳过了不评价<br />基建很费时间，但是深度很一般，对探索没啥帮助，代替其他二游道具合成的功能，喜欢可以玩<br />世界探索一般,negative,0.85,,2026-07-19 06:55:54
47615849,3,2026-01-26,三星给的是地图设计，那个什么挖矿的地方地图设计的不错，探索起来还挺有意思（但和其他地方一样引导极差）。至于扣分点就太多了……剧情通马桶加谜语人（不管主线支线都是），教程设计不合理（它花一推东西讲基建，,negative,0.85,,2026-07-19 06:55:55
47714035,2,2026-02-04,我主要是在pc上游玩，简单的体验了一个星期左右，说说我对这个游戏的看法吧。<br />首先是战斗方面，三个角色挂机，由电脑操控，玩家操控一个角色，每个角色的小技能，大招和连携技均由玩家控制。这套战斗机,negative,0.85,,2026-07-19 06:55:57
47692767,3,2026-02-02,先说结论，音画强大美工在线，剧情平淡且不用心，卡池较毒福利较少，队伍搭配大于手法和卡池（新手能免费活动的角色就能比较省力的大穿目前的主线和部分关卡）体力上限高恢复慢消耗快，鉴定为大杯下。<br />接,negative,0.9,,2026-07-19 06:55:58
47680810,3,2026-02-01,游戏的玩法从底子看没问题，战斗有异刃、最终幻想的影子，战斗的手柄适配较好，箱庭探索设计差强人意，基建系统不好说我认为较简单，美术优秀，设备共享较好用。以上是我认为是这个游戏的优点，以下我要说缺点：<b,negative,0.85,,2026-07-19 06:55:59
47558912,1,2026-01-23,在PC玩了三天，一星都不想给了。<br />💃🏻立绘建模：<br />角色建模设计好，精细度高，也就这点还好，但NPC不行，带两幅墨镜的，看抖音评论说是有什么梗，但我不明白，还有有的NPC同时有兽耳，,negative,0.95,,2026-07-19 06:56:00
47572494,1,2026-01-23,密码的前天下完兴高采烈，等昨天开服刚醒就直接进游戏去体验了，但是让我万万没想到的是这是真的t*无聊<br />首先说开头剧情方面，整个jib新手教程能弄那么长，看似主角能随手召唤几个炮台打怪，逼格很高,negative,0.95,,2026-07-19 06:56:01
47547290,3,2026-01-22,首先值得一夸的是这个游戏优化做得很好，起码我用手机玩了四个小时玩到发困手机都不发烫，和刷视频差不多的温度，很不错，当然也可能是因为现在冬天了本身室温就低（）。<br />然后基本就没什么可以让我夸的地,negative,0.85,,2026-07-19 06:56:03
47547168,3,2026-01-22,今天玩了一天，从8点47开服玩到晚上九点半，谈一下给我的感受吧。<br />剧情方面，中等吧，就是前面boss露头后直接走，设立目标就是追boss，后面的剧情大致猜得出，毕竟是才开服，没啥可聊的，只有,positive,0.7,,2026-07-19 06:56:04
47601516,1,2026-01-25,第一，角色建模的确不错，也就这点好了，其他全是一坨大便<br />第二，剧情方面，你跳过你就老老实实全跳过啊，你中间你蹦出几个不能跳过的动画几个意思？谷地剧情决战，身为源石的管理者，权限不仅被撬，爆种,negative,0.95,,2026-07-19 06:56:05
47647509,5,2026-01-29,这游戏还可以把，没有评论区说的那么离谱把，我一看全是差评，这游戏确实比较挑人，作为一个玩过原神鸣潮绝区零的玩家来说，优点和缺点都很明显这游戏。只是这游戏跟上面的不太算的上同一赛道，而且目前来讲我还没遇,positive,0.7,,2026-07-19 06:56:07
47549428,1,2026-01-22,玩了十个小时左右了，说一下我个人的感受。<br />先表明身份，我从19年玩明日方舟，中途经历了丢号，退坑一系列情况，至少现在我还在游玩。所以的yj这家公司是有一个判断的。二游我玩的不少，但真正长时间,positive,0.7,,2026-07-19 06:56:08
47814664,2,2026-02-13,玩法很单一，无论是拉电线还是战斗都很浅，而且割裂感很严重，一旦结束了开荒的蜜月期就会陷入无所事事的阶段，缺乏终局玩法，每天刷完珠子就可以下线了，跟开荒的体验是断档的。<br />基建玩法是最能支撑起来,negative,0.9,,2026-07-19 06:56:10
47579957,1,2026-01-24,整个游戏有巨几把长的新手教程，打个任务，会不断的出现教你基建的部分。但是它这些地方很碎很频繁让你很没有自主权，一直进入不了心流。<br />然后剧情是史（四号谷地部分）非常样板戏。<br />就是到地,negative,0.85,,2026-07-19 06:56:11
47646370,4,2026-01-29,刚开始玩的我:布景和人物建模中规中矩，不能说不好，但是作为26年新游，和其它同类型的老游戏，比如原神鸣潮绝区零对比，居然没什么优势，再说战斗系统也是一样，26年的游戏，核心玩法居然只有qte？再说唯一,positive,0.85,,2026-07-19 06:56:12
47606020,5,2026-01-26,爆肝了四天来客观的说一下优缺点<br />省流：套了二游皮子的单机游戏，如果你想体验沉浸单机体验的同时还能每天刷到抽卡资源可以来试试，但如果你是一个轻度二游玩家十分不推荐，非常难上手<br />缺点：,negative,0.85,,2026-07-19 06:56:14
47609176,2,2026-01-26,💃🏻立绘建模：角色设计很有特点，一贯的明日方舟多元风格，建模相当优秀，武陵真的很惊艳，有一种独特的中式美学；npc建模相当潦草，基建设施建模区分度不是很好，当然这点可以上帝视角操作，只能算一个小遗憾<,negative,0.9,,2026-07-19 06:56:15
47594192,2,2026-01-25,先说优点，优化好建模好画风ui还可以，基建我个人只玩过无尽冬日(不知道mc和星露谷算不算)，还是比较喜欢这种玩法的，剧情可以跳过但是我怕遗漏信息没跳，剧情演出比较平没什么记忆点。<br />缺点：1.,negative,0.95,,2026-07-19 06:56:16
47672876,3,2026-02-01,开局叠甲，本测评可能会出现：内容极其主观、带有本人的磨叽碎碎念、胡言乱语、想到什么写什么、日后多次修订内容、个人臆想等。欢迎理性讨论，拒绝人身攻击，如有观点相悖那你就是对的，我只是想抒发一下这段时间的,positive,0.7,,2026-07-19 06:56:18
47612011,4,2026-01-26,爆肝三天，说说看法。<br />1.福利。二游一般水准，确实开服送的不多，但是这个游戏不是没有限定就不能玩的游戏，普池里送的角色开荒也能用，所以并不强迫抽卡。<br />2.卡池。只有一次120抽硬保,positive,0.8,,2026-07-19 06:56:19
47585046,1,2026-01-24,孩子们，打不过60级的副本😂刚升到25级，给我开60级的副本，你告诉我角色怎么升到60级？就算我没有60级，一个经验副本，我40级技能都点满了，武器也都升了，我想也不至于打不过吧？😅<br />我直接,negative,0.95,,2026-07-19 06:56:20
47647267,4,2026-01-29,省流:基建玩法不错，后期很有成就感，但是管理员亲自下场打灰。<br />战斗系统一坨，和基建系统联系起来的也就装备，做出来的药，一场战斗每个人只能用三次，但是爆炸物boss用不了，大世界遇到还得先切出,negative,0.85,,2026-07-19 06:56:21
47553789,4,2026-01-22,虽然很多人不喜欢<br />但是一整天体验下来<br />我认为终末地<br />还是很好玩的😋<br />我来夸夸➕批评<br />#明日方舟终末地   #明日方舟终末地公测<br />本人国产大世,positive,0.85,,2026-07-19 06:56:22
47607125,4,2026-01-26,抽卡比较坏，抽卡资源不太容易获取，再加上是井池，目前看来似乎还不如用大小保底的米池（我也是明日方舟玩家，舟那边虽然说也没有这种“出的第二个六星必定是UP角色”的大保底，但是出六星的期望抽数是36抽，而,positive,0.75,,2026-07-19 06:56:23
47604510,3,2026-01-25,写小说有黄金三章的说法，就是说前三章一定要精彩才能留住读者，这种有剧情演出的游戏你剧情前期一定要精彩严谨，让剧情党有的爽，让考据党有的猜。先是主角上来就失忆了，经典所有人说主角牛逼厉害，然后玩家也不知,negative,0.85,,2026-07-19 06:56:25
47685338,2,2026-02-02,2026.2.2<br />快52了，基本也没啥事做了<br />先说下画面美术风格，是我喜欢的风格，所以坚持玩了这么久，不过感觉随时可能弃坑就是<br />剧情，稀烂，一个组织的一把手是个跑腿的工具,negative,0.85,,2026-07-19 06:56:26
47582857,2,2026-01-24,先不提这个游戏的运营到底有多操蛋， Bug到底有多离谱，因为这些跟我们玩家其实联系不大，没法切身感受出来，咱就单论爆率吧，宣发送抽送的是挺多，然后肝了这么久，我依旧一个骏卫，勉强打得过，玩也玩不死，然,positive,0.7,,2026-07-19 06:56:27
47582378,2,2026-01-24,福利少的可怕？画质差距太大？抽卡机制逆天？［毕竟没有获得内测资格 也就只玩了三天 肯定观点不同 只是说说自己的看法］<br />①先说说福利这件事情 开局开到一定程度可以有邮件功能 可以领取常驻池20,negative,0.85,,2026-07-19 06:56:28
47604296,1,2026-01-25,放张图证明自己玩过。不知道为什么，没有显示游戏时长。<br />剧情演出不错，不是站桩。<br />美术确实很好看，这没得喷。<br />小队成员会互相聊天，还会帮忙找宝箱捡东西，活人感很强。<br ,negative,0.9,,2026-07-19 06:56:29
47605035,5,2026-01-25,目前49级，主线刚做到武陵，看完演出和美术我觉得得夸一波<br />不得不说真正的玩家都在老老实实拉电线，深度体验了三天我决定写个好评<br />简短版本<br />游戏有门槛，前期铺垫长，有学习成本,positive,0.85,,2026-07-19 06:56:31
47600661,1,2026-01-25,卡池机制必须修改<br />抽卡体验极差，我氪了月卡加上双倍等各种礼包，将近700块，然后42姐硬吃120保底。<br />我想问你们这种抽卡体验能给玩家带来多少正反馈。<br />你游现在的卡池机制,negative,0.9,,2026-07-19 06:56:32
47584839,5,2026-01-24,二游特有的开服节奏，虽然这评分暴跌得有些离谱哈哈哈。<br />开局福利中规中矩，首发当天玩了4-5小时的时候，常驻池不到50抽，限定池不到20抽（下载量破三千万后鹰角又发了10连，那就是不到30抽）,positive,0.85,,2026-07-19 06:56:33
47600493,5,2026-01-25,因为谷地地图设计相当优秀，提升评价。<br />扣分点是<br />用各种额外规则模糊综合出率的卡池<br />毫无信息量的剧情文案以及过多演出<br />只考虑美观度的杂乱ui<br />毫无主次的,positive,0.7,,2026-07-19 06:56:35
47841082,4,2026-02-15,整体在电脑上全部体验完了，所有的宝箱醚质全部找完，获得的抽数只能说稀松平常，考虑到出货率和大保底，对于不追求高潜能的玩家，比原神和鸣潮好很多，对于武器厨玩家非常不友好。<br />目前最大问题是，要在,positive,0.65,,2026-07-19 06:56:36
47795443,3,2026-02-11,我目前52级，在电脑上玩的。<br />我觉得最大的糟点是剧情太平淡了。主线太多功能性的剧情了，就是为了介绍一个个玩法而设置的剧情。有水时长的嫌疑。玩的时候有种为了过剧情而过剧情的感觉。世界任务倒是有,positive,0.7,,2026-07-19 06:56:37
47725501,5,2026-02-05,💃🏻立绘建模：<br />夯<br />🎛️数值合理性：<br />夯<br />🌃画面音乐：<br />夯<br />52级了，还在谷地，目前源石有一百多。嵌晶玉还能有二十几抽，感觉福利没那么拉胯。,neutral,0.7,,2026-07-19 06:56:38
47560724,4,2026-01-23,因为是基建类和明日方舟牢玩家了，所以可能对流水线建设本身接受程度比较高吧，优缺点社区都已经说的很多了，我说一下我个人的看法和建议（因为只在电脑上玩了4～5小时，剧情推进得比较慢，仅是个人观点，不全面也,neutral,0.7,,2026-07-19 06:56:39
47561339,2,2026-01-23,就这游戏还想对标原始人？幻塔都够呛<br />我真的受不了这个游戏了真的就是一坨好吗，槽点多的数不过来，如果不是你游打着明日方舟的衍生旗号搞宣传放着鸣潮原神还有各种不错的二游不玩谁会来玩你这游戏？<b,negative,0.95,,2026-07-19 06:56:40
47622878,4,2026-01-27,怎么说呢，看网上很多人在带节奏骂这个游戏，我觉得我可以评价一下<br />首先，taptap上显示的游戏市场仅仅是我平板使用tap云游的时长<br />💃🏻立绘建模：<br />这个不用说，我给个夯应,positive,0.7,,2026-07-19 06:56:41
47591367,2,2026-01-24,总结：卡池不改永远上不了台<br />游戏玩法再二游全确实是新颖有趣，基建确实好玩上头，拉电线收集矿点的正反馈很足<br />但是！你是二游！你是个二游！从来没见过这样卡池机制的二游，福利给的又少，你,negative,0.85,,2026-07-19 06:56:43
47608189,2,2026-01-26,玩到头痛 这个武器池设计我觉得是所有游戏里最傻的  首先叠个甲 我现在47级 基本开服开始天天在玩<br />目前武器池的设计是每抽到角色 会给对应抽取武器的资源  70抽保底 武器池2000十连抽而,negative,0.9,,2026-07-19 06:56:44
47620637,4,2026-01-27,游戏老实来说内容还不少，保持那么大内容的同时减负做的还是比较不错的，但就是有的没减在点上，比如山道那个矿点还有景玉谷的维修灵感，前者呢是引导不够明显，只有提过但却没有加以重视，后者是完全没有领导，纯靠,positive,0.7,,2026-07-19 06:56:45
47530380,2,2026-01-22,PC玩了一上午，先叠个甲，粥从2020年1月份到现在全勤，月卡没断过，全图鉴老博士，曾经也算是个粥卫兵，但是这游戏实在夸不下嘴了。<br />剧情依旧谜语人，依旧是失忆，真顶不住了，粥就是剧情谜语人，,negative,0.85,,2026-07-19 06:56:47
47580748,2,2026-01-24,我先叠一下甲，我是开服老粥批，电脑和手机端的游戏时长加起来超过四千小时，除去可能只是挂着的时间，玩粥怎么说也有三千小时了<br />你们能感觉到这游戏的粥味吗？<br />有人说画面和以前的粥比是进步,negative,0.9,,2026-07-19 06:56:48
47576361,2,2026-01-23,💃🏻立绘建模：<br />立绘建模特色好看，我很喜欢，音乐画面也还算当今的中规中矩。音效我挺喜欢的。<br />优化：30帧，鸣潮60-90，原神90-100。类比同行不如。<br />剧情：通俗易懂,negative,0.9,,2026-07-19 06:56:49
47576348,3,2026-01-23,首先，肝度问题：角色养成的材料装备很大一部分需要依靠工业制造，但工业耗时，而且需要花心思规划，所以肝。而且地图上传送点稀少，如果想要快速跑图就要自己拉电线，架滑索。对于游玩过戴森球计划或者死亡搁浅的玩,negative,0.85,,2026-07-19 06:56:50
47542474,2,2026-01-22,（最新的写在前面）<br />今天是终末地公测的第三天，哦，也是我坚持的第三天。<br />每天，我都在思考是否要把这游戏给删掉，所以今天我不骂终末地，我骂我自己。<br />畜生呐！遍地的跑图小巧思,neutral,0.7,,2026-07-19 06:56:51
47652634,4,2026-01-30,先放一张图证明有评论的资本，pc玩家，游玩时间算上手机接近50h，现已毕业（taptap不知道为什么没显示我手机玩多久）<br />首先，这游戏绝对是今年国产黑马，毋庸置疑<br />评分低主要原因在,positive,0.85,,2026-07-19 06:56:52
47590804,5,2026-01-24,感觉评价很两极分化，太诡异了，可是我真的觉得很好玩……<br />玩法上：我觉得基建是一大特色，其实如果能耐下心去玩的话，玩进去是很有意思的，如果对这方面很不感兴趣，那你可能真的不适合这个游戏，我感觉,positive,0.8,,2026-07-19 06:56:54
47562745,3,2026-01-23,因为明日方舟所以了解到了周末地，然后就预约下载了，目前任务进度是主线40抽已领<br />💃🏻立绘建模：<br />这个立绘什么的是挺精致的，人物待机动作都很用心，这个是可以肯定的<br />剧情方面,positive,0.7,,2026-07-19 06:56:55
47544410,5,2026-01-22,我作为一个不常玩手游的玩家，想发表一点自己的想法。首先因为出差没发用电脑玩，而且大概率会去玩国际服，所以目前只能用手机玩。<br />首先，我认为一款游戏成功与否不能因为开服福利不好而打一两星，这是一,positive,0.7,,2026-07-19 06:56:56
47531485,2,2026-01-22,先叠波甲，我是方舟过来的，120级四年没断签老登。玩终末地纯粹是因为明日方舟，想着方舟还不错，终末地应该也还行，但是之前在三测的时候就被鹰了一次，说是全面测试结果每天看到的都是“您暂未获得全面测试资格,negative,0.85,,2026-07-19 06:56:57
47612690,1,2026-01-26,个人体验有点长，只想着好奇值不值得玩的可以直接看最下面的总结<br />可以放的图片有限，先说最弱芷的问题，物品文本和任务指引有问题，很多东西你其实不用做那繁琐的新手引导就懂，但他偏偏就缺关键字，比如,negative,0.85,,2026-07-19 06:56:59
47572443,1,2026-01-23,现在开服爆雷是什么二游界的惯例吗，怎么老是能吃到各种奇奇怪怪的开服瓜？<br />首先是福利，没什么好说的，就是很抠搜，而且抽卡资源的分布也超级奇怪，刚开始玩前两三个小时，凑个10连都费劲，玩到高能地,negative,0.85,,2026-07-19 06:57:00
47627273,1,2026-01-28,我53级，我说一下现在最不能接受的几件事：<br />1.怪都是粪怪：<br />深潜boss多动症，进入剧情过完角色不能动炮已经过来了（白涅一阶段触手）<br />普通小怪扎堆，交互都得先打怪，那你,negative,0.85,,2026-07-19 06:57:01
47615160,1,2026-01-26,从开始到现在一直玩，现在也50级了，一开始我还挺喜欢玩的，基建系统我也很喜欢，战斗系统也没有那么烂，直到刚才我抽卡又歪了一次，我开始找赚合成玉的方式，结果发现任务栏一个个的全是20 30的给，然后又看,negative,0.95,,2026-07-19 06:57:02
47571528,2,2026-01-23,用上我的传奇护甲，玩过元神，绝趣，崩天，明日房邹，蔚蓝答案，世界计花，崩壞3，编鱼巴适，象素工厂，谷地全宝箱，武陵已毕业了，boos全彩了<br />👍🏻唯一有几点，本游戏是有创新的，在二游内加了个基,negative,0.85,,2026-07-19 06:57:03
47684216,2,2026-02-02,优点：武陵美术无敌。角色很精美。<br />瑕不掩瑜，放二游里的话还算能打。<br />⭕️以下是令人难过的缺陷👉<br />关于游戏性上的问题🤔<br />【【明日方舟终末地】感觉你是跳过所有剧情 ,negative,0.85,,2026-07-19 06:57:04
47617996,5,2026-01-27,说实话最枯燥乏味的其实就是开头第一段主线，但是渡过这一段时期之后就全是惊喜。每个玩法系统深度都打磨的根本不像二游，玩法间的联动设计以及地图箱庭的设计也非常出色。<br />内容量更是大到不可思议，同样,positive,0.9,,2026-07-19 06:57:06
47580351,3,2026-01-24,这是一个非常需要耐心的游戏，或者说是考验人耐心的游戏。我是pc端玩的，牢博，来谈谈感受吧。<br />开服福利：这运营开了吧招个新的行么，谁家好人把玩家需要肝的资源算上说上线就送135抽，这已经是诈骗,negative,0.85,,2026-07-19 06:57:07
47528709,2,2026-01-22,1:立绘、场景、角色建模、音乐等等都是非常好的。但剧情对不了解明日方舟up的我来说并不具备吸引力，开局跟是缺少世界观的描述。不是每个人都是方舟老玩家😅<br />2:玩法以基建为主但我个人不觉得有多高,negative,0.85,,2026-07-19 06:57:08
47576292,1,2026-01-23,玩了两天，35级 开服博士情怀党加上希望有惊天究极大逆转让zmd变成一款人见人夸的神游 而我是开服元老狠狠得吃福利的心态才让我坚持玩了两天并且打算睡醒继续玩    首先就是东西又多又杂但是非常浅，说白,negative,0.85,,2026-07-19 06:57:09
47605453,3,2026-01-25,最近忙，目前还没肝完，先讲一些<br />主要用电脑，画面确实不错，用帧生成还能跑240，挺不错的；比较神奇的是我870的平板居然能玩，也能看得过去，清个日常完全可以，就是它把高画质选项给强制锁了挺不,neutral,0.7,,2026-07-19 06:57:10
47604995,2,2026-01-25,——开服后狂玩几天的感想<br />抽卡：花里胡哨。一大堆不同的券，抽卡概率和保底研究老半天，80抽小保底必6但会歪，120抽必up，但出了以后80抽小保底跟着清空，毒中毒；总体来说限定池没120抽别,negative,0.9,,2026-07-19 06:57:12
47553280,2,2026-01-22,空有鹰角美术功底与IP情怀兜底，却因叙事割裂、玩法臃肿、体验失衡，把一手好牌打至平庸，仅能满足重度方舟厨的情怀打卡，普通玩家慎入。<br />开篇又是叙事泥潭，超长谜语人剧情堆砌无意义台词，角色对话生,negative,0.9,,2026-07-19 06:57:13
47613580,3,2026-01-26,本人方舟老玩家，尝试终末地，总体感觉还行，挺有意思的，除了福利有点扣，卡池毒（后面有详细描述）<br />1.基建方面，此前从未接触类似幸福工厂之类基建游戏，最多就是方舟搭了个333的基建。但zmd中,positive,0.7,,2026-07-19 06:57:14
47583811,4,2026-01-24,作为一名常年沉浸单机游戏的玩家，基于公测前的超低评分，这款游戏的整体体验还是超出预期的，尤其是核心的基建玩法，对于玩过《异星工厂》的老基建人来说，这完全是“解压级”爽游。基建的机制非常简单，导致教程设,positive,0.75,,2026-07-19 06:57:15
47620097,2,2026-01-27,终末地游戏简评：有可取之处，但问题太多了<br />先来分析一下这游戏的主要玩法构成可以笼统的区分为：基建(核心)、战斗<br />首先是开场部分，充斥着大量的谜语剧情，从选择性别到取名字隔了相当长的,negative,0.85,,2026-07-19 06:57:16
47552995,2,2026-01-22,（叠甲）明日方舟四年老登，42厨，因为赶上上学所以中间有断的，今天公测后在电脑上玩了七个半小时，搓了30抽限定常驻保底吃满，现在已经收拾收拾让终末地滚了，我现在是光荣的终末地和明日方舟切割派，把我当明,negative,0.95,,2026-07-19 06:57:17
47608242,2,2026-01-26,肝到武陵前，先说福利，源石不到一百 开了通行证差不多八九十 所有奖励够你限池 九十多抽，因为我真的要保底出的。地图 bug 操作问题，怪的平衡栏杆卡人 死角坐牢等等很多东西都是内测爆的，但是依旧没改，,negative,0.9,,2026-07-19 06:57:18
47576130,5,2026-01-23,这游戏咋说呢。。战斗上来说，和异度之刃比较像4个人大乱斗，看着比较热闹，最开始也是因为这个想玩的。<br />后来玩上手以后，尤其是开服第一天，确实想过删游戏，主要是也是陷入了网上说初始角色应该那个那,positive,0.7,,2026-07-19 06:57:20
47601881,5,2026-01-25,之前没玩过明日方舟，直接入坑的终末地，所以我不存在什么情怀一说，手游端游都下了，真的觉得很好玩。<br />游戏模式：这游戏主要的玩法其实就是基建、角色培养加剧情。基建毫无疑问是最有特色的一种玩法，但,positive,0.85,,2026-07-19 06:57:21
47604575,1,2026-01-25,开头先夸一下吧，这游戏美术挺好，建模很棒，优化不错，然后？然后就没有然后了，我能想到的优点只有这些了。<br />1.剧情方面:剧情又臭又长，无聊到极点，一会跑这给人送东西一会跑那给人通马桶，角色塑造,negative,0.95,,2026-07-19 06:57:22
47670715,1,2026-01-31,个人观点，单纯不爽。<br />（背景）21年明日方舟玩家，看你顶着明日方舟IP还是选择玩了玩，终末地除了IP目前没有任何看的下去的地方。三测时候让一大堆人用你那个贼卡的APP抢资格，还搞这莫名其妙的,negative,0.95,,2026-07-19 06:57:23
47572866,3,2026-01-23,吃了两天，游玩时间也有快12个小时了<br />感觉自己也有资格评价了<br />说一下感受<br />跑图是真的垃圾，剧情这方面就是被跑图拉成翔的，终末地跑图真的感觉被喂了一大坨<br />战斗也是,positive,0.7,,2026-07-19 06:57:24
47661795,1,2026-01-31,已经52级了来说说我的想法，总结一下就是前期劝退，中期上头，后期劝退，乍一看没什么缺点，仔细玩下来数不清的毒点。<br />优点：<br />1.建模，美术没得说。<br />2.地图设计的够巧妙，内,negative,0.9,,2026-07-19 06:57:25
47803324,4,2026-02-12,目前游玩11天，刚打通主线。只有自己玩过才知道好不好玩，不要被他人带偏（黑子、狂热粉、包括我）。这里和大家分享一下我的游玩体验：<br />1.前期主线玩的有点犯困，要不是佩丽卡的美背能让我打起精神，,neutral,0.65,,2026-07-19 06:57:27
47656494,4,2026-01-30,这是我两天前的练度，现在正在练物理队，虽然不算太高，但也算肝的最起劲那批人了吧<br />游戏本身我觉得还不错，但是福利就是少，抠门的要死，地图肝的也算福利？福利不应该是达成某个条件额外送的资源吗？而,negative,0.85,,2026-07-19 06:57:28
47599845,2,2026-01-25,"1.二游福利问题,福利是差到不行,看似送很多,都是普池，限定池基本没多少,还是要自己肝，肝的回报率差之又差，抽卡爆率又低，没120抽根本不敢下池，下池你没抽出来等于白抽。<br />2.跑图问题,跑图",negative,0.85,,2026-07-19 06:57:29
47603479,2,2026-01-25,先说结论，除了建模超大杯，优化大杯，其余方面……难评<br />（注意：评价基于玩过且已经退游3D类二游的游戏，即ys和mc以及少前2，纯属个人看法，仅供参考，如有不同看法，请嘴下留情）<br />优,negative,0.85,,2026-07-19 06:57:30
47677452,4,2026-02-01,还可以，福利什么的我玩别的感觉就这样除了pcr很大方别的没感觉到多大区别，都是扣扣搜搜的，只说开服第一个池子的话，那零氪打满拿个保底肯定是可以抽出来的。拉电线这个的话到了武陵，他那个绿电线其实还可以。,neutral,0.6,,2026-07-19 06:57:31
47576093,5,2026-01-23,如果只打完序章，那就是1星。一句话，讲不来鹰语就别装凯尔希。<br />真心建议美术骑着策划和文案上班。<br />我个人设备是PC端5070Ti，游玩时间在10h左右，画面UI这块来说确实是强，属于,positive,0.85,,2026-07-19 06:57:33
47576437,1,2026-01-23,实打实玩了32个小时，秉持着良心评价。<br />1.剧情:一坨，写文案的不仅是谜语人，还是个番茄老吃家，塔吊工人不知道塔吊上面有滑索可以滑下来都来了，还有狼卫（算是主角的下属）拿枪对着主角这种情节。,negative,0.9,,2026-07-19 06:57:34
47588455,2,2026-01-24,做一个游戏千万不能脱离物质基础，在什么地方收费，什么地方就是核心，单机游戏提前买断，那关键就在游戏本身的质量，二游内购卖角色，那卖角色就是关键核心，想做基建玩法可以，卖角色也可以，但基建玩法应当为了角,negative,0.7,,2026-07-19 06:57:35
47630904,2,2026-01-28,单机的目的是玩“核心玩法”，但二游的目的是用养成的抽出的卡体验“主要玩法”。<br />作为二游，抽卡和养成才是最重要的核心玩法，其他的所有东西都只是对核心玩法的积累和表达。如果抽卡和养成做烂了，那么,negative,0.85,,2026-07-19 06:57:36
47536833,2,2026-01-22,深度双端共体验了10个小时，微氪了小300。简单感觉：“割裂”、“鸡肋”、“福利少”、“原神模式”、“不能游泳”。这是我个人主观的评价，如果你愿意花时间继续看的话，就请下滑看吧：<br />💃🏻立绘建,negative,0.85,,2026-07-19 06:57:37
47574088,3,2026-01-23,舟绝对是我心目中抽卡机制与角色美术画风顶尖的游戏了，终末地抱着对舟的期待试着玩了<br />顶：设备优化是真的牛，这几个大世界游戏开服我都有所涉猎，舟确实是开服我60帧玩着最舒服的了<br />对于画,positive,0.7,,2026-07-19 06:57:38
47821412,3,2026-02-13,上线当天九点我就在玩了<br />剧情方面一.四号谷地：我玩过明日方舟但是我不看剧情，终末地也是一脉相承，刚开始谜语了一大堆打完身体插满剑的boss就听佩丽卡说“我”失忆了然后拉着管理员就到处走（失忆,negative,0.85,,2026-07-19 06:57:40
47544627,2,2026-01-22,不知道官方自己有没有深入去游玩这个游戏，也不知道他公测的时候到底公测了什么。我本来是玩明日方舟的，后来也是慕名而来，下载了明日方舟终末地，从今天中午1点~晚上10点。这么长的时间里，限定池子只干了20,negative,0.9,,2026-07-19 06:57:41
47550378,3,2026-01-22,与大众所说的“游戏刚好适合同时喜欢二游+基建的玩家” 截然相反<br />作为一个偏沙盒或者经营建设类玩家（rimworld 监狱建筑师这种玩的最多，基建类玩的偏少）<br />当我内测了解到终末地的,negative,0.85,,2026-07-19 06:57:42
47550348,2,2026-01-22,角色好看，画面不错，基建还行，战斗不好不坏<br />来说缺点<br />累，非常累，主线又长又无聊，不要跟我说什么能跳过，因为我大部分时间花在跑图上面了<br />你这个地图设计是跟魂游学的吗？绕那,negative,0.9,,2026-07-19 06:57:43
47534923,2,2026-01-22,6.4小时，玩力竭了🙃<br />新手引导期实在太长了，玩了好久一直是各种教程点点点，我都第一章快结束了还在教我怎么玩基建，实际有特色的设计也不多，主要还是这个基建系统，但是核心基建自己折腾很费劲又没,negative,0.8,,2026-07-19 06:57:44
47631206,5,2026-01-28,太好玩了，很符合我对二游箱庭解谜世界的预期，枢纽区比较像野炊，大世界里夹杂一堆小箱庭解密，其他几个小图则是整个大箱庭，采石场的设计最好<br />福利方面送了一百几十抽，在开放世界二游开服里算最好了，,positive,0.85,,2026-07-19 06:57:46
47597581,1,2026-01-25,我真的受不了了，我周围的人随便玩一下30抽4，5个六星，连依冯都出来了。我肝的要死了，60抽什么都没有，福利少的可怜，打怪刮得要死。我玩原神都没这么难受，很难想象这是你们能做出来的游戏，本来以为方舟是,negative,0.95,,2026-07-19 06:57:47
47556784,2,2026-01-23,评分怎么还有4.2，你们是没有手机吗？（恼）<br />14个小时以上的主线剧情，这个还是金乌的速度……正常人翻个倍也挺正常。反正三测的时候我是打了差不多2个星期才打完主线。<br />而且三测的问题,negative,0.95,,2026-07-19 06:57:48
47533124,3,2026-01-22,浅玩了一下，感觉跟前作给我的感觉一样，画面很酷炫精美，角色设计很吸引我，但感觉一个页面花里胡哨的有点无从下手，那个基建玩法也怎么不戳我。<br />各方面都比较眼熟，也确实能看出想做出自己的特色，可惜,negative,0.7,,2026-07-19 06:57:49
47556110,3,2026-01-23,先说优点：<br />1.人物建模精美，细节到位，动态效果好，风景精度也不错<br />2.优化不错，运行还算流畅，未出现掉帧<br />接下来是缺点：<br />1.剧情：鹰角一直以来的谜语人，开局,negative,0.9,,2026-07-19 06:57:50
47624231,2,2026-01-27,本人三测玩家，重点玩基建，三测时候反映的诸多问题，根本没改。<br />先说两个好的吧。<br />建模确实精致，不错。<br />武陵的风景看着不错。<br />就这俩。<br />别的地方我实在夸,negative,0.9,,2026-07-19 06:57:52
47575190,2,2026-01-23,打这游打得天昏地暗，耐着性子把剧情看完，把那25巨额石头的基建教程做完，正巧过了15级的主线卡关，精疲力竭。<br />普池抽了个大叔，新手池来了个小羊。主线两个女角色都是差一抽抽满，老潘也大差不差。,negative,0.85,,2026-07-19 06:57:53
47617422,2,2026-01-27,开局很好玩，天天拉电线。实话说很多节奏我不知道，也没觉得有问题，剧情有点赤石，不过主要玩的也不是剧情，还是一个基建玩法。开服到现在三四天了，基建毕业，装备毕业没去武陵，只是看了一下评测，武陵相当于谷地,neutral,0.7,,2026-07-19 06:57:54
47583655,4,2026-01-24,游戏绝对是好游戏，但是仍然存在一系列问题。<br />在实际体验中游戏性绝对是丰富的，基建玩法也非常新颖，但是存在上手和玩家理解需要一定时间理解。<br />战斗系统说实话较为落后，同时打击感是我认为,positive,0.7,,2026-07-19 06:57:55
47578638,4,2026-01-24,公测到现在，游戏时长13小时，三测游戏时长78小时。13小时所有任务已经过完，就差一些时间把资源拉满了。总的来说，我还是非常喜欢这款游戏的，对于我来说是一款值得长期玩的单机游戏，和明日方舟一样。<br,positive,0.85,,2026-07-19 06:57:57
47592113,5,2026-01-24,我不行了，老博士首日当天玩了一个多小时牢的不行，本来写了800字的差评，就在发布之前感觉时长有点短说服力不够，就接着玩了，没想到抽卡运气奇佳舍不得弃了，结果玩着玩着就玩进去了（完全沉迷，以前真没这么沉,positive,0.85,,2026-07-19 06:57:58
47604548,3,2026-01-25,PC端50级玩家说一下体验；<br />进度：目前谷地基建加拉电滑索已经毕业 箱子全收集 人刚来武陵<br />总结：太好玩了，到武陵了才是这个游戏的精华。前面谷地剧情体验还行，战斗难度轻松基本没难度,positive,0.85,,2026-07-19 06:57:59
47567376,3,2026-01-23,先打个甲，该评论完全出于我自己的游玩经历，可能与各位经历的不太一样。本人粥开服玩家，然后原铁崩均深度游玩但出于一些原因放弃，鸣多次想玩但又出于特殊原因放弃（其实就是玩不明白外加歪的要死），zzz现在捡,positive,0.7,,2026-07-19 06:58:01
47630105,2,2026-01-28,pc端官服。以下都是吐槽：<br />1，繁琐冗杂，游戏游玩对象矛盾——不算前作玩家的话，一边假想自己筛选出的玩家多数为有点游戏阅历的群体，一边又把玩家当学龄前儿童整，而且部分对话框动画还不能跳过，还,negative,0.9,,2026-07-19 06:58:02
47573632,2,2026-01-23,公测当天11点多开始玩的，断断续续玩到现在20级左右，总结来说还是原给我养的太好了，容不下一点瑕疵，下面来讲讲这个游戏的优缺点<br />先来讲讲优点<br />1、角色建模：角色建模风格很特别，整体,negative,0.85,,2026-07-19 06:58:03
47542299,4,2026-01-22,首先先说开荒体验 概括下来就是简单易上手 整体难度不高 跟前作基本是一样的调性 作为老粥批上手觉得很顺利很友好 解谜可以让人用点脑子但也不难 感觉和星铁的解密类似 箱子机器人让我想到了漫威蜘蛛侠的电路,positive,0.7,,2026-07-19 06:58:04
47548087,3,2026-01-22,玩了一天了我回来说一下个人体验，因为之前玩过明日方舟对于世界观以及新颖玩法都很感兴趣，所以下了终末地来玩玩看，在网上刷到不少视频说终末地福利怎么怎么样多，我还以为真的有不少福利呢，而且看到了整个游戏的,neutral,0.7,,2026-07-19 06:58:05
47604757,1,2026-01-25,先声明我电脑上玩的，手机上内存不足，玩家等级46级，四号谷地八级，武陵刚刚做完主线还没开始肝<br />我是真的服了你这游戏，剧情方面我不谈，毕竟有些我是跳过的所以不评价，你这沟槽一般的地图设计是哪个,negative,0.9,,2026-07-19 06:58:07
47548814,1,2026-01-22,没有玩过比这更恶心的游戏了，玩法抄都抄不明白，形不成形，意不在意，再去练练吧。<br />跑图体验一坨，用箱庭的跑图能力去开放世界找材料吗有意思，虽说有滑索作为辅助工具，但不是到处都能找到，大部分时候,negative,0.95,,2026-07-19 06:58:08
47809403,4,2026-02-12,玩过国内绝大部分主流二游包括但不限于 原神 鸣潮 战双 绝区零 想说一下《明日方舟:终末地》这款半箱庭探索游戏的体检 以及帮助想要入坑的玩家避雷<br />前言:本人没有玩过前作《明日方舟》不太了解跟,negative,0.9,,2026-07-19 06:58:09
47619569,4,2026-01-27,可玩性：我从开服玩到现在，总共四五天的感受里面我是很喜欢玩这款游戏的。我同时也是一个崩铁和鸣潮的玩家，我也玩过一段时间明日方舟。这个游戏跟传统的二游是截然不同的。虽然可以说它更像一个碧蓝幻象那样的单机,positive,0.85,,2026-07-19 06:58:11
47532318,2,2026-01-22,两颗星给美术的<br />优点：画质优秀<br />缺点：1.游戏给的资源少的可怜。肝了半天，拿的还没开服福利多，一个宝箱给15个红钻还要藏起来（500个红钻一抽），基础练习和基础建设教学也会给红钻，,negative,0.9,,2026-07-19 06:58:12
47603681,2,2026-01-25,不想玩基建的可以跑了，这个游戏主线和基建强绑定，抽卡资源少并且卡池不继承，武器池75%的歪率，任务指引不明确，传送点少导致疯狂跑图，战斗手感一般，想要增加体力上限必须收集醚质，出现时小地图无标识，醚质,negative,0.85,,2026-07-19 06:58:13
47577523,2,2026-01-24,1.画面很棒，废话全跳过靠画面理解完全ok。<br />2.玩法玩起来还行，可能我已经习惯玩工厂类游戏拉电线建产线反而感觉so easy<br />3.变种米池，经济下行期，脸黑实在玩不来，<br /,negative,0.9,,2026-07-19 06:58:14
47678542,4,2026-02-01,啊，燃尽了，玩了快50个小说了，总得来说，4星肯定是有的<br />基建：首先，基建真的好玩，那种一晚上攒一仓库资源的感觉真的爽，卖物资给刁民还能看见城镇的发展，成就感这块拉满了，但是基建本身还是有点,positive,0.7,,2026-07-19 06:58:16
47631656,4,2026-01-28,无关于网络节奏，单纯评价一下这个游戏<br />优点:<br />1.建模和角色互动做的不错，莱万汀好看捏<br />2.工厂系统差强人意<br />3.连携技打起来感觉还好<br />缺点：<br ,negative,0.85,,2026-07-19 06:58:17
47784776,4,2026-02-10,主要在PC上玩，移动端有时用来躺在床上做任务。<br />我玩过米家三件套，鸣潮，P5R，明日方舟，1999，也看番，算一个小登吧。<br />💃🏻立绘建模：<br />很喜欢这种材质非常精细的建模风,positive,0.85,,2026-07-19 06:58:18
47591606,1,2026-01-24,1.玩法：基建玩法的引导冗长且无用，教程同质化严重，敷衍了事。有些游戏中后期才能解锁的机器，在前期就把教程塞给你，导致看完教程脑子更乱了。而且基建玩法也毫无亮点，甚至有点无聊。强行将基建玩法塞进来，整,negative,0.95,,2026-07-19 06:58:19
47665829,2,2026-01-31,比较一般，基建工业难度不大但是锁科技，强行要你去探索大世界。而且工业内容显示不全面，没法看具体东西以后到底用处大不大，只能全部跟着剧情走没法自己探索科技。最主要没法小批量制作只能全部布置流水线，流水线,negative,0.85,,2026-07-19 06:58:20
47652122,5,2026-01-30,大概是我见过的开服内容最多的二游，可以当个正经有自动化元素的线性rpg玩的那种，送的那几十抽就算没出六星（我三阳开泰了），组个物理碎冰队都足够玩到终局，70级的队打90级的boss一点问题没有。<br,positive,0.85,,2026-07-19 06:58:22
47551165,3,2026-01-22,认真测评一下<br />我现在给到3星左右，这个分数是折中过的，以开服表现和运营态度来看肯定不值这个分，但是如果仔细感受本体质量或者着眼优点，放长远来看的话又不止这个分，所以折中到这个3星<br />,neutral,0.7,,2026-07-19 06:58:23
47669510,2,2026-01-31,粥批过来看看咋回事，结果给我吃了一坨。<br />音乐建模画质都可以，基建方面是一大特色，这些我个人感觉不错。<br />然后让我难受的来了.....<br />跳跃键真可以删了，一堆比人还矮的石头或,negative,0.85,,2026-07-19 06:58:24
47592330,4,2026-01-24,「终末地」玩后印象：<br />上头，但优缺点分明<br />开服这几天几乎全天沉浸，整体感受复杂——它用出色的视觉和探索感牢牢钩住我，却又在某些环节让人皱眉。<br />惊艳之处<br />建模与演,positive,0.7,,2026-07-19 06:58:25
47685927,2,2026-02-02,本人玩过不少二游，原玩过两三年，59级玩不下去，发过对原神的评价之后也是永久退游了，崩铁现在也没啥玩的动力，也就鸣潮期待一下新版本，明日方舟等等年限。明日方舟入坑两年多了，奔着明日方舟老IP来的，虽然,positive,0.65,,2026-07-19 06:58:26
47820103,2,2026-02-13,1.剧情一般<br />到现在也不知道我们究竟要做什么。就算有序章了结合主线支线一看我更像个下乡视察的。服务群众体验淳朴民生。<br />不说友商的箱庭剧情好不好，起码人家确实交代了玩家应该要干什么会,negative,0.85,,2026-07-19 06:58:27
47526370,4,2026-01-22,二编：我靠兄弟这游戏怎么越玩越好玩了，兄弟这玩意有毒（现实际体验50h）<br />一编（评价2星）：仅游玩一小时，纯主观评价，没的说，一个字别玩。<br />主页可查明日方舟2k小时，也算半个老玩家,negative,0.9,,2026-07-19 06:58:29
47669262,3,2026-01-31,10天总结，我对明日方舟终末地的评价和大家对早期无模组的薇薇安娜(之后简称vvan)的评价相同，攻防一体（全面）的艺术品（其实下满了意义不明的东西）<br />为什么是十天：我认为，开服大部分游戏都会,negative,0.8,,2026-07-19 06:58:30
47592629,5,2026-01-24,我觉得这个游戏挺挑人的。<br />基建:  慢慢搭建基建，慢慢开地图这些都挺好的，可能喜欢玩幸福工厂，都市天际线这类游戏的玩家都能接受这个基建系统。比如在剧情或者探索过程中有了xxx的需求，然后回基,positive,0.7,,2026-07-19 06:58:31
47531372,2,2026-01-22,总体还凑合。<br />首先，新手引导非常的长，叽里咕噜的不知道讲什么，开局这么大逼格的怪就只会抬抬手有点掉价了；到处都是丘丘人，打的有点烦。<br />抽卡资源有点少，目前送的没有抽到六星。不过目前,negative,0.8,,2026-07-19 06:58:32
47692608,2,2026-02-02,我去你的，重dy开屏广告开始，到昨天csgo头部主播播你这玩意，而且是囫囵吞枣的播，啥都不知道的那种，能不能先好好做游戏？风评是不理的，扩圈是无底线的，啊b上的视频只管负面的，那种圣经型的任由传播，连,negative,0.95,,2026-07-19 06:58:34
47553776,2,2026-01-22,我先爆成分，我是铁血粥p，是个非常喜欢鹰角和明日方舟世界观和故事的人，同时我也很喜欢戴森球计划这种流水线规划游戏，按道理这游戏应该戳在我爱好上的，游玩经历可以说是非常非常痛苦了。<br />早上十一点,negative,0.85,,2026-07-19 06:58:35
47614978,3,2026-01-26,美术风格，游戏优化，玩法新颖，都不错，但是新颖的玩法往往劝退很多人，而且你这抽卡机制也不是众望所归，真的闹麻了，说抽卡还有福利明日方舟一样的真的玩过明日方舟和终末地吗？<br />这抽卡资源也是获取艰,negative,0.9,,2026-07-19 06:58:36
47669979,2,2026-01-31,好久没在taptap上发表游戏评价了，现在给我炸出来了。<br />终末地公测后铺天盖地的广告轰炸给我炸得无法可想，什么游戏区的up都被拉出来宣传，引人生厌。有些话不吐不快，但该说的也都被别人说过了，,negative,0.9,,2026-07-19 06:58:37
47575782,1,2026-01-23,可玩性0，打击感很差，估计是想跟别的动作游戏做区分搞创新，但是做得一坨，没有爽感，做这个震动效果意义不明，除了给我所剩无几的手感增添点难度还能干嘛。<br />画风肯定是好看的，但是女角色的服设又是另,negative,0.95,,2026-07-19 06:58:38
47596366,5,2026-01-25,玩下来整体肝度偏高，但是世界探索很有意思，宝箱解谜给的经验也不少，让我这种不太喜欢一直任务的人也可以解谜休息的同时，不落下队友太多。<br />游戏整体的玩法很丰富，我个人对战斗系统比较满意。难度适中,positive,0.7,,2026-07-19 06:58:40
47604638,3,2026-01-25,从这个游戏开服玩到现在，我在电脑上连肝了三四天吧，我简单系统地说一下这个游戏的一些额，特点吧。<br />我游戏账号今天晚上刚刚50级，也是吃满120抽出来了莱万汀和专武，还歪出来下个卡池的洁尔佩塔，,negative,0.7,,2026-07-19 06:58:41
47708632,4,2026-02-04,先说结论，开放世界+ARPG+生产流水线式游戏，喜欢这种类型的还是对胃口的，整体算是值得一玩<br />🎮基础情况：<br />又是一款开放世界动作冒险游戏，说实话这类游戏养成线都挺长的，要让玩家重新,positive,0.7,,2026-07-19 06:58:42
47785038,4,2026-02-10,游戏从上线开始玩到现在，主要是在电脑上体验的，手机玩儿压力有点儿大，而且也没办法开太高的画质。<br />从这几天的体验做一个客观评价吧：<br />先说说玩法和风格，我自己坚持玩过（最起码体验六个月,positive,0.7,,2026-07-19 06:58:43
47575635,2,2026-01-23,总结，运营得给美术磕一个。玩了两天，总体来说一般。先夸夸好的吧。建模美术这一块确实不错，也是细糠了。然后就没什么优点了说实话。工厂建造的玩法我觉得有好有坏，好的在于确实戳中我这种喜欢慢慢搭建的爱好。坏,negative,0.85,,2026-07-19 06:58:44
47575196,5,2026-01-23,真实评论在我编写的小故事下面<br />我先叠甲，电脑玩家手机没下，所以时长为0，明日方舟新约能天使版本入坑，等级77。终末地20级左右，没有出莱万汀，没有出专武，只充了六块，不是拖。<br />《终,negative,0.95,,2026-07-19 06:58:45
47560813,3,2026-01-23,不管你是想玩儿但正在在观望的，还是玩了之后感觉憋屈，但具体说不出来的，不妨看一下我的评论，说不定能引起你的共鸣<br />发过评论的都知道：给三星，是因为三星代表的是：“差点意思”，多一颗少一颗（分别,neutral,0.7,,2026-07-19 06:58:46
47531999,3,2026-01-22,玩了五个小时了，最开始该是有期待的，但游玩过后，一言难尽。<br />优点：1：剧情可跳过。2：画面、音效建模立绘这方面的话能达到主流游戏水平，算不上惊艳，但可以接受，属于不犯错类型，中规中矩。3：闪,negative,0.9,,2026-07-19 06:58:48
47681746,1,2026-02-01,先展示成分，52级大部分地图满探四号谷地基建毕业。<br />💃🏻立绘建模：<br />角色建模真是一言难尽，npc粗糙的很难让人相信这是一款2026年推出的二游，<br />自机角色建模没有记忆点，,negative,0.9,,2026-07-19 06:58:49
47673113,4,2026-02-01,很奇怪明明手机和pc优化都不错，但ps5上还会有掉帧情况，但对ds5手柄适配是真不错，震感和自适应扳机都是第一梯队的，国产游戏中更是无对手。<br />能公测就带索尼国区玩真的好评，不用为了用主机玩跑,positive,0.7,,2026-07-19 06:58:50
47744327,2,2026-02-06,💃🏻立绘建模：<br />还算可以，光追一开表现力确实顶尖，值得去体验<br />🎮可玩性：<br />战斗上体验还不错，有一定打击感，玩起来是挺爽的。很可惜很奇怪的攻击判定，明明视觉上能攻击多个敌人,negative,0.85,,2026-07-19 06:58:51
47575986,2,2026-01-23,💃🏻立绘建模：尚可<br />🧝🏻‍♀️角色人设：<br />前期:穿越之我在塔卫二做电力维修工<br />重生之我在外星搞基建<br />重来一次我在飞穿上做修理工<br />前中期:重活一次我在塔,negative,0.85,,2026-07-19 06:58:52
47598720,5,2026-01-25,看到大多玩家只关注游戏福利方面，直接全无视游戏其他方面做评价，有点难评。。我本来以为打开评价会以为终末地会是近期少有的开服评价可以的。结果又是这样子，好像真的大多人做不到客观，我觉得现在大多游戏一个劲,positive,0.9,,2026-07-19 06:58:53
47582454,2,2026-01-24,没招了，真的，希望鹰角能改改吧，我实在玩不下去了，在内容上，剧情演绎平淡无味，角色塑造也不立体，管理员的表现莫名其妙。在玩法上，角色的养成，抽取，都肝的要死，战斗到还算说得过去，对我而已还能接受，但是,negative,0.9,,2026-07-19 06:58:55
47615314,4,2026-01-26,在电脑上玩的，懒得拍照了，直接小黑盒截图，开服玩到现在，刚过完谷地探险5，等级47，限定抽了差不多90，常驻60。<br />本人玩的游戏很杂，不管冷门的热门的都接触过，哪怕细糠和shi都尝过，就做个,positive,0.85,,2026-07-19 06:58:56
47581500,1,2026-01-24,1. 剧情无聊：节奏拖沓，代入感缺失<br />很多玩家对剧情的吐槽主要集中在“劝退”上，具体表现为：<br />谜语人与老套：剧情开篇充斥着大量的专业术语和谜语式对话，缺乏对新手的友好度 。同时，故,negative,0.9,,2026-07-19 06:58:57
47530793,2,2026-01-22,亚服十级，抛开卡池和福利问题谈谈感受<br />舟的世界观一向吸引人但抛开这个世界观和那几个有老舟味的加载页面，其他一言难尽，最主要的问题还是基建玩法，放最后说<br />到十级大概完了三个小时多，国,negative,0.85,,2026-07-19 06:58:58
47610680,4,2026-01-26,现在需要平衡基建与非基建玩家的游玩体验，我认为基建应该可以选择直接共享好友的成品，而电线和矿机应该可以完全共享好友或陌生人的成套成品，代价仅仅是固定每天自动点赞，这个可以自己选择是否使用，这样非基建玩,negative,0.85,,2026-07-19 06:58:59
47826216,4,2026-02-14,基建挺好玩，什么时候开新图啊？<br />游戏总体上可玩性还行的，战斗也好剧情也好，还有场景，建模，中规中矩，偶有亮点，说不上哪里特别耀眼，达到平均分是有的。<br />下面说一些待改进的：<br /,neutral,0.6,,2026-07-19 06:59:01
47591096,5,2026-01-24,不关注社区，玩了三天的感受：建模美术顶级（无极美味饭盒😍），基建战斗五五开，基建对于我这没怎么接触过自动化游戏的人来说，挺有意思的，还有拉电线过程有些枯燥，但是当全图资源点都被连上的那一刻，我的大脑褶,neutral,0.7,,2026-07-19 06:59:02
47607776,2,2026-01-26,你放出这么一坨半成品四不像来恶心期待了很久的大伙（乐在其中的不在其列），我不算是草草体验，狠狠玩了，四号谷地地图全探索，地图上能捡到的东西全捡上了，可能是我和我比较能忍有关，硬是等到武陵，我才彻底被恶,negative,0.95,,2026-07-19 06:59:03
47591833,4,2026-01-24,内容量：超大杯 三天打了45个小时 从推到武陵（第二章）到现在10个小时 还有大把宝箱没有走攻略 升级很快，不卡等级，只要你想肝，你能肝一个星期，你要是开服养老，也没问题，只是说内容多，并不是说今天不,neutral,0.7,,2026-07-19 06:59:04
47589624,4,2026-01-24,一个需要玩家去适应而不是游戏适应玩家的游戏，当你经历过痛苦随后才可能发现它的魅力，它跳脱了市面上二游的舒适圈回归了游戏好玩的本质，虽然它依旧有很多缺点，但它的可玩性非常高了每天都有新东西玩不因为练度高,positive,0.7,,2026-07-19 06:59:05
47623223,5,2026-01-27,进度镇楼<br />终末地内容量很多，要学的东西也很多，需要慢玩，奔着传统二游抽卡刷本堆等级看大数字的去的可以不用来了，不适合你，再说了也没深渊逼你氪<br />本质上长线游戏，适合有兴趣且有脑子有精,positive,0.85,,2026-07-19 06:59:07
47614154,5,2026-01-26,画风蛮好的啊，优化也是佼佼者吧，剧情也就在节奏上有点拖沓，四号谷地的一小段让我觉得有点不舒服。装备制造有点复杂吧，主要吃基建，细细琢磨蛮有意思的，就像当初玩方舟，考虑干员布置，发挥最大能效，是一个很大,positive,0.85,,2026-07-19 06:59:08
47603336,4,2026-01-25,这游戏啊……手游玩家们给差评简直太意料之内了。考虑到它费这么大劲才能抽到比较少的满星角色，而且福利给的不够多，并且又是基建这种耗人心神的题材。<br />所以它实在应该把福利给到位的，不然怎么想怎么也,neutral,0.6,,2026-07-19 06:59:09
47578145,3,2026-01-24,玩了两天感觉至少是及格吧。<br />朋友什么的都在玩，况且也是个新游戏，进度不会落下太多，就下载下来玩了。<br />剧情依旧云里雾里，很多时候不等语音播完还没法点击跳到下一句话，导致很多时候看得烦,negative,0.75,,2026-07-19 06:59:10
47634139,1,2026-01-28,💃🏻立绘建模：<br />这款游戏的建模立绘是非常可以的，非常好看的这也是让我玩下去的动力，庄天师是我玩下去的唯一动力<br />💰肝氪度：<br />我是一个平民玩家，不氪金，但是这个游戏可以说前期,negative,0.9,,2026-07-19 06:59:11
47768069,4,2026-02-08,绝对中肯的评价<br />一直用电脑玩的时长有80＋<br />开面见山的说就这是一款受众相当受限的一款游戏，如同明日方舟一样要对上电波才算好玩，否则就是一坨<br />特点方面：这是一款伪联机本质单,neutral,0.7,,2026-07-19 06:59:12
47532836,3,2026-01-22,绝对客观评价<br />1. 画质建模还不错，玩法也算丰富，但请想好，如果你没有大量的时间精力，就不要玩，这游戏不存在什么“慢慢玩也很舒服”。这游戏就是很肝，要学的东西也不少，你得想清楚你有没有这个时,negative,0.85,,2026-07-19 06:59:14
47596010,3,2026-01-25,游戏玩法还挺有意思，没有接触过其他类型的基建游戏，可玩性感觉还不错。<br />地图设计很差，路线引导跟没有一样，有时还是副作用，加上不能爬不能飞，导致地图上设计很让人恶心经常出现来回跑找路的情况。<,neutral,0.7,,2026-07-19 06:59:15
47636890,2,2026-01-29,yj好像脱离二游环境太久，仿佛不知道现在二游玩家的情况一样，在前作方舟抄作业少角色 活动ex关打不过玩家都要直接骂的情况下，yj居然又做出这种拉仇恨的游戏<br />说白了终末地就是个套上二游抽卡皮的,negative,0.85,,2026-07-19 06:59:16
47618234,5,2026-01-27,终末地现在是有很多问题的，像什么资源散福利少都是说烂了的，还有个很多很严重的问题其一是玩法非常割裂，首先终末地核心玩法是基建对吧？但是基建对玩家有没有起到任何正面作用？基建的最终目的是生产产品然后交换,negative,0.9,,2026-07-19 06:59:17
47567040,5,2026-01-23,1. 硬核基建+策略战斗双绝，二游新标杆<br />《明日方舟：终末地》把“打灰”玩出了新高度！工业风基建+自动化产线，从规划布局到流水线优化，强迫症和策略党狂喜；四人小队连携战斗丝滑不卡顿，技能与普,positive,0.95,,2026-07-19 06:59:18
47664668,2,2026-01-31,我打游戏比较慢，算上吃饭聊天挂机差不多一共玩了十个小时，纯游戏时间应该有七八个小时。<br />打完打一章拿了四十连抽完就删了游戏。<br />【手柄】<br />手柄玩家，光是倒腾手柄和游戏怎么适配,negative,0.9,,2026-07-19 06:59:19
47784492,2,2026-02-10,pc端玩的，目前氪金大概五百左右吧，地图资源刨完了，活动也全打完了，下了两次池子，算欧的，但是后续伊冯和庄方宜如果不氪金的话只能二选一了，想了想本来想给一星的，但是欧了加一星吧<br />💰肝氪度：<,negative,0.85,,2026-07-19 06:59:20
47561734,3,2026-01-23,1月25日补充：首先是叠甲时间，作为一个80后，当初玩文字类OL、石器时代、传奇等早期网游过来的，什么DNF、FF14什么的也玩过，算一个比较能吃苦的人了；至于明日方舟也玩过几章，后面退坑了，理由后面,neutral,0.6,,2026-07-19 06:59:22
47573857,3,2026-01-23,端游玩了五个小时，简单写一下感受<br />①剧情：全程跳过，不评价<br />建模：顶中顶，目前市面上二游最顶级的一档，类似鸣潮的写实画风，推荐<br />②☆☆☆☆☆玩法：令人诟病的基建玩法在我看,negative,0.85,,2026-07-19 06:59:23
47849448,2,2026-02-16,3月16日更新<br />每次做任务都能被恶心到的游戏真的是不多见了，终末地确实独特。<br />以前说武陵大世界和基建互防，现在清波寨也一样。用罗盘找到最后一个宝箱在水里，然后上限满了。拆了点滑索炮,negative,0.95,,2026-07-19 06:59:24
47582618,4,2026-01-24,没看懂为什么那么多人吹衰。<br />玩了3天37级，老老实实的首充月卡战令党。本来新手40保底出的黎风不喜欢，但是角色做的确实不错，我很喜欢每个角色都有自己的动作还有符合情景的语音。<br />游戏,positive,0.7,,2026-07-19 06:59:25
47585885,3,2026-01-24,综合只能给到三星，美术，音乐，剧情表现都挺不错的。特别提一下，这个战斗时调用马达给的打击反馈很爽，有种在玩手柄的感觉。<br />好的说完了，接下来讲讲槽点：（纯主观）<br />1.开服抢跑俩小时，,neutral,0.7,,2026-07-19 06:59:26
47621187,5,2026-01-27,感觉这里评分有点低了，我个人评分8分起步，所以这里给个10分拉一下😂。<br />先整体说下:<br />地图设计:夯<br />建模:夯<br />基建玩法:顶级<br />剧情:目前是臭豆腐（先臭,positive,0.85,,2026-07-19 06:59:28
47609937,1,2026-01-26,目前43级。渲染和音频技术上可能算非常完美，但是可惜所有的设计都像工作而不是游戏，而且没有任何激情或者情感。游戏循环种类非常“丰富”，但所有的游戏循环都相互穿插且有严重缺陷（i.e. 动作，探索，工业,negative,0.9,,2026-07-19 06:59:29
47730875,4,2026-02-06,想给3.5星，感觉总体评价有点太低了，给四星拉高一点。<br />是一款优点和缺点很极端的游戏。<br />先说说优点啦。<br />1️⃣画面。我是手机端玩的，已经觉得场景很惊艳了（特指武陵），朋友,positive,0.85,,2026-07-19 06:59:30
47571628,1,2026-01-23,"体验了zmd第一章,下面是我个人的主观看法，先说优点：<br />1.角色人设一如既往的优秀，整个建模都很好看，光影和细节都做得不错,远远地看很有意境。UI和CG都是下了功夫的，设计感很强，延续了明日",negative,0.65,,2026-07-19 06:59:32
47549352,2,2026-01-22,别的像福利什么的很多人都说了，所以聊点剧情，作为一个米家四件套都玩的人，以前剧情从来都不跳过的，但是剧情这次跳过了，因为真的很让人不知所云，说白了就开头抓不住人。（可能也有点主观因素，因为鹰语懂得都懂,negative,0.85,,2026-07-19 06:59:33
47591177,4,2026-01-24,名声太大吸引了各种各样的玩家，现在的游戏环境，基本都是追求短平快的新时代手机玩家。想摸鱼，通勤的时候随拿随放。<br />这个游戏的任务，开发建设需要沉下心当成单机玩。你不会嫌戴森球复杂，也不会嫌八方,positive,0.7,,2026-07-19 06:59:34
47645398,2,2026-01-29,目前状态：现在50级，4w多玉，地图和不少东西都没弄，不过谷地的任务基本都做完了，谷地地图应该基本上刮干净了8层，武陵有点没动力了，看网上说要从头弄基建，燃尽了。限定只抽了5发送的，有骏卫和黎风，所以,neutral,0.65,,2026-07-19 06:59:35
47690987,5,2026-02-02,先叠甲哈（原神、崩铁、绝区、碧蓝航线、明日方舟、鸣潮、尘白禁区等很多二游都有涉列），个人认为终末地在诸多二游里算是能打的了，开服无节奏，也没有什么闪退、丢视野等诸多bug，优化做得也很好，拉满的情况目,positive,0.85,,2026-07-19 06:59:37
47566896,1,2026-01-23,第一天玩，剧情可以说是依旧谜语人。战斗系统养成系统放在26年毫无亮点。唯一可以说好的就是美术UI设计。但是只靠美术也没法吸引人玩下去，本人玩过像素工厂，缺氧，环世界，幸福工厂等具有模拟经营性质的游戏，,negative,0.9,,2026-07-19 06:59:38
47640232,1,2026-01-29,剧情差劲教程差劲但是剧情跳过必须等人说第一句话，基建教程安排在主线任务里硬控你几分钟这一块、模型不咋地看景色不好看但是剧情npc糊你一脸坐竹筏不能传送这一块、养成复杂铺电线难但是你整完基建还是要等突破,negative,0.9,,2026-07-19 06:59:39
47737952,3,2026-02-06,*本人首次接触YJ游戏，方舟人设、世界观方面均不知情，这方面暂不讨论*<br />以下是仅在四号谷地地图的体验而来的初评：<br />💃🏻立绘建模：<br />好！特别地好！YJ的美术让我眼前一亮，这,positive,0.85,,2026-07-19 06:59:40
47600031,3,2026-01-25,叠甲：理性讨论，不带节奏<br />开门见山，这款游戏无法满足大部分玩家“娱乐”的需求，只要你有任何一个不玩这款游戏的理由，你就不要去尝试，一定不要<br />2026.1.25<br />自动化的玩,negative,0.85,,2026-07-19 06:59:41
47550908,1,2026-01-22,先说优点，一是建模好，我第一次看到zmd这样的动感建模，感觉和别的游戏都不太一样，宣传的水墨风也是有的，二就是战斗体验，重击可以打出联结技能真的挺爽的，还有技能点的设定，白条满了可以切大招等，原谅我是,negative,0.85,,2026-07-19 06:59:43
47605511,3,2026-01-25,目前主要是在电脑平台上玩（因为在家），手机端玩了一会，还行，至少这破手机低效能玩。开服到现在，每天都玩四五个小时吧，当前的体验就是：感觉每个地方都恰到坏处，处处都在让你玩不爽！<br />一、先说优点,negative,0.85,,2026-07-19 06:59:44
47616205,4,2026-01-27,PC玩的，总结一下游戏优缺点，绝对客观。<br />我会从画面，角色，可玩性，剧情四个维度进行描述。<br />首先是画面，区别于其它二游做出了“另类”的画风，更加写实，我个人是腿控，莱万汀在某些时候,positive,0.85,,2026-07-19 06:59:45
47617214,3,2026-01-27,我是PC端玩家，目前40级，因为这次走了狗运，卡池欧到爆棚，所以我不喷他鹰角家得阴间卡池，我就说说我这两天玩儿的感觉<br />1.开服前铺天盖地宣传的画质精细度，能看到各种材质的雨滴划过肌肤丝袜啥的,negative,0.85,,2026-07-19 06:59:46
47587401,4,2026-01-24,期待开服第一个版本活动<br />手机端的画质我很满意，体验九天，47级。<br />■先说结论<br />访谈说1年都在武陵，1年1大地图。<br />不够玩。<br />优点：<br />武陵，玩,positive,0.7,,2026-07-19 06:59:48
47542133,1,2026-01-22,说一下终末地的优点:<br />1、人物建模很棒！<br />细数终末地的九大罪:<br />1、卡顿；是指主线的卡顿感，这个游戏的主线，没有带给我任何正反馈，第一章途中就卡等级两次，我也是第一次见；,negative,0.95,,2026-07-19 06:59:49
47624201,4,2026-01-27,pc玩家，目前30级<br />二游老吃家了，什么都吃，什么都能接受。<br />本测评属于个人体验记录，有运气成分加成+心情挺好，全主观，参考价值低🤥<br />1.角色平衡问题，不同队伍体验区别巨,positive,0.65,,2026-07-19 06:59:50
47605567,3,2026-01-25,电脑端玩的，我只能给到三颗星的评价，勉勉强强吧，高不了了。<br />💃🏻立绘建模：<br />嗯……建模一般吧，拿个别礼来说，我圈外朋友老说别礼很丑，其实整个头部都能看吧，但是身体很怪，色彩搭配也很,neutral,0.7,,2026-07-19 06:59:51
47650715,1,2026-01-30,先说优点，美术满分，场景满分。玩法方面，虽然是死亡搁浅+幸福工厂+塞尔达开放世界，但还是不错，有可玩性。<br />然后是缺点，我真的****。首先就是游戏很肝，但肝其实还好，重点是给的资源反馈完全不,negative,0.9,,2026-07-19 06:59:52
47623497,4,2026-01-27,整体评价:一款需要打磨和观察的硬核2游<br />本人仅玩过几天塔1 几乎不清楚粥的设定 因此视角默认无塔1经验的体验 本人从1月22开服入坑 佩丽卡厨 半xp半强度:<br />(说明:含部分剧透 ,neutral,0.7,,2026-07-19 06:59:53
47613215,3,2026-01-26,体验四天，多数时间是用电脑玩的，现在30级，还没到武陵，所以不评价武陵，只评价四号谷地。进度有点过于慢了，这个我是清楚的，但家里有人在医院，白天要去医院，谅解一下。现在我说说我玩终末地的感受<br /,negative,0.85,,2026-07-19 06:59:55
47533632,5,2026-01-22,开服11点到现在16:00，我玩了5个小时！作为方舟的元老级玩家（早就弃坑了）不论结果如何，我已经氪了个月卡！表示支持！然后说一点游玩体验！<br />1.首先第1个问题就是晕！3D类游戏玩的也不少！,positive,0.65,,2026-07-19 06:59:56
47615338,3,2026-01-26,一星给我的十连三金，一星给佩丽卡，一星给你创新的勇气。可能是卸载了所以才没有游戏记录。纯路人玩家，因为有朋友想玩所以拉我入坑玩了两天。<br />真的最该喷的就是福利，我不拿其他游戏跟你比，我就拿你本,negative,0.9,,2026-07-19 06:59:57
47607696,3,2026-01-26,玩了几天了，可圈可点吧，美工和建模我挺喜欢的，我也沉迷搞基建啊，很上头，但是好多难受的点啊，你一个溶于水不能攀爬不能滑行的角色搞这么复杂的地图干嘛，世界上最远的距离莫过于没有角色高的坎你迈不过去，第一,negative,0.85,,2026-07-19 06:59:59
47834092,1,2026-02-14,首先，这只是个人评价<br />（主支线全清），剧情一坨，不推荐任何喜欢沉浸体验游戏剧情的玩家游玩<br />（只镀层了罗丹），战斗不错，这游戏战斗的乐趣在于研究出招的轴，如果你爱思考就会喜欢玩的，但,negative,0.85,,2026-07-19 07:00:00
47727566,3,2026-02-05,二游和大世界以及箱庭的适配程度，我一直都觉得不好。如果当你这个游戏还有抽卡压力的时候，那就更加不行。<br />终末地是箱庭使探索。对于这样的探索，乐趣往往是两个部分。1：通过探索获得的奖励。2：找路,negative,0.85,,2026-07-19 07:00:01
47539290,1,2026-01-22,游戏其实热度挺高的，反正商单比较多吧(我不知道)。游戏和大部分二游差不多。优缺点其实挺多的。以下仅表示个人看法，每个人喜好不同，勿喷。<br />优点：1.多个相同角色提升并不是很多(以后就不知道了),neutral,0.6,,2026-07-19 07:00:03
47575959,3,2026-01-23,终末地玩了，也删除了。<br />我手机拉满性能玩的，最有特色应该是虚拟场景音，配合耳机使用，非常有临场感。<br />五星为满分的话，我给个3星半吧。<br />原因如下，世界观我给个1-2星，高科,neutral,0.7,,2026-07-19 07:00:04
47580782,2,2026-01-24,终末地开服之际，受难玩家同盟会谨以此文昭告天下：今有《终末地》测试版本，背离游戏根本，辜负万众期待，其行如朽木充栋，其质若泥塑金身，徒有华美皮囊，内里百孔千疮，实乃玩家之公敌，娱乐之浩劫！<br />,negative,0.95,,2026-07-19 07:00:06
47646161,2,2026-01-29,用pc玩的，目前武陵谷地全开，开发满级了，正在清任务，回来追评一下。<br />顺带一提，为了拉满沉浸感，在没抽出42姐之前，我特地把42姐的剧情留在最后来品尝。<br />结果没想到吃了坨大的，甚至,negative,0.85,,2026-07-19 07:00:07
47610918,5,2026-01-26,我还是相当喜欢终末地的<br />有各种原因夹杂在一起，不光是因为我这个号特别欧（是的我就是来晒卡的，十连两个42），终末地的底子确实也还不错<br />先说优化，由于放假回家没带电脑，我家里的老破台,positive,0.8,,2026-07-19 07:00:09
47688922,4,2026-02-02,游戏主打的是基建流水线以及箱庭世界。优点不多说，基建流水线本身玩法有一定深度，明日方舟ip加持（卖情怀😋说是），还有还算不错的优化。<br />评论主要说的是缺点，如果要入坑，我觉得你可以先看看下列这,negative,0.85,,2026-07-19 07:00:11
47527209,5,2026-01-22,刚下机，pc端玩了十几小时，远超预期！<br />角色建模是顶级的，并且有很多小彩蛋，切角色拉近视角从背后下方看一会干员会和你互动。（陈会憋红脸挥拳头，看起来像是……）<br />战斗体验我看了很多玩,positive,0.85,,2026-07-19 07:00:13
47581612,2,2026-01-24,本来是不打算发表这篇感想的直到我玩到世界第二个大boss“三位一体”的时候我认为还是要发表一下我自己的看法。<br />事先叠个甲，本人于22日入坑一直活跃在pc端，账号等级27级，买了月卡和通行证。,negative,0.85,,2026-07-19 07:00:14
47574514,4,2026-01-23,别看我没游戏时长，因为我在pc端玩了两天。我玩的游戏类型比较宽泛，完全把终末地当做一个有二游因素的基建游戏来玩了。基于此，我来说说都有哪些我认为的优点跟问题:<br />优点:1.首先美工这一块非常舒,positive,0.7,,2026-07-19 07:00:15
47606848,4,2026-01-26,先叠甲，我是pc大屏玩家，且有很长时间的单机游戏的经历并很喜欢模拟经营和基建<br />长时间体验下来除了卡池这个毒点其他我其实觉得都还好，而且这种基建模式我很喜欢<br />关于大家说的电线和跑图难,positive,0.85,,2026-07-19 07:00:17
47578714,2,2026-01-24,关于优点：<br />优化不错，没遇到bug，3060L不卡顿<br />关于前作：<br />纯新人，没玩过前作。开头一个墓碑，告诉我谁谁谁牺牲了。哥们我是真无感啊。打到14级没见到莱万汀，我都不知,negative,0.9,,2026-07-19 07:00:19
47617430,3,2026-01-27,当手游来看2—3星之间，在我看来用手机的玩家卸掉很正常。<br />前几天有事在外面忙，手机下来玩了，真的没坚持过半小时，就算用抽卡当驱动力换了两个号刷初始也是失望卸载的结果，但回家闲下来后又下了PC,neutral,0.7,,2026-07-19 07:00:20
47582495,1,2026-01-24,明日方舟：终末地 纯玩家吐槽版（越玩越心梗版）<br />一、抽卡&amp;氪金：抠到抠脚，氪了纯纯大冤种<br />1. 开服福利就跟打发叫花子似的<br />刚开服就给那几抽UP，剩下全是常驻票，,negative,0.95,,2026-07-19 07:00:22
47605087,4,2026-01-25,叠个甲，我是明日方舟开服玩家玩到今天，且终末地开服玩到现在，目前50级，基建全毕业。以下观点均为主观，跟你有冲突那就是你对。<br />1 新手教程真的很长，可以说不只是最开始的那一段，我认为在43级,positive,0.7,,2026-07-19 07:00:23
47558520,4,2026-01-23,总结目前来看我应该给到4星，基于本身终末地实际缝那么多玩法，还没有任何对传统后○神时代玩法有任何突破性提升，所以给到3星。<br />针对于是一个仍然基于○神模板进行设计的游戏，简单谈谈有什么改动，第,negative,0.85,,2026-07-19 07:00:24
47615664,3,2026-01-26,楼主现阶段是在搓金装+武陵工业发展前期<br />说一下我对这游戏的感受吧<br />首先是缺点：<br />1.这个游戏的传输锚点放置位置非常奇怪，很多地方需要自己去建钩锁才能更好更方便地去做任务。,neutral,0.6,,2026-07-19 07:00:25
47575453,1,2026-01-23,本来我是不怎么写游戏评价的，但问题是这游戏着实给我喂了坨大的，所以我必须要写点什么要平息一下我的心情。<br />下午我看到那个三千万下载的感谢邮件绷不住了，我一个人就贡献了3次，我先在tap上下了一,negative,0.9,,2026-07-19 07:00:27
47605333,5,2026-01-25,pc玩的，感觉理解不了评论区喷的。<br />总体来讲我认为是一部佳作。<br />说说我个人感觉的优点<br />1.游戏内容丰富<br />推测一下觉得玩得累的人原因，是游戏内容太多。基建玩法单拿,positive,0.85,,2026-07-19 07:00:28
47535857,2,2026-01-22,怎么说呢，开局碎片化剧情看的不是很明白，总归沉浸不进去（确实我玩游戏不太喜欢看剧情，直接跳过那种）。但别的游戏就算跳过也大概能看懂一些大概剧情，这个完全不知道在讲什么，也可能是我个人原因，给我一种很墨,negative,0.9,,2026-07-19 07:00:29
47605017,3,2026-01-25,看目前的评论批评居多，那么我就斗胆写一些批评和“洗白”兼具的评论吧😂。我只能说终末地玩进去了是真好玩，但不包括抽卡和剧情😅<br />剧情不像是方舟续作应有的水准，抽卡要不是80抽没歪我真的会破防好吧,positive,0.7,,2026-07-19 07:00:31
47608702,5,2026-01-26,因为之前玩过两年明日方舟，对鹰角印象还不错。所以终末地公测闻风而来了。<br />开头两三个小时真的很劝退我，各种新手教学+又臭又长又没意思的剧情。ui又很复杂，这么多按钮一下子端上来都不知道哪个对应,positive,0.7,,2026-07-19 07:00:32
47753763,4,2026-02-07,玩到武陵了，现在差不多47级。目前还是很有游玩热情的，好玩啊好玩，玩起来就发狠了忘情了没命了，貌似缝合了不少游戏感觉可玩性不错，喜欢拉电线，跑图不算累。zmd貌似属于箱庭游戏，秩序感比较强，但是地图的,positive,0.7,,2026-07-19 07:00:33
47578924,2,2026-01-24,这是一款成功让我感觉原神是一款伟大的作品的游戏，我甚至不知道这款游戏的核心玩家是谁。<br />我们先聊被吹的最过的基建，这个游戏所谓的资源基建模式就是通过A→B，然后B→C，要不就是A+D→E，然后,negative,0.9,,2026-07-19 07:00:35
47606569,5,2026-01-26,可玩性是目前二游的天花板，放在单机界的也是非常能打的存在，最值得一说的是手机端的优化异常好，不会卡顿延迟，这类游戏我通常不爱在手机端玩，但终末地玩起来会让你感觉原来这真是手游，而不是移植或是签到启动器,positive,0.85,,2026-07-19 07:00:36
47574307,5,2026-01-23,⭐⭐不是，为什么你们这么大意见呢？首先声明我对这个游戏非常喜爱，我觉得非常好玩。<br />⭐⭐首先说最具有特色的基建部分，那种一点点一步步养成的感觉非常上头，将基建绑定了主线推进，角色养成，这个玩法,positive,0.85,,2026-07-19 07:00:37
47618161,3,2026-01-27,轻度玩了几天，犹豫再三还是给打三星吧。<br />两星给游玩体验，一星给未来可期。<br />总体而言，游戏质量还是过关的，至少能看得出是有想法的，但是这想法似乎没有发挥好。<br />优点∶<br ,neutral,0.7,,2026-07-19 07:00:38
47720579,5,2026-02-05,也是玩了100+小时的这个游戏了，首先我曾经也是个明日方舟的玩家，对这款有着也是有着很多的情怀。其次对于终末地，我对这个游戏也是抱着很大的期待，虽然没有参加过一测二测三测，但是对于这次的公测来说，这款,positive,0.7,,2026-07-19 07:00:39
47619072,2,2026-01-27,观望几天还是决定试试，风格基建拉电线玩法挺上头也很独特，但玩下来感觉骂得不冤，抽卡120大保底不继承，只有小保底继承，非点的情况我想要一个角色要硬抽120不能提前垫池子提前歪了第二次不歪很不爽，米家池,negative,0.85,,2026-07-19 07:00:40
47606401,1,2026-01-26,1. 关于 up 池： 强度很高，没有抽到体验很差<br />歪了个俊卫，同养到 60 级 体验贼差。还有个老舟批朋友硬要跟我杠，说我过度追求 up 池。<br />后来我俊卫玩红温了，把礼包和双倍全,negative,0.85,,2026-07-19 07:00:42
47591847,3,2026-01-24,从整个游戏的画面，建模音乐等方面来说，对比原，鸣潮，战双这类同类手游来说，完全能称得上合格了，实际分数的话十分我感觉能占七分，抛开抽卡方面的问题不谈，作为一个喜欢玩经营建造类型游戏的人来说，这几天玩下,negative,0.85,,2026-07-19 07:00:43
47646360,3,2026-01-29,2月2日50毕业追评<br />50内容估计只有一半，有点半成品，还有50科技都这么高了怎么还要用水枪滋开关开门啊，你游分级素材我可以理解，等级还要分不同经验是何异味啊，下位材料还不能合成上位，下位蘑,negative,0.85,,2026-07-19 07:00:45
47611277,1,2026-01-26,写了850个字，一是我真挺喜欢这游戏的，二是也确实玩的不舒服<br />建议如下<br />①可滑动查看各个协议基地（以四号谷地工业计划到武陵工业计划为例），方便来回校准比对生产链条<br />②各个,neutral,0.7,,2026-07-19 07:00:46
47540549,2,2026-01-22,粥官号120级3年玩家（20年建号中间退了23年拾起来的），为了明日方舟IP、美术、战斗玩法、基建来玩的，前面三次测试都没有中过资格。<br />10点开始玩玩到晚上7点，把新手池肝完了，等级17，限,negative,0.9,,2026-07-19 07:00:48
47570430,1,2026-01-23,用来评价的，这次我要已经玩到45级了啊，已经算是很深玩了。来咱来跟咱们看一看。这款史诗级大作。<br />💃🏻立绘建模：<br />这个很好啊，很有优点，这个是真的很值得夸的，毕竟26年了，大家追求的,negative,0.85,,2026-07-19 07:00:49
47668832,3,2026-01-31,随便聊聊我对这个游戏的看法吧，给有需要的朋友们参考一下。<br />目前1月31号，我是开服就开始玩的，我属于是那种有时间慢慢玩那一类玩家，进度主线推完，等级50，探索等级6，四号谷地基建毕业，武陵基,neutral,0.7,,2026-07-19 07:00:50
47640230,1,2026-01-29,看前提示，如果你是氪佬或是欧皇，那你直接把我说的当乐子看，我这适合正常零氪微氪玩家，小保底正常吃，临近大保底时出货，少数情况欧一次<br />一个大更新，毋庸置疑，确实好了一些，但不妨碍我骂，在我看来,negative,0.9,,2026-07-19 07:00:52
47598039,3,2026-01-25,方舟玩家过来的 说说自己的想法<br />如果你喜欢玩死亡搁浅和幸福工厂的话，那么这款游戏你会很喜欢，本人就是这样，里面的基建啊，滑索啊什么的建好之后很有成就感，可玩性这一块拉满了<br />地图很大,positive,0.7,,2026-07-19 07:00:53
47540305,2,2026-01-22,开服福利诈骗<br />1.135抽基本全是常驻，实际资源玩了四五个小时带上兑换码凑不出限定池十连<br />2.两个六星自选武器，加上源石免费大月卡里的自选，没有一个常驻角色专武，只能当下位替代，更,negative,0.95,,2026-07-19 07:00:54
47609558,4,2026-01-26,战斗方面：打斗逻辑始终不对胃口，体验很差，大招和小技能能放一个键，到底是哪个神人想到的，只要招放错全是负反馈，唯一一个游戏教学关卡给我打红温的，长按这种机制本身就很垃圾，你还是一键多用，而怪又有很多快,negative,0.85,,2026-07-19 07:00:55
47558013,2,2026-01-23,因为大部分时间是在pc上玩的，不过也下载了手游端尝试了，首先优化我是认可的，60帧流畅运行，画质勉强能看，不过这种双端游戏，我只要求它能在手机上流畅运行就行了。美术挺有特色，比较对我胃口。音乐没感觉，,negative,0.9,,2026-07-19 07:00:57
47624634,4,2026-01-27,终末帝，一款缺点比优点多的上世纪游戏，是怕再不吃大世界这碗汤就没得吃了吗？太赶鸭子上架了，但目前确实是款良心游戏<br />终末帝的优点：<br />1.角色强度把控目前不错<br />2.角色部分3,positive,0.7,,2026-07-19 07:00:58
47533968,4,2026-01-22,pc11点玩到现在，怎么说呢...给我的感觉与其说是不好玩，倒不如说是东西太多了<br />就一直推主线到现在，东西多就多在这，一个主线科普了战斗，基建，养成等等一堆东西，玩家根本消化不过来，只会丧失,negative,0.9,,2026-07-19 07:00:59
47584145,1,2026-01-24,我的天，这就是打磨数年的精品大作吗？这就是三次测试资格抢破头的机密游戏吗？阴角游戏太好玩啦！我在体验时间上坚持了一天！大家快来尝尝吧！[星星眼]<br />评论区依旧水军和阴兵过境，为了一条几毛钱硬是,negative,0.95,,2026-07-19 07:01:01
47592310,3,2026-01-24,玩完之后还是得留下啥嗯本人前几个月刚玩上明日方舟然后就看见这个终末地公测所以来玩玩看以下全是我个人主观看法<br />💥抽卡：我开了两个号打算是哪个号欧打哪个来的，不知道为什么是不是概率调高的问题还是,neutral,0.6,,2026-07-19 07:01:02
47607600,2,2026-01-26,先说现状：pc端高强度玩了四天，主角物理碎冰队开荒，现在主线已经打完，即将50级，零氪且攒抽人员，已攒八十抽左右，进入瓶颈期，地图大概摸了一半资源，没看攻略没抄蓝图纯手打。<br />有内测十几个小时,negative,0.85,,2026-07-19 07:01:03
47538077,2,2026-01-22,二星是给建模和场景以及音乐的，确实没的喷，业内中上游的水准，接下来就是不足之处：<br />🔖运营服务：抽卡依旧依托。从三测开始暴露的问题依旧，市面上现成的成熟的卡池机制不用，偏偏自己独当一面，我都不,negative,0.85,,2026-07-19 07:01:05
47581815,1,2026-01-24,剧情：1，依旧鹰角的那一套谜语人，依旧鹰言鹰语。2，剧情过程中穿插的莫名卖卡cg，你不觉得很割裂吗？3，剧情任务能不能加一条地面黄线指引？你那破地图我都懒得吐槽了，真的很容易找不到路，顺便给那些资源点,negative,0.85,,2026-07-19 07:01:06
47553609,4,2026-01-22,用Pad玩的，全部最低画质，感觉建模很二次元手办风，一般，立绘还是一如既往的精致，喜欢。<br />想到啥说啥吧。<br />玩了有六七个小时，只多不少，两个小时剧情，两个小时大世界乱跑，两个小时基建,positive,0.65,,2026-07-19 07:01:07
47555643,3,2026-01-23,💃🏻立绘建模：<br />唯一优点可以给他一颗⭐，有自己的特色，然后武林地图整体建模也非常的符合中国山水画的感觉。有点子古韵，比其他的一些二游中国风刻板印象的灯笼，中式建筑宏大，各种大红色好很多。<b,negative,0.95,,2026-07-19 07:01:09
47541751,1,2026-01-22,一句话：<br />自己做爽了不顾玩家的游戏。<br />叙事流程【1分】<br />一句话：摁着你头看。<br />玩家刚开始熟悉这个新世界，建立和虚拟世界的链接，塞尔达原神都知道让玩家在地图里先自,negative,0.9,,2026-07-19 07:01:10
47561367,1,2026-01-23,这游戏剧情在讲些啥，看不懂啊，我是干啥的？进入基建环节，建造还行爽，有点乐趣了，能玩<br />——唉，怎么限制建造了，怎么不能放滑索了，怎么卡等级了，这教程我在主线不是都做过了？战斗和UI镜头晃的我,negative,0.85,,2026-07-19 07:01:11
47609906,4,2026-01-26,缺点:前期剧情太过拖拉，没有引人注意的点，剧情也是平平无奇，玩到后面才进入基建主题。<br />不能二段跳也很不方便，箱庭地图有很多高低差，找条能上去的路得蹦好久<br />部分角色设计丑。余烬乍一看,positive,0.65,,2026-07-19 07:01:13
47604345,2,2026-01-25,目前已经42小时了，四号谷地主线平淡如水，最后没忍住跳过了，我已进入50，50剧情还行，有看头和乐子（单指汤汤和小陈），现在49级。<br />💃🏻立绘建模：<br />立绘好看，建模只有男干员能好点,positive,0.65,,2026-07-19 07:01:14
47597240,2,2026-01-25,先说游玩情况：游戏关注两年了，特别是三测期间，没有抢到激活码，但是一直在看b站视频，公测后玩了三天.17个小时，等级30，不是方舟玩家。<br />一，yj培养孝子技术一流，抖音官号下的评论区控评，我,negative,0.9,,2026-07-19 07:01:15
47750811,3,2026-02-07,首先说明，我是一个剧情党<br />我不知道为什么我显示的是游玩0分钟，但其实我已经玩十一天了<br />💃🏻立绘建模：这点我觉得还是不错的，里面的人物我觉得都挑不出什么错误，下雨时候的衣服细节也很好,positive,0.65,,2026-07-19 07:01:16
47615344,3,2026-01-26,《终末地为什么玩的这么难受》<br />（2.5三改，在最底下）<br />（仅个人观点，本评论只讨论缺点，不讨论优点，你要骂我那你就骂）<br />（全程电脑端游戏，所以手机上没有记录时长）<br ,negative,0.9,,2026-07-19 07:01:18
47613717,4,2026-01-26,我认为认为这游戏不好的点<br />1.终末地对于玩家操作不太友好，尤其是电脑玩家，有时候说4名玩角色的战技和终结技。<br />2.终末地第1章剧情过于无聊，而且一聊到主角的事就当谜语人。说实话，我,positive,0.7,,2026-07-19 07:01:19
47550143,3,2026-01-22,2026.01.22————————————————————<br />PC端玩了一天，以下仅个人观点：战斗上倒也相对比较好上手，按住攻击键就行，因为没有蓄力重击，怪出红光技能打断，怪白光就等转换到红,negative,0.7,,2026-07-19 07:01:21
47561668,2,2026-01-23,想入坑这款游戏吗？那我觉得你可以看完这篇评论再决定是否入坑。<br />对于一款游戏，我们最先关注的，是这款游戏的可玩性，可以说，明日方舟：终末地这款游戏，可玩性算是二游类比较高的，例如3c，战斗，解,neutral,0.6,,2026-07-19 07:01:22
47610754,4,2026-01-26,游戏玩法主要是三部分：①箱庭大世界探索②异星工厂/戴森球式基建③战斗是取消了回合制的来自星尘；<br />其实体验是相当不错的，就手游来说，有优秀的前人玩法作支撑，除去氪金抽卡相关的话，完全可以当个单,negative,0.85,,2026-07-19 07:01:23
47635151,2,2026-01-28,PC上玩的，开服到现在打到了53级，主线支线全清，总的来说有亮点也有不足，但不足远多于亮点。<br />亮点:1.对我个人来说基建玩法算一个亮点，至少能算一个“创新点”，至少在没抄别人的蓝图之前自己发,negative,0.85,,2026-07-19 07:01:24
47756257,1,2026-02-07,💃🏻立绘建模：<br />人们美术和场景美术还不错（特别是武陵）<br />🎮可玩性：<br />战斗系统很无聊，战技连携一顿放，然后就是aaa等技力条<br />地图设计很恶心，传送点少，引导做的很,negative,0.9,,2026-07-19 07:01:25
47648321,5,2026-01-30,这游戏我一开始是玩的很不爽的，但是慢慢跟着任务上手了，基本会玩了。<br />总之我想打怪需要输出需要容错，人物强度和武器强度没啥好说的，最强那一档需要钱。撇开这部分，人物等级武器等级精炼进阶都需要资,positive,0.7,,2026-07-19 07:01:27
47812889,1,2026-02-12,含剧透，慎看<br />想吐槽又无从下口了<br />1.剧情，能看。我说的能看是什么意思呢，好比是在顶尖厨师选拔赛上，大家在争论谁做的菜最好吃，这个好吃，这个更好吃，轮到评价你了，哦，这个菜能吃。我,negative,0.9,,2026-07-19 07:01:28
47575199,4,2026-01-23,首先需要说一下那个什么基建系统：<br />我看评论区都说教程贼长而且复杂。但我实际游玩下，教程虽然确实很长，但是并没有按着你头皮去看，我教程就看了几个剩下的都没点。至于基建本身，说实话也根本不用自己,negative,0.85,,2026-07-19 07:01:29
47695976,3,2026-02-03,已经玩了段时间了，认真评价下。<br />一、可玩性：<br />满分，虽然这“大世界”探索类游戏限制较多（例如无法攀爬，卡脚，沾水就挂等）但融合了箱庭类以及塔防类，让人确实感到新颖，如果玩家愿意花时,positive,0.7,,2026-07-19 07:01:31
47585907,1,2026-01-24,第一天猛吃，第二天打开就力竭了，第三天卸载了<br />正经聊聊，是不是有点贪了<br />主要两个部分，一战斗二基建<br />战斗 这套aaa技能大招连携的系统 本身并不是不好，就是战斗反馈是不是,negative,0.85,,2026-07-19 07:01:32
47589842,1,2026-01-24,猛玩三天完全力竭了，完全不推荐入坑。原因如下<br />1，抽卡没动力，昨天送了十连我也抱着退坑全抽了卡试水了，up歪了距离大保底差三十，武器池也歪了差一千多配额。就是这样卡在接近的地方又摸不到，我也,negative,0.95,,2026-07-19 07:01:33
47614537,3,2026-01-26,画个分割线，在我第二个号跑到41级后准备更新一波评价。这次主要讲一讲终末地里面三个下头的部分。<br />①傻x鹰式分解法。我是个清图狂魔（不卡等级的时候我也会抛下一切去清图）档案数目前228，但我的,negative,0.85,,2026-07-19 07:01:35
47553001,1,2026-01-22,先说结论，基建还挺好玩的，战斗有点大粪，卡池福利啥的我就不评价了。<br />首先我是玩过xb2的，终末地的战斗系统可以看出是参考过xb系列的，但感觉大部分人对于终末地这套系统是不大能给出好评的，我主,neutral,0.7,,2026-07-19 07:01:36
47536543,2,2026-01-22,3月12日<br />新版本上来先把月卡续上了，不为别的，就凭这个自选基质，顺便给你多一颗星，因为你的七天签到前三天就可以领完5抽。(tnnd我铜矿和蓝矿呢？你不能光给红矿，最缺的两种矿完全不给吧)<,negative,0.85,,2026-07-19 07:01:38
47586320,5,2026-01-24,2026.5.1 剧透警告<br />剧情还是一言难尽，我真不知道负责剧情的脑子里是啥。<br />小庄真就公私不分呗，之前不需要管理员的私事拉着人到处跑，到真到影响全武陵的大事了说我不能这么自私，更,negative,0.9,,2026-07-19 07:01:39
47562404,4,2026-01-23,1.2了，追评一下<br />先说结论，两个版本以来，终末地的进步有目共睹，目前我对后续发展持积极态度，希望鹰角能保持下去。<br />抽卡方面。我开服全勤，大小月卡，吃了两次120，现在还能勉强保持,positive,0.9,,2026-07-19 07:01:40
47623173,5,2026-01-27,这美术戳我了，基建也不错，只不过可惜了那些不喜欢基建的人，应该玩了会儿基建不喜欢就弃游了吧，原神这么多年咋一点进步没有啊，我*，鸣潮终末要是早原神出，我还真不会玩原玩这么多年，特别是到了新地图武陵那边,positive,0.85,,2026-07-19 07:01:41
47671333,2,2026-01-31,每天抽出一点时间玩，现在已经四十多级，但游戏的问题一大堆，如果是个单机游戏，去掉抽卡，去掉剧情（沟槽的剧情），当做一款基建游戏玩，体验感非常不错。本人之前没玩过这类基建占比非常大的游戏，能勉强算得上的,negative,0.85,,2026-07-19 07:01:43
47528194,2,2026-01-22,短暂游玩«明日方舟终末地»评测：<br />先讲点好的。<br />首先建模和画风和米三部十分不同，有点写实的画风我很喜欢，而且动作大部分都很流畅，对话时也不像原铁崩那样站桩摆手势，颇有电影感那方面的,positive,0.7,,2026-07-19 07:01:44
47545627,2,2026-01-22,叠个甲先，玩的PC端，五六个小时，所以手机没有游玩记录<br />首先很难想象一款二游想把我的世界都揉进去，本来很多玩家二游的大世界材料都不想肝，就是做做日常，单独想抽抽自己喜欢的角色，当咸鱼收集党，,negative,0.85,,2026-07-19 07:01:45
47635616,5,2026-01-28,开门见山：作为方舟开服老玩家，终末地也是开服到现在深度游玩了70小时的玩家，全内容体验完、宝箱、醚质几乎全收集，想说说真实感受：终末地真的被低估了，它的好玩从不是传统快餐式的爽感，而是鹰角独一份的开拓,positive,0.95,,2026-07-19 07:01:46
47847281,1,2026-02-16,刚开服就开始打，端游，主线已经打完，52级ID可查<br />作为一个明日方舟老玩家（官服110级ID可查），从终末地测试就开始关注，从一开始的期待，到每次测试都没有资格，逐渐开始失望，每次都只能看着,negative,0.85,,2026-07-19 07:01:48
47659520,2,2026-01-30,目前入坑不要抱有很大期望<br />立绘建模：中规中矩吧，pc端观赏性更佳一些<br />福利的话少的可怜，特别肝才能攒出抽数<br />剧情只能说勉强能看，讲的模糊不清到现在也没有讲清楚背景如何，武,negative,0.85,,2026-07-19 07:01:49
47560619,5,2026-01-23,《肝穿终末地重生之基建为王》<br />「玩我的吧？」震惊！再一睁眼我发现我竟然回到了1月22日的早上9点，当别人都在拼命的诋毁鹰角网络，我却揣着俩红牛通宵肝进度，因为我知道就在1月23日诡异降临，终,negative,0.85,,2026-07-19 07:01:50
47609112,2,2026-01-26,第二次评价：<br />又玩了几天，51级了。<br />把能看的支线都看了，感觉支线做的多少有点烦人。管理员从这帮人抓源石虫，帮一大堆人跑腿，谈生意还要帮人拉绳索（绳索数量还有上限，我绳索上限了，为,negative,0.85,,2026-07-19 07:01:51
47621206,5,2026-01-27,开服十点开始玩的，现在45级，我觉得评分不该这么低的<br />刚开始的剧情确实很无聊，开局打boss打的很难受，没搞懂连携和闪避时机打的我很窝火，加上后面的引导很多，玩了一会就很烦了，然后就晚上才继,positive,0.85,,2026-07-19 07:01:52
47576167,4,2026-01-23,以前没玩过明日方舟，还是之前玩州对这个系列产生了兴趣，看到有新游戏就来试试<br />角色感觉挺好看的，渲染风格看着很喜欢。就是感觉衣物啥的不够华丽，而且小头提不起劲。不过这个东西很主观。但是有一点很,negative,0.85,,2026-07-19 07:01:54
47608994,2,2026-01-26,体验下来评价是镶金的答辩，不适合性子急的人玩，是箱庭不是大世界。<br />剧情：<br />1.我体验到的剧情观感还不错，运镜可以明显看出来借鉴参考了经典电影的运镜，我个人很喜欢。<br />2.再,negative,0.9,,2026-07-19 07:01:55
47563680,1,2026-01-23,6星好评，很好玩，爱你鹰角，<br />💃🏻立绘建模：<br />棒棒棒<br />🧝🏻‍♀️角色人设：<br />棒棒棒<br />💰肝氪度：<br />棒棒棒<br />我一个玩开放大世界沙盒游戏,negative,0.85,,2026-07-19 07:01:56
47602782,5,2026-01-25,很好玩——！高强度玩了两天，过了第一章以下是我的评价。<br />可玩性:<br />基建  真的不错，基建前面的不算难，手搓出来的话其实很有成就感！而且搓出来之后产出越来越多，看着数字上涨可以说越来,positive,0.85,,2026-07-19 07:01:57
47607617,3,2026-01-26,吹牛逼呢，没120抽你敢下池吗 这就是集百家之短的鹰池啊 井池没专武爆率高福利多(虽然送专武但是你提前出货不还得继续抽？），米池可继承就薄纱这个卡池了<br />卡池我只能给两星 我推测以这游戏节奏估,neutral,0.7,,2026-07-19 07:01:59
47614899,3,2026-01-26,方舟120级老登，怎么说呢？感觉有很多地方可以优化，就比如那个80米的电线，为什么在三测被大家吐槽了，公测不改呢？当然了，从刚开始玩到现在，高强度玩了4天，每天10h在线，四号谷地的电线拉完以后确实会,negative,0.85,,2026-07-19 07:02:00
47541193,2,2026-01-22,首先是福利和抽卡环节，给的福利少，抽卡保底还需要120抽，今天我玩了一天只拿到14抽限定抽。<br />然后是重量级的基建玩法，这个基建没有让人感受到基建的乐趣，只感受到基建的折磨，究极折磨。<br ,negative,0.95,,2026-07-19 07:02:01
47562584,2,2026-01-23,pc玩家，满分5⭐，锐评一下<br />战斗4⭐<br />优点：战斗较新颖，4个人一块，技能什么的不错<br />缺点：技力恢复太慢，4人共用麻烦<br />美术4⭐<br />优点：人物建模，场景,negative,0.95,,2026-07-19 07:02:03
47592611,1,2026-01-24,说实话，我从这个游戏里深刻体会到了鹰角的傲慢和混乱。<br />1.玩法上基建这个题材在二游里确实相对独特，是可以跟其他二游有比较大的区别度，我也能理解鹰角的坚持，但是能不能不要像大锅饭一样堆砌那么多,negative,0.9,,2026-07-19 07:02:04
47565687,2,2026-01-23,我是带着情绪进行发言的<br />1.22号:（玩了接近三个小时）<br />💃🏻立绘建模：大部分都很好看，但有一些衣服不贴合人物形象，动作稍显僵硬，技能衔接不连贯。<br />🧝🏻‍♀️角色人设：故,negative,0.85,,2026-07-19 07:02:05
47644440,3,2026-01-29,非明日方舟玩家，简单谈谈。<br />基建：因为没玩过基建类游戏所以没啥好评价的，玩了几天可能爽点就是在规划好流水线的成就感？<br />战斗：不是很优秀，但考虑到不是动作游戏就不说太多<br />剧,negative,0.85,,2026-07-19 07:02:06
47766589,4,2026-02-08,也是从开服玩到现在了，谈谈我的对这个游戏的看法，本人也玩过不少游戏，多数以端游为主，二游的同类型也玩过几款，比如原神和鸣潮还有绝区零。<br />🌃先从优化:<br />这个手游的优化还不错，以我骁龙,negative,0.65,,2026-07-19 07:02:07
47540959,3,2026-01-22,作为一个一出新二游就长线的人来说，市面上的国产二游开放大世界游戏我基本都玩过<br />明日方舟我没玩下去，因为不太偏好塔防游戏，但觉得美术风格很喜欢。<br />以下是终末地电脑玩了三个小时的游玩体,neutral,0.65,,2026-07-19 07:02:09
47556211,1,2026-01-23,明日方舟：终末地——三年磨一剑，磨出一把锈铁剑<br />剧情叙事是这款游戏最直观的硬伤，割裂感与生硬感贯穿全程，完全没有末世题材该有的沉浸感。开篇便是冗长的谜语人剧情，毫无铺垫的人物对话、莫名其妙的,negative,0.95,,2026-07-19 07:02:10
47592379,4,2026-01-24,客观来讲，是一部很吃受众后面也几乎不可能有替代品的二游。<br />前20h体验很差，尤其是战斗没有爽快感（这个战斗系统一看就不是给大前期准备的）+操作繁琐引导差劲+剧情依旧谜语+基建教程衔接僵硬，导,positive,0.7,,2026-07-19 07:02:11
47588965,2,2026-01-24,画风我还相对喜欢，优化也还可以，起码没有开服一堆bug然后卡的要命，好了优点说完了。<br />特么的2026年了，这游戏给我的感觉就是，他做的极端怪异，战斗探索教程引导很差，意义不明的闪避反击，一套,negative,0.9,,2026-07-19 07:02:13
47591332,4,2026-01-24,本文基于 60 小时内容体验（底部截图认证），旨在分析游戏的核心设计矛盾与适合人群，非单纯褒贬。☝🏻🤓<br />一.光明怒号（更新于1月29日）<br />.<br />明日方舟终末地是一款前面忘了,neutral,0.7,,2026-07-19 07:02:14
47799329,1,2026-02-11,开服那周玩的，现在也偶尔上线一下<br />先说我主观性看法的优点吧:<br />1.基建玩法:虽然说很多人吐槽基建但我个人认为基建还是挺有意思的，虽说网上有大把蓝图可以使用但我个人比较喜欢自己思考的,positive,0.7,,2026-07-19 07:02:15
47539060,2,2026-01-22,很久没有遇到这种有设计心思但是做出来完全没法玩的游戏了，忍不住了来喷几句。<br />UI交互：能看出来有设计风格，但是和初代一样的毛病，为了设计和视觉极大程度上牺牲了易用性，色彩繁杂，视觉区分信息传,negative,0.9,,2026-07-19 07:02:16
47595916,1,2026-01-25,本来不想写很长的评论，但是玩完我真感觉说zmd好的那是真没吃过好的了……<br />其他我不多做评价，翻了翻评论居然有说战斗体验好的吗…我pc和手机端都试了一遍，pc打击感比手机更强但也是一坨。充能慢,negative,0.95,,2026-07-19 07:02:18
47590727,3,2026-01-24,先说说我玩的不好的吧，我觉得，鹰角可能是想效仿他们在明日方舟里的卡池模式，就是限定120抽，然后up完了进轮换池，但是现在他们的角色数量还不够开轮换池，先着急开不会继承保底的限定池，那抽这玩意跟赌博一,negative,0.8,,2026-07-19 07:02:19
47595155,1,2026-01-25,就玩吧，一玩一个不吱声，包括但不限于：<br />难跑的地图（角色毫无跑图性能，全是空气墙，一段跳，遇水即溶）<br />毫无指引的任务流程和非常繁琐的恶意任务（这居然在一个游戏里同时存在😂）<br ,negative,0.95,,2026-07-19 07:02:20
47624889,4,2026-01-27,真实体验】玩了几天终末地，有些大实话想跟兄弟们唠唠 🗣️<br />说实话，我是从去年首测就开始蹲这游戏的，最近终于玩上了。其实刚进去的时候觉得还行，但玩深了之后，确实有些槽点和亮点想跟老铁们分享一下,neutral,0.65,,2026-07-19 07:02:22
47536901,3,2026-01-22,（pc端有感）先说结论，终末地对策性一般，泛用性极差，强度属于中杯，终末地优势区间主要集中在于：<br />💃🏻立绘建模：<br />超大杯<br />🌃画面音乐：<br />音乐抓耳性不强，画面偏暗,negative,0.85,,2026-07-19 07:02:23
47592968,1,2026-01-25,你好，流水线拉长，泰拉第一电网工<br />真是肝到力竭都肝不完，什么牛马基建，上班当牛马已经够累了，还要来游戏当牛马😛<br />1.才几级各种设定层出不穷，界面都还来不及熟悉，各种花样都来了，找个,negative,0.9,,2026-07-19 07:02:24
47548418,2,2026-01-22,屎中屎。因为我6，7小时弄了30抽加他送的10抽抽42姐40抽还是50抽，没出任何一个东西。<br />下面是我体验的一些东西<br />首先是剧情部分，依旧谜语人，然后做得非常一般，没看到有什么非常,negative,0.9,,2026-07-19 07:02:25
47828327,5,2026-02-14,我不管别的人怎么评价，我就是一个臭打游戏的<br />我玩的游戏不算多，鸣潮原神都只玩了不到一个月，没资格拉踩。<br />先说画面，这个直接看下图，画面真的很精致，而且不管是谷地还是武陵整体的建筑不,positive,0.8,,2026-07-19 07:02:27
47634754,3,2026-01-28,50级，已经推到武陵并且大保底出了42。对我来说这游戏还行，建模和美术都在线，武陵城真的很漂亮!<br />但目前（2026.1.22-1.29）有些地方，诸如:<br />1.福利少的跟制作组家里欠,positive,0.7,,2026-07-19 07:02:28
47609206,4,2026-01-26,个人比起战斗更喜欢基建，拉电线我个人很喜欢没，而且基建很不错所以给好评，战斗部分作为ARPG感觉少了很多深度，老是一套流程打全图不是很爽。<br />但福利少是没得说，玩了很久拿的还是不多，不过我80,positive,0.7,,2026-07-19 07:02:29
47566912,2,2026-01-23,实在不想捧一踩一 但玩了一天的感受真的是让我想念mc的技术力了 很多人在夸建模和美术 抱歉我真不知道是大家没玩过好的还是yj粉太多了 美术ok 这个建模是认真的？<br />战斗方面 不好不坏 连携算,negative,0.9,,2026-07-19 07:02:30
47573988,1,2026-01-23,真的就是1%的人发出了99%的声音，真正的玩家都在默默的推主线<br />玩了一天，可以拍板了，鹰角这波真的给同行好好上了一课，要是连终未地都让你觉得没意思，那市面上所有开放世界带建造的游戏，你基本都,positive,0.9,,2026-07-19 07:02:32
47584504,5,2026-01-24,总结一下，这是一个融入二次元箱庭式动作角色扮演的策略和模拟经营类游戏，如果要和其他所谓的“二游”来相提并论的话可以把游戏卸载，这个玩法就是爱的超级爱，玩不进去的真玩不进去。搭电线也不做评价，本科电气专,positive,0.85,,2026-07-19 07:02:33
47614772,3,2026-01-26,电脑上玩了大概三十个h是有了，奔着基建来的百分之八十都在拉电线和设计流水线，等级才肝到31，但是几个核心区都折腾的差不多满了，材料几乎全部溢出（基建的爽点）。<br />总的来说，堪堪及格的游戏，问题,negative,0.85,,2026-07-19 07:02:34
47603945,5,2026-01-25,开服四天，总体验时长大概40多个小时，能说的就一句：这游戏真对得起等的日子<br />先说剧情，我是能耐的住性子去看剧情的人。我觉得剧情沉浸感很很强，主线人物对话时动作神态又多又萌。cg真的给我看爽了,positive,0.85,,2026-07-19 07:02:35
47551007,2,2026-01-22,1.22<br />在有趣的游戏上，出现了大便的叙事以及糟糕的运营<br />体验完《明日方舟：终末地》的现阶段内容后，我的心情非常复杂。这款游戏在玩法上的扎实与叙事上的大便形成了一种极端的撕裂感。<,negative,0.85,,2026-07-19 07:02:36
47594724,3,2026-01-25,也玩这个游戏两天了，从个人的感官上来讲的话，这个游戏没有我在评论区看到那些说的那么差劲。她给我的感觉是在所有的大世界当中如原神、鸣潮等，是更自由一点的，当然，这个自由不是只能跑，不能爬也不能飞，我指的,positive,0.7,,2026-07-19 07:02:37
47681608,1,2026-02-01,【我们终末地的电线将会越来越远，总有一天连在南极的企鹅都能在通电的屋子里吹暖气】<br />小保底歪别礼，怨气冲天留下此评，不客观，仅供参考。<br />不知道玩了几个小时，现在是31级，剧情推到刚打,negative,0.9,,2026-07-19 07:02:39
47694306,4,2026-02-03,😊身份认证，明日方舟开服玩家😊<br />作为一个，不爱竞技，手法稀烂，纯菜，爱磕cp，爱看故事的玩家，我，来说，这个游戏，还可以。<br />😏吐槽各式各样，不过，我说说我的感觉😏<br />😌首先,positive,0.8,,2026-07-19 07:02:40
47585848,5,2026-01-24,先说结论，虽然终末地有很多缺点，但确实是一款精品游戏。<br />我是pc端综合游戏爱好者不管风靡全国的竞技游戏例如三角洲、lol还是steam上的各类3a大作我都玩过，明日方舟在开服时重度游玩过一段,positive,0.85,,2026-07-19 07:02:41
47548499,4,2026-01-22,要命了，内测看到42的那一刻我就下决心终末地就是💩我也得吃两口，早上九点到晚上十一点，中间就歇了两个小时，到现在42的毛都没见着，每次想放弃就看看抽卡页面的42，然后说服自己再吃两口，md搁着当上赛博,negative,0.85,,2026-07-19 07:02:43
47563132,2,2026-01-23,昨天9:00打到今天凌晨2:00，睡醒了又从9:00打到下午1:00，现在过来写一下评价:<br />美术音乐方面:<br />1.角色立绘精美，声优大牌，建模中上水平，精细度够高但是略微缺乏细节(大,negative,0.85,,2026-07-19 07:02:44
49648976,5,2026-07-17,在手游里算省钱的了，充下月卡，偶尔买买礼包就能全人物,positive,0.85,,2026-07-19 07:02:45
49512927,5,2026-07-07,武陵城的剧情也太震撼了，大家都很努力的感觉，决战太帅了,positive,0.9,,2026-07-19 07:02:47
49482177,5,2026-07-04,色鬼一玩就上头了 发狠了忘情了 OS:我爱拉电线,positive,0.85,,2026-07-19 07:02:48
49506345,5,2026-07-06,超好玩，就是拉电线麻烦些，但是一次性做完就可以无脑挂机了，爽！,positive,0.85,,2026-07-19 07:02:49
49079556,5,2026-06-19,前面干的要死，然后一进去新地图全自动化吃不得干的人别玩,negative,0.85,,2026-07-19 07:02:50
49087269,4,2026-06-20,货币崩盘这块[表情_微笑]九百多万折金票请问该怎么花,negative,0.8,,2026-07-19 07:02:52
49180941,5,2026-06-26,养成比米游系列方便很多！短板是日常比明日方舟要久一点。,positive,0.7,,2026-07-19 07:02:53
49179578,5,2026-06-26,只氪了大月卡，因为馋养成材料，现在全角色，非常好游戏，十分推荐,positive,0.9,,2026-07-19 07:02:54
49090640,1,2026-06-20,角色穿的装备（圣遗物）绑定基建熟练度💩,negative,0.9,,2026-07-19 07:02:55
49180495,5,2026-06-26,角色好看，拉完电线之后的每日任务可以很快做完,positive,0.7,,2026-07-19 07:02:57
49202006,5,2026-06-26,抽卡每个池子都下20抽+送的5+5加免费10  也不需要看是什么卡池 很安逸,positive,0.85,,2026-07-19 07:02:58
49179088,4,2026-06-26,不算特别肝，就是基建前期不好耍但是后期可以抄作业，,positive,0.65,,2026-07-19 07:02:59
49088296,2,2026-06-20,刚回坑没石头，还氪了一百<br />超nm的鹰池，110抽四红全歪，保底还不继承[表情_喷],negative,0.9,,2026-07-19 07:03:01
49114606,2,2026-06-22,一般，就是云玩比较卡，手机毕较吃配置，电脑玩久了容易手瘫,negative,0.6,,2026-07-19 07:03:02
49086463,1,2026-06-20,打活动解密十分钟左右得到0.2抽，还是太有生活了,negative,0.85,,2026-07-19 07:03:03
48413788,5,2026-04-19,终末地基建和战斗的爽感真的欲罢不能，建模太美了,positive,0.9,,2026-07-19 07:03:04
47545800,5,2026-01-22,可惜了 兄弟不知道外面通货膨胀的厉害😇,negative,0.8,,2026-07-19 07:03:05
47604533,4,2026-01-25,新的1.2剧情不错,positive,0.8,,2026-07-19 07:03:07
47584361,3,2026-01-24,战斗不如异环,negative,0.6,,2026-07-19 07:03:08
47712626,4,2026-02-04,玩了14天，对明日方舟终末地的总结一句话：是个好游戏，但需要深度打磨！<br />我将从4个方面对终末地做评价和分析，分别是游戏性，艺术性，技术表现与用户体验 和 游戏创新四个方面，并分别给出星级评价,neutral,0.7,,2026-07-19 07:03:09
49669554,5,2026-07-18,都给我玩！50抽出绝，以前从没想过能这么欧，填了个回归问卷，最后填了个“超卡爆率高点😭😭😭”结果真出了！,positive,0.9,,2026-07-19 07:03:10
49670300,5,2026-07-18,很不错这种感觉，就是拯救一切，拥有数不尽的传说。但是每个人都很厉害的状态。还有这种科幻类型真的很吸引人。但是，肝度也确实很高,positive,0.65,,2026-07-19 07:03:12
49670224,5,2026-07-18,非常推荐充值大月卡，因为微氪就已经是全图鉴偶尔歪个一命两命。<br />画面很好看。虽然女性角色着装有的确实暴露Flora能理解。<br />总而言之情人越多越气派<br />我喜欢,positive,0.85,,2026-07-19 07:03:13
49663857,1,2026-07-18,以下纯为主观看法，仅供参考：<br />作为粥7年全图鉴玩家，终末地还算能对上我的电波，加上幸运地拿到了三测资格还小氪了一笔，遂一直玩到现在[表情_微笑]而且终末地在三测返利一点没动的情况下也全角色了,positive,0.7,,2026-07-19 07:03:14
49663188,4,2026-07-18,我觉得其实还挺好玩的，但是就是我要找蓝图，我自己弄不来好吧，那可能是我的问题,positive,0.65,,2026-07-19 07:03:16
49666082,5,2026-07-18,这次1.4确实是量大管饱，无论是地图还是剧情都不错，比起1.3真的进步蛮多的。<br />给个5分奖励一下,positive,0.9,,2026-07-19 07:03:17
49660473,3,2026-07-17,好玩是好玩，但是号好黑，资源好难攒，基本每个up都是吃满了保底的，就比如刚开服的42还有弥弗和卡缪都是吃满了的，现在已经没有资源可以开了，地图也被锄完了，现up连小保底都凑不出来，终于还是要上蓝绿修改,negative,0.85,,2026-07-19 07:03:18
49668715,1,2026-07-18,各位玩家，我建议暂时退游等周年庆补偿吧，现在抽角色概率太低了，基本上每次想抽新的角色却总出老角色，我今天想抽新角色结果给的是常住池角色，真心建意官方补偿原石，而且我还有抽奖时得过的东西记录，又是个峻卫,negative,0.85,,2026-07-19 07:03:19
49661675,5,2026-07-18,与众不同的战斗系统和经营体验，战斗玩法远超竞品。最重要的是有宇宙最好的小庄！！！！,positive,0.95,,2026-07-19 07:03:21
49661134,1,2026-07-18,以前只是看别人出大保底的截图，没想到今天轮到我了，三十抽歪骏卫，最后大保底前十抽出了李织烟，然后抽专武也要吃大保底了，已急哭,negative,0.9,,2026-07-19 07:03:22
49666773,5,2026-07-18,好玩，总结为下面一段话，也是我玩的时候的宗旨：我要拉电线！我要造产线！,positive,0.9,,2026-07-19 07:03:23
49666642,5,2026-07-18,基建搞个销毁炉可以吗我不想因为副产物爆仓而大停电了，还有我的ff0怎么疯了啊,neutral,0.6,,2026-07-19 07:03:24
49663170,3,2026-07-18,盯着明日方舟的前缀，创了个开服号。<br />初玩基建那一块还蛮有新鲜感，不过等我四号谷地产线造完，武陵再初步造完就感觉无聊了。我自己研究的四药一电，也不是很想优化。说起科技我可能还是更喜欢mc的at,negative,0.8,,2026-07-19 07:03:25
49667150,4,2026-07-18,开局一般运气会不错，后面就黑了<br />男角色比较少，目前版本共8女1男，不过男角色品质不错[表情_大笑]<br />主要是搞基建，塔防（少部分），大世界探险，角色养成等等<br />总体体验感不错,positive,0.7,,2026-07-19 07:03:26
49659346,5,2026-07-17,冲着洁哥就入坑了，感觉终末地的设计角色挺符合我审美*<br />游戏确实挺难理解，但是遇到问题可以去寻找攻略。但游戏设计之初就是让人放松的。游戏制作的有许多未引导的地方且能让人难以理解小巧思。但游戏的,positive,0.7,,2026-07-19 07:03:27
49658981,5,2026-07-17,对于我这种喜欢玩二游的人来说这款游戏的剧情、立绘和建模是非常的优秀<br />角色数值并不膨胀肝氪度很平衡<br />非常推荐游玩,positive,0.9,,2026-07-19 07:03:29
49662259,2,2026-07-18,其实这个游戏玩法我还挺喜欢的，打差评是因为角色歪了，然后新版本不继承，我直接红温了,negative,0.8,,2026-07-19 07:03:30
49665434,5,2026-07-18,属于是对得上电波就会很喜欢的玩法，建模和人设不错，只是逛街看风景也很棒,positive,0.85,,2026-07-19 07:03:31
49663871,5,2026-07-18,音乐没的说，建模也就相当可以，到推荐电脑玩，手机的话有点吃力，或者降低画质要不就搭配散热器，有很多人诟病这个基建，但还挺对我胃口的，有种成就感,positive,0.7,,2026-07-19 07:03:32
49660493,5,2026-07-17,不需要高链或当期角色，只需常驻角色就能拿满活动奖励。比鸣潮好多了，希望一直保持下去,positive,0.85,,2026-07-19 07:03:33
49659168,5,2026-07-17,场景非常优美，角色的建模也非常美丽灵动，细节处理的很到位，美术非常值得去反复欣赏，角色的塑造很好,positive,0.9,,2026-07-19 07:03:35
49662525,4,2026-07-18,还不错，这游戏美术没得说，就是这基建卡人物养成和任务实在是太难受了，相比其他二游来说 终末地入坑门槛还是太高了吧[表情_喷]<br />附几张在新地图拍的照喵[心动小镇_大笑],negative,0.65,,2026-07-19 07:03:36
49660598,2,2026-07-17,孩子们，终末地要是真的好玩，运营真的用心，福利真的利好玩家，也不至于吸纳了那么多新玩家，从庄方宜版本出到现在还是6分。,negative,0.85,,2026-07-19 07:03:37
49635770,5,2026-07-16,肝得有点想删掉，一怒之下，怒了一下，看到卡缪帅得我又活过来了，嗯，继续肝。,positive,0.6,,2026-07-19 07:03:38
49658084,5,2026-07-17,我爱死终末地了，感谢终末地🙏🏻欧皇附体直接170抽就拿下满命李织烟，玩的是b服,positive,0.95,,2026-07-19 07:03:39
49656122,3,2026-07-17,我也算是早期玩家了吧是二月初入坑这个游戏的美术方面真的很赞角色很美但是卡池机制很拉抽卡很非很非[表情_豹哭][表情_豹哭][表情_豹哭]福利还可以但是剧情比较无聊战斗打击感也很不错基建玩法很有创新但是,neutral,0.6,,2026-07-19 07:03:41
49631099,4,2026-07-16,终末地是与其它二游走的相反路，这也表明终末地不会大火，这是游戏在挑选玩家，而不是你。我也是从开服玩到现在，游戏不是太让我满意，但官方很听意见，也在不断优化。对我来说，终末地是我第一次主动玩的二游，我也,positive,0.85,,2026-07-19 07:03:42
49631016,5,2026-07-16,挺好玩的前期有点缺资源，把池循环好，每个版本100%能出一个六星，2月玩的，现在也有两个强的队了,positive,0.8,,2026-07-19 07:03:43
49631267,4,2026-07-16,byd我说评分怎么掉回5.9了原来又来复现开服风波了 连话术都没变<br />终末地是箱庭探索游戏 不是所谓的开放世界 终末地的活动已经很弱保软了 解密都把答案写出来了 玩着是完全没压力的 打不过bo,positive,0.85,,2026-07-19 07:03:44
49629715,5,2026-07-15,个人觉得还不错，当时是同学推荐的。本人也玩明日方舟。这个游戏是月卡玩家。目前是全up，然后还有120多抽。挺好的反正我比较喜欢，就是不能联机。等着8个小时后抽角色,positive,0.8,,2026-07-19 07:03:45
49642909,5,2026-07-16,玩一辈子方舟[表情_开心]，小保底歪了卡缪，加急来了个金转红，百分百不歪的彩蛋,positive,0.9,,2026-07-19 07:03:47
49633219,5,2026-07-16,不知道发生了什么评分居然这么低，刷个分回来<br />开服玩家谷地拉线拉到退坑，然后后面看朋友又拾起来玩，到了武陵一切都好起来了，景色故事角色哪哪都挺好的，现在问题就是希望剧情能再写好点，有些地方还是,positive,0.8,,2026-07-19 07:03:48
49644365,4,2026-07-16,开局顺利，就是有点难易懂，不过这个游戏还是非常的nice的，福利给的没得说，夯。,positive,0.8,,2026-07-19 07:03:49
49630562,2,2026-07-15,退坑三个月了，还是有点意难忘，战斗不爽，基建不爽，建议每次开新区域可以把旧的删了节省硬盘[表情_开心],negative,0.7,,2026-07-19 07:03:51
49634477,3,2026-07-16,孩子们鹰角的图像设计还是很可靠的，但是能不能别再给我歪角色了呀！对于一个平民玩家来说，一个池下120抽还是很牢的，目前没有，y，直接中的情况，只有一次，而我已经下了四五个池了，本来钱包也不厚，日常事情,positive,0.65,,2026-07-19 07:03:52
49652069,5,2026-07-17,感觉还不错，本来没啥游戏可以肝了的发现终末地，肝的我非常舒服呀，当然我只是想说一下我十抽出了卡缪,positive,0.85,,2026-07-19 07:03:53
49643230,4,2026-07-16,大世界和基建箱庭导致可玩性很高，鹰角公司后期的剧情设计还是可以期待一下的，抽数不是很难攒，福利也慢慢上来了，未来可期。唯一的缺点就是相较于我个人而言基建还有待改进。,positive,0.8,,2026-07-19 07:03:55
49630506,5,2026-07-15,詹德士~你看我这光顾着玩游戏了，我一个1.22开服玩家在3.25权限等阶就60级了到现在才想起来还没来给终末地评分呢，看我给补上[表情_开心]！还有我现在急急急，今天终于可以抽李小鸟啦！也祝各位管理员,positive,0.9,,2026-07-19 07:03:56
49631171,5,2026-07-16,本人纯颜狗 看着卡缪好看闻着味就来了 第一次玩箱庭游戏 肝了整整十五天才抽出来卡缪 号太黑了没办法[表情_微笑]最后终末地牛逼呀！,positive,0.85,,2026-07-19 07:03:57
49635654,4,2026-07-16,个人很喜欢终末地基建玩法，角色设计很有粥味，建模很精致。终末地手机端优化做的很好，普通手机也能享受不错的画质。尤其是武陵的风景非常好看。不足之处是战斗体验较差（索敌、视角转动、交互都没有绝区零流畅），,positive,0.7,,2026-07-19 07:03:59
49648524,5,2026-07-17,虽然说比较干，但是剧情挺经验，特效也很丰富<br />就是不能优化一下抽卡吗[表情_捂脸哭][表情_捂脸哭]老是歪,positive,0.7,,2026-07-19 07:04:00
49641994,5,2026-07-16,开服玩到现在了，yj产能这已经算很足了。虽然新内容一般都撑不了多久就开始长草，但综合来说算不错的了每个角色设计也都不算很差。只能说希望鹰角越做越好吧。,positive,0.8,,2026-07-19 07:04:01
49654766,4,2026-07-17,主线做完之后有点无所事事，希望鹰角赶快更新，自动炮台有点多余，能不能把上限改改，本来就是奔着自动炮台，可以自主清怪这点去的，上限太少了,neutral,0.6,,2026-07-19 07:04:02
49643957,5,2026-07-16,pc玩得多，只能说有一点挑受众。推荐给能耐得下性子，没有强度焦虑的玩家,positive,0.7,,2026-07-19 07:04:03
49630602,4,2026-07-15,日常任务做起来比较舒服但个人不太习惯打入侵以及还要挂机比较难受武器池也还好没出每个版本也能领一把可以用来代替的武器也能接受个人感觉武器池爆率高但太容易歪了,neutral,0.6,,2026-07-19 07:04:05
49630508,5,2026-07-15,人与人之间亦有差距。我朋友那号运气就尼码离谱，除了42全up角色都有，除了卡缪是我帮他抽的吃了小保底没歪，其他几个基本都是30抽以内拿下的😅,neutral,0.5,,2026-07-19 07:04:06
49642146,2,2026-07-16,太肝了，减负啊，我Chovy。怎么能这么肝，一次比一次肝，我Chovy，好好做游戏啊。还有那个卡池毒得很，10个人9个都得歪。yj很缺钱吧！我Chovy，什么年代了，减负啊！减负！<br />💰肝氪度,negative,0.9,,2026-07-19 07:04:07
49633730,5,2026-07-16,非常喜欢 非常好玩 六星推荐  角色 玩法 风景 都在水准之上  喜欢同类型游戏的朋友可以入手了,positive,0.95,,2026-07-19 07:04:09
49635289,5,2026-07-16,我觉得游戏制作比较好，在玩过的二游里面算是很有创新的，在基建方面，让我感觉到与其他二游不同的一种特点，我个人还是非常喜欢基建的，游戏现在正在越做越好，福利也正在不断的增加，可玩性很高，我觉得，官方也非,positive,0.85,,2026-07-19 07:04:10
49642236,5,2026-07-16,慢热的游戏，但是我的爆率很高，十五抽小庄第二个小保底卡缪二十抽（卡缪卡池送的十连加屯的十连）诀,positive,0.7,,2026-07-19 07:04:11
49643980,4,2026-07-16,想要的基本上都抽出来了，而且其实除了前期一直在玩，后面也就断断续续的玩了一下活动,positive,0.6,,2026-07-19 07:04:12
49631749,5,2026-07-16,我只能说从开服到现在终末地风评经历了很多，很多人还在把现在的终末地和刚开服的时候想的差不多,neutral,0.6,,2026-07-19 07:04:13
49630928,5,2026-07-16,真的很好玩，周末地的基建玩法非常有特色，但是我中间没怎么玩，所以攒的抽数也不多，练度也不够，以后也很期待周末地的表现，我也要加油[心动小镇_点赞],positive,0.85,,2026-07-19 07:04:15
49650843,5,2026-07-17,几个版本坐过来了，一晃就半年，期间每次前瞻每个版本都能感觉到在进步，刚更新爽的飞起，就是后期长草期长了点，不过我感觉也还好，毕竟就是游戏而已，没必要一刻不停的玩占用生活时间，总的来说是一款好游戏，各种,positive,0.85,,2026-07-19 07:04:16
49648420,5,2026-07-17,除了绿色大葱，其它都是20发出的[表情_开心][表情_开心]好玩，新手池暴率真的高。,positive,0.85,,2026-07-19 07:04:17
49634107,3,2026-07-16,别的都挺好的，特别是优化，比某潮好太多了，就是太无聊了，感觉开心消消乐都能浪费我半小时，这游戏却不能。,negative,0.7,,2026-07-19 07:04:18
49636165,5,2026-07-16,到底是谁在刷差评？终末地是我唯一玩的下去的3d游戏，本人晕3d很严重，终末地这方面优化不错而已光影对眼睛非常舒服,positive,0.85,,2026-07-19 07:04:19
49645724,5,2026-07-16,我觉得这款游戏适合所有人玩，玩法丰富有趣，剧情角色多彩多样，是款好游戏,positive,0.9,,2026-07-19 07:04:21
49651678,3,2026-07-17,很久之前创的号，中间有很长时间没玩，回坑后连歪，已经是三命小羊，一命黎风，还有一个余烬，太非了能跳但跳不高，老要绕路，但是抽卡资源比较好获得,neutral,0.6,,2026-07-19 07:04:22
49654822,5,2026-07-17,怎么说呢？游戏是好游戏，我也算是刚回游，也不为了别的嘛，就是前段时间在网上看到洛茜上了，我就是为了洛茜来的，但是现在在池子里没有看到他，所以我还是有点不爽，但是我30抽出了两个六星，我觉得这个好评还是,positive,0.7,,2026-07-19 07:04:23
49634586,5,2026-07-16,被骗来拉电线的  2天半满保底拿下0+l卡缪  3天肝到49级 先开始什么都不懂卡资源却时会感觉不好玩 但是后面搞明白后发现还挺有意思的 （严肃拉电线 美工真的很厉害 小企鹅太萌了吧  碎碎念（想要查,positive,0.7,,2026-07-19 07:04:24
49636158,5,2026-07-16,萌新，之前基本没玩过大世界游戏，我觉得这游戏还是挺好玩的，基建前期研究起来还是很有意思的，不过如果保底能继承就好了,positive,0.7,,2026-07-19 07:04:26
49643700,5,2026-07-16,开局顺利，只是我自己没太多时间肝，所以跑图找材料、基建摆放会耗时间，对游戏本身没有什么意见,neutral,0.7,,2026-07-19 07:04:27
49644731,5,2026-07-16,🧗自由度：<br />高<br />🎣交互丰富度：<br />可以<br />玩法很多啊 人设也非常不错与其它二游别具一格独树一帜,positive,0.85,,2026-07-19 07:04:28
49653702,5,2026-07-17,我是一个呃终末地的小萌新。玩了大概差不多一个月了吧，我觉得总体体验真的很棒啊，就除了那个抽卡机制，我觉得有点雷人吧，但是其他我觉得真的很好，很好玩,positive,0.8,,2026-07-19 07:04:29
49633658,3,2026-07-16,立绘建模挺不错的，但是鹰角能不能不要再给我出黎风了？加上常驻的，再加上歪的已经4潜了。,negative,0.6,,2026-07-19 07:04:31
49632244,4,2026-07-16,肝了三天也是大保底120拿下卡缪，然后立马下武器拿下第二个保底😋，能不能对我好一点了。到第三天已经沉迷拉电线和基建了，美术还在不停吊着我😋，感觉就玩法看个人喜不喜欢吧，美术有点香了，也算是弥补了不喜欢,positive,0.7,,2026-07-19 07:04:32
49632753,3,2026-07-16,鹰角还在摸索这游戏应该做成什么样子，所以现阶段的体验是不够好的，但是这种不断优化的态度让人觉得有信心,positive,0.7,,2026-07-19 07:04:33
49642703,5,2026-07-16,游戏还不错，作为第一部鹰角的开放世界游戏，优化还可以。游戏优化更新，体验优化很快。赶紧都去拉电线。,positive,0.8,,2026-07-19 07:04:35
49642773,4,2026-07-16,剧情一般般吧，不过yj一贯的高水平美术风格很牛逼，还不错的战斗手感加上拉电线确实有意思，在我心里还是比其他二游高一点的,positive,0.7,,2026-07-19 07:04:36
49637885,5,2026-07-16,虽然刚出时风评较差，但后续鹰角慢慢优化，听劝，和游戏慢慢改变证明这款游戏还是值得一试,positive,0.8,,2026-07-19 07:04:37
49644632,5,2026-07-16,刚回游想抽新角色，二十抽直接出，没有垫，爆率真的高[表情_期待][表情_点赞],positive,0.9,,2026-07-19 07:04:39
49631211,4,2026-07-16,感觉前期的体验下来，游戏整体是有个常规单机的素质在，但是现在来看海猫的后续运营真的很一般，没有老粥的特点，也没有隔壁米一样稳定的产能，好多地方都只是浅尝辄止，希望以后的终末地会更好吧,negative,0.7,,2026-07-19 07:04:40
49638647,4,2026-07-16,我已经三个大版本没出过限定六星了，爆率低低的，快抽不起低保了，但是剧情和美术还是很不错的，战斗手感拉完了。别的都很好玩。,positive,0.7,,2026-07-19 07:04:41
49630958,5,2026-07-16,很好玩啊，配队非常自由<br />但是我小狼妹和小狼妹专武全吃大保底几个意思😡😡😡,positive,0.7,,2026-07-19 07:04:43
49636096,4,2026-07-16,💃🏻立绘建模：<br />夯爆了<br />🧝🏻‍♀️角色人设：<br />可圈可点<br />最重要的——他的世界观他完美了，这种逻辑自洽运行合理的世界观玩起来很有代入感,positive,0.85,,2026-07-19 07:04:44
49631107,5,2026-07-16,玩了那么久，说一下结论比较，看自己对这种游戏的适不适合抽卡，还有肝方面其实都可以，玩法上有创新，基建其实不是特别必要，抄蓝图就可以。总体来说，玩的还是很开心的,positive,0.8,,2026-07-19 07:04:45
49645949,4,2026-07-16,建模还可以啊，尤其是在做男人这块，但这个地图探索也太难绷了吧，本来就不会爬，还要加一堆弯弯绕绕的,negative,0.8,,2026-07-19 07:04:47
49636659,2,2026-07-16,可玩性和基建都是挺好的，虽然可能会稍微有点曲折。唯一美中不足的就是那该死的保底，总共就抽两名角色，每次都是140抽才出一个。关键他给的又没多少除了喜欢又抽不到，强迫着你去疯狂肝游戏，不然你就去充钱，不,negative,0.8,,2026-07-19 07:04:49
49640885,3,2026-07-16,建模啥的都很不错，但是抽卡这方面的话，即使是新人也让你保底几率大，脸黑的抽卡就要么保底要么歪，还有整体有点无聊，剧情得深挖，不然很难看懂，操作是比别的二游复杂一些，个人认为如果是手残无脑党的话慎入,negative,0.7,,2026-07-19 07:04:50
49632915,3,2026-07-16,500一抽，然后是容易吃满大保底，我最后一发出的角色很难受，感觉概率很低除了刚开服没歪剩下全歪了，角色我很喜欢但是这个抽卡劝退我了，假如对自己抽卡有信心，含是推荐玩玩的,negative,0.85,,2026-07-19 07:04:51
49652609,4,2026-07-17,其实还好，一般吧就是正常二游没有什么特别惊艳的地方，但肯定能玩，入坑不亏,neutral,0.7,,2026-07-19 07:04:52
49656488,4,2026-07-17,好玩是好玩，但是上来第一个限定金就有点难受，因为那些建筑系统好烧脑,neutral,0.6,,2026-07-19 07:04:54
49633706,4,2026-07-16,亚服回游，把等级低于52的好友清掉，剩下的40位中只有8位距离上次登入是一星期以内的，而且展示的角色不少都是高潜满潜的，可见这游戏的留存率，为什么海猫希望你们都入坑回游[表情_叹气],negative,0.85,,2026-07-19 07:04:55
49642422,5,2026-07-16,💃🏻立绘建模：<br />新角色建模立绘还不错，比预期的还要好[表情_期待][表情_期待][表情_期待],positive,0.9,,2026-07-19 07:04:56
49633404,4,2026-07-16,额感觉零氪党获取抽数有点少；<br />战斗交互感觉可以再优化一下，想要那种打击感；<br />然后就是我希望战斗不会被战力什么的局限，我的意思是和那个处决一样多点靠手法打出的爆发可以让人越级打怪也有,neutral,0.6,,2026-07-19 07:04:57
49644520,5,2026-07-16,真的很好玩，基建其实挺有意思的，主线内容也不错，故事剧情很好，人物角色内容也很丰富,positive,0.9,,2026-07-19 07:04:58
49630468,4,2026-07-15,除了抽卡机制以外，环境美术绝对的顶。角色建模也和是顶尖的那一批。产能太低了,neutral,0.6,,2026-07-19 07:05:00
49651453,4,2026-07-17,画风玩法我很喜欢，剧情开头看了一些感觉很无聊，之后的就没看了，这个卡池真的好坑，每个版本只有抽出了一个up角色就不敢再抽了，要不然一直歪[表情_豹哭]，但是真的很喜欢拉电线的玩法和画风，很喜欢角色的眼,positive,0.7,,2026-07-19 07:05:01
49656067,4,2026-07-17,还行，就是基建玩法还是没太搞明白，角色培养也是没太搞明白，但还行，慢慢摸索吧不会的就去找找攻略，突破材料采摘有点麻烦目前感觉没啥缺点,positive,0.65,,2026-07-19 07:05:02
49639292,5,2026-07-16,求助！<br />这个游戏可以不用手机号注册用账密登录吗？我去官网看了也是只能用手机号注册。<br />还是可以用手机号注册之后绑定一个新账密？<br />我想创个新号用账密登录，因为另一个手机号可能,neutral,0.5,,2026-07-19 07:05:04
49633342,1,2026-07-16,角色大保底，武器乱歪真有你的[表情_吐][表情_吐][表情_吐][表情_吐][表情_吐][表情_吐][表情_吐][表情_吐],negative,0.9,,2026-07-19 07:05:05
49639839,3,2026-07-16,只能说旱的旱死，涝的涝死，抽卡分号来的，要么有些号特欧有些号吃保底，我大号痛苦号吃了好多保底且歪。。<br />场景画面很美很喜欢,neutral,0.6,,2026-07-19 07:05:06
49631787,5,2026-07-16,游戏还是挺好玩的，但只适合有耐心肝的人，对于没耐心的人会有点劝退，被卡缪的脸骗过来的（叠个甲，我不玩乙游，也不咋玩二游）总体对我来说也没什么，就是这个卡池爆率是我的号的问题吗还是什么，感觉爆率有点低,neutral,0.6,,2026-07-19 07:05:08
49644270,5,2026-07-16,开服老玩家，人物剧情都还不错，建模是真的十分美味呀。<br />但相对的投入的时间也很多，但我个人感觉10分还是19分的好啊,positive,0.7,,2026-07-19 07:05:09
49645603,5,2026-07-16,很好的一个游戏，从开服的灾难表现，现在也慢慢的变好，值得沉下心游玩,positive,0.8,,2026-07-19 07:05:11
49633576,4,2026-07-16,新手引导不太好，主要是基建，剧情和打击感还可以，移动端把画面拉高了还行，不氪金也能抽角色，,positive,0.7,,2026-07-19 07:05:12
49657559,5,2026-07-17,还行，人物立绘，角色建模其实都很棒，玩法很新颖，肝氪度的话也不是很强氪，值得入手。,positive,0.85,,2026-07-19 07:05:14
49631342,5,2026-07-16,孩子们趁更新我来写评论了（<br />萌新。但是个人喜欢拉电线（）<br />集成自动化的设计是最大的特点之一。但是基地空间有上限（恼<br />除了中间有几段要自己升级以外，过剧情还是非常顺畅的。<,positive,0.7,,2026-07-19 07:05:15
49631833,5,2026-07-16,本来是没想入坑拉电线的，奈何岁家脑发力，看到岁兽代理人直接无脑入坑，小葱小葱！！꒰^ↀωↀ^꒱❤有人能跟我说小葱属性可能是什么的吗！！~~<br />我也玩明日方舟呀，是个望厨，今年新年池入坑的呢，但,positive,0.85,,2026-07-19 07:05:17
49636892,4,2026-07-16,起码还是有在变好的，从这次前瞻也能看出海猫在优化上还是下功夫了的，一步一步来嘛，还是很希望能看到这个游戏越来越好的[表情_微笑],positive,0.8,,2026-07-19 07:05:18
49633860,5,2026-07-16,是我玩过建模最好看的游戏！虽然以前完全没玩过国内二游，因为朋友入坑的，感觉可肝也可休闲，上线看看风景也不错，当赛博旅游了😋电脑端的画质和建模是真的神了,positive,0.9,,2026-07-19 07:05:19
49640865,5,2026-07-16,夯爆了<br />💃🏻立绘建模：特别好<br />🧝🏻‍♀️角色人设：特别好<br />💰肝氪度：就氪了个月卡<br />抽卡资源很多,positive,0.85,,2026-07-19 07:05:21
49639477,5,2026-07-16,除了玩法，各方面都很不错的游戏，美术绝顶，剧情绝顶，但就是玩法有些肝，怪物强度有些高，角色在成型之前强度提升非常不明显，其他的全是优点，但其实光这三两个缺点，就让很多人接受不了了，包括明日方舟蒸蒸日上,positive,0.7,,2026-07-19 07:05:22
49643580,4,2026-07-16,个人感觉比其他二游的爆率高一点。唯一的缺点可能就是玩法有点猎奇其他都还行。,positive,0.7,,2026-07-19 07:05:23
49636799,5,2026-07-16,玩了不到一个星期，每天签到然后推点主线攒了30抽，加紧招募送的十连小庄和卡缪都拿下了，专武我看我资源够抽了20发也出了，嗯，好玩,positive,0.85,,2026-07-19 07:05:25
49630315,4,2026-07-15,其实基建还挺有意思的，虽然刚开始过教程脑子浑浊一片仿佛回到高中数学课下课后东西都忘的一干二净的时候，意外的是游戏画质不错哦，贴个美丽小庄,positive,0.7,,2026-07-19 07:05:26
49633446,4,2026-07-16,不管怎样。卡缪我给满分。实在是太帅了，但可恶的鹰角让我武器池和角色池通通大保底。我最先接触的二游是原神，所以我对终末地剧情能跳过挺满意，肝度也能接受（我个人认为比原神轻松）就是有时候搞基建会让我有点难,positive,0.8,,2026-07-19 07:05:28
49642458,5,2026-07-16,你们依旧带节奏，我依旧美美隐身爽完终末地，基建对我来说也可以，剧情打不过说明你们急着推主线，先开图探索，后推主线boss都能稳过,positive,0.85,,2026-07-19 07:05:29
49627298,5,2026-07-15,抽卡爆率高飞了。但是老歪在这抽卡能体验到人生的大起大落。剧情很不错美术也很牛逼！零氪玩的也挺舒服的。,positive,0.85,,2026-07-19 07:05:31
47813597,5,2026-02-12,怎么说呢，玩法倒是我觉得挺好玩的，但卡池是真的恶心搞不到抽数还不继承保底,negative,0.8,,2026-07-19 07:05:32
47760862,4,2026-02-08,1.4版本剧情和福利可以给到夯，但是新版本的支线是不是太过分了，流程太长了，不完成还开不了图,negative,0.7,,2026-07-19 07:05:33
49661032,4,2026-07-18,画面什么都挺好，每个版本新开图，福利待遇可以，海猫牛逼,positive,0.9,,2026-07-19 07:05:34
49659308,5,2026-07-17,多出男角色,neutral,0.5,,2026-07-19 07:05:35
49666325,5,2026-07-18,没玩多长时间，充了个月卡，感觉还行😋就是有点非，五星能不能加点爆率,positive,0.7,,2026-07-19 07:05:36
49667089,5,2026-07-18,奈斯，没歪,positive,0.9,,2026-07-19 07:05:38
49659275,5,2026-07-17,小保底刚中就弹出来了，太心机了[表情_斜眼笑][表情_斜眼笑][表情_斜眼笑],negative,0.8,,2026-07-19 07:05:39
49668011,4,2026-07-18,挺好的<br />但是太肝了.而且我的个人爆率很低,neutral,0.6,,2026-07-19 07:05:40
49660606,5,2026-07-17,开服玩家60级了,neutral,0.5,,2026-07-19 07:05:42
49663795,4,2026-07-18,扣的1分是给到社区，总体来说，这游戏是越来越好，因此，我不吝啬给高分,positive,0.9,,2026-07-19 07:05:43
49669508,4,2026-07-18,只能说玩了这么多二游，居然出货率最高的在这[表情_微笑],positive,0.7,,2026-07-19 07:05:44
49662216,5,2026-07-18,美术风格还有画面表现顶级,positive,0.9,,2026-07-19 07:05:45
49667694,4,2026-07-18,还行吧就是有点肝,neutral,0.6,,2026-07-19 07:05:47
49670541,5,2026-07-18,刚入坑，20抽一个诀，五星必须五星,negative,0.8,,2026-07-19 07:05:48
49659712,5,2026-07-17,[心动小镇_点赞]29抽出诀了,positive,0.9,,2026-07-19 07:05:49
49666215,5,2026-07-18,回坑爆红了,negative,0.8,,2026-07-19 07:05:51
49668284,5,2026-07-18,角色建模是真的美，动作的设计也很用心,positive,0.85,,2026-07-19 07:05:52
49660494,5,2026-07-17,第二次不歪好高兴！,positive,0.9,,2026-07-19 07:05:53
49670394,4,2026-07-18,送的资源可以，但玩起来废时间，偶尔上线抽卡,neutral,0.6,,2026-07-19 07:05:54
49662603,5,2026-07-18,太好玩了，五十抽就出当池UP,positive,0.9,,2026-07-19 07:05:56
49669096,5,2026-07-18,PC端游玩，能够听到玩家的声音并及时改进，相信会越来越好。,positive,0.8,,2026-07-19 07:05:57
49660865,5,2026-07-17,游玩到后期相对轻松一点，剧情衔接流畅带入感强,positive,0.8,,2026-07-19 07:05:59
49661011,4,2026-07-18,前期有点肝，但是人物的建模和画质都不错,positive,0.65,,2026-07-19 07:06:00
49667652,5,2026-07-18,太好玩了，爆率很高30抽出两个六星,positive,0.9,,2026-07-19 07:06:01
49666769,5,2026-07-18,牛  一个10连出了,positive,0.9,,2026-07-19 07:06:03
49662638,1,2026-07-18,幽默鹰池，幽默游戏内容，幽默产能,negative,0.9,,2026-07-19 07:06:04
49666419,5,2026-07-18,💃🏻立绘建模：建模很好,positive,0.9,,2026-07-19 07:06:05
49666491,5,2026-07-18,刚回归就出货了,positive,0.9,,2026-07-19 07:06:06
49658737,5,2026-07-17,官方负责，游戏质量扛打，内容丰富，美术风格优秀,positive,0.95,,2026-07-19 07:06:07
49665429,5,2026-07-18,强推，福利特好,positive,0.9,,2026-07-19 07:06:09
49665948,5,2026-07-18,好环境好游戏强烈推荐的一款,positive,0.9,,2026-07-19 07:06:11
49660400,5,2026-07-17,感觉还行，只有你肝,neutral,0.6,,2026-07-19 07:06:12
49666115,5,2026-07-18,角色建模和游戏剧情都非常好,positive,0.9,,2026-07-19 07:06:13
49662339,5,2026-07-18,建模战斗优化剧情都非常好,positive,0.9,,2026-07-19 07:06:15
49661101,4,2026-07-18,没玩懂蹲一位老高玩带我玩,neutral,0.6,,2026-07-19 07:06:16
49665242,5,2026-07-18,不赖。每次等新版本开始做完主线和基建，就可以开始每天上线划水了😋,positive,0.85,,2026-07-19 07:06:18
49663496,5,2026-07-18,画面很美，而且很适合养老，不逼氪,positive,0.9,,2026-07-19 07:06:19
49665501,5,2026-07-18,全歪了没中一个UP洁哥纯保底,negative,0.9,,2026-07-19 07:06:20
49660363,5,2026-07-17,这版本可以，优化了不少东西,positive,0.8,,2026-07-19 07:06:22
49669995,2,2026-07-18,很好看的构思,positive,0.6,,2026-07-19 07:06:23
49634912,5,2026-07-16,一发十连就出，海猫的小巧思,positive,0.9,,2026-07-19 07:06:25
49657953,5,2026-07-17,爽歪歪，30发不到就出了玩法对上电波后很上头,positive,0.9,,2026-07-19 07:06:26
49634644,5,2026-07-16,我只能说好跳,negative,0.8,,2026-07-19 07:06:27
49642644,5,2026-07-16,好玩。拉电线拉上瘾了🥴🥴🥴,positive,0.9,,2026-07-19 07:06:28
49645206,5,2026-07-16,太好玩了，也是从开服玩到现在,positive,0.9,,2026-07-19 07:06:30
49636971,5,2026-07-16,47000玉，10个券，50发出诀，一个10连出专武,positive,0.9,,2026-07-19 07:06:31
49639334,5,2026-07-16,第二个十连都就出了,positive,0.6,,2026-07-19 07:06:32
49640534,5,2026-07-16,21抽出两只，还有一个录的视频单抽出的，诀,positive,0.9,,2026-07-19 07:06:34
49644800,5,2026-07-16,这游戏爆率感觉挺高的,positive,0.8,,2026-07-19 07:06:35
49641022,5,2026-07-16,游戏美术真的好看,positive,0.9,,2026-07-19 07:06:37
49648009,5,2026-07-17,刚回归第一发十连就给我出了，很爽必须好评,positive,0.95,,2026-07-19 07:06:38
49628718,5,2026-07-15,建模好看ଘ(੭*ˊᵕˋ)੭* ੈ♡‧₊˚,positive,0.9,,2026-07-19 07:06:39
49650975,5,2026-07-17,肝有点想s了。,negative,0.9,,2026-07-19 07:06:41
49639928,5,2026-07-16,💃🏻立绘建模：<br />人物看着很舒服,positive,0.9,,2026-07-19 07:06:42
49650031,5,2026-07-17,太好了，爆率太高了，每一期的六星角色都是在小保底之前出的,positive,0.9,,2026-07-19 07:06:43
49650954,5,2026-07-17,如果不是新版本的雷霆阿达希尔，我应该不会回坑,positive,0.6,,2026-07-19 07:06:45
49646497,5,2026-07-17,反正我觉得好玩，不肝不氪,positive,0.9,,2026-07-19 07:06:46
49658404,5,2026-07-17,明日方舟玩家，入坑终末地，熟悉的感觉，慢慢玩，都会有的，加油鹰角！,positive,0.9,,2026-07-19 07:06:47
49651377,4,2026-07-17,福利很好，送的东西开局抽到两个6星，就是日常太多做的有点烦,positive,0.7,,2026-07-19 07:06:49
49629193,5,2026-07-15,游戏不强求强度，而且卡缪也是成功满潜,positive,0.8,,2026-07-19 07:06:50
49648682,5,2026-07-17,好玩，不过有点杆[表情_斜眼笑],positive,0.6,,2026-07-19 07:06:51
49643200,4,2026-07-16,这个池子终于欧了一次太不容易了,positive,0.9,,2026-07-19 07:06:53
49638651,5,2026-07-16,好玩，有逻辑思维能力，玩过拼图迷宫式的游戏的应该会很喜欢,positive,0.8,,2026-07-19 07:06:54
49633157,5,2026-07-16,小保底没歪给你点个赞,positive,0.9,,2026-07-19 07:06:55
49628674,5,2026-07-15,太肝了，但胜在角色上,positive,0.65,,2026-07-19 07:06:57
49643299,5,2026-07-16,其实还是很好玩的  属于乍一看好像很难其实上手了非常好玩的类型,positive,0.85,,2026-07-19 07:06:58
49635694,4,2026-07-16,对我来说还挺友好的吧(抽卡)，虽然基建还是没怎么搞懂,positive,0.6,,2026-07-19 07:06:59
49671748,4,2026-07-18,基建内容多，比较小众，适合对口兴趣的人游玩,neutral,0.6,,2026-07-19 07:07:01
47047829,1,2025-11-28,从洛茜到决，吃了三次大保底，歪的还都是常驻，鹰角我放飞你的木没问题吧？给你个一星也没问题吧？,negative,0.95,,2026-07-19 07:07:02
49671630,5,2026-07-18,那还说啥了，赠送的10抽出了,positive,0.6,,2026-07-19 07:07:04
49671504,5,2026-07-18,💃🏻立绘建模：<br />国产二游建模第一档了,positive,0.9,,2026-07-19 07:07:05
49671461,5,2026-07-18,怎么说呢，在现在的二游里面在运营上绝对是还算不错了，美术方面就不用提了，优化我也觉得非常的满意(不是引战，不是搞对立，现在还在玩，隔壁的鸣潮我不知道优化在干什么，越堆料越卡，玩的不得劲),positive,0.8,,2026-07-19 07:07:06
49671222,5,2026-07-18,剧情2，人物4，数值合理性：3<br />友方总部具有免疫，闪击 奋战<br />8088 大红一师同规格<br />K语言自己翻译一下,neutral,0.6,,2026-07-19 07:07:07
49671162,3,2026-07-18,每次都是大保底真是惬意啊,negative,0.85,,2026-07-19 07:07:09
49671139,4,2026-07-18,过图卡跑图也卡，容易吃大保底送的还扣,negative,0.85,,2026-07-19 07:07:10
49671014,5,2026-07-18,。第二个10连就出了。爆率非常高。角色非常好看。,positive,0.95,,2026-07-19 07:07:12
49670965,5,2026-07-18,玩之前就知道要拉电线，担心枯燥工作量太大，结果玩起来很好玩很上头，很喜欢基建的玩法,positive,0.85,,2026-07-19 07:07:13
49670959,5,2026-07-18,福利非常的肥美，角色也非常的肥美,positive,0.9,,2026-07-19 07:07:14
49670858,1,2026-07-18,这基建玩法只适合脱产的闲人,negative,0.8,,2026-07-19 07:07:16
49670843,2,2026-07-18,依旧猎奇小任务,neutral,0.5,,2026-07-19 07:07:17
49670824,5,2026-07-18,人物建模特别好看。,positive,0.9,,2026-07-19 07:07:18
49670722,5,2026-07-18,玩到后期还是很爽的,positive,0.8,,2026-07-19 07:07:19
49670701,5,2026-07-18,为什么连个尸体都不给留？,negative,0.9,,2026-07-19 07:07:21
49670669,5,2026-07-18,太好看了，刚回坑看到这建模爱死了,positive,0.9,,2026-07-19 07:07:22
49670471,4,2026-07-18,主要问题就是设备数量和空气墙,negative,0.8,,2026-07-19 07:07:23
49669876,5,2026-07-18,还好他出了云玩，要不然我手机的内存就没救了,positive,0.7,,2026-07-19 07:07:25
47097154,1,2025-12-02,狗史基建一点不改。<br />真把那点小众玩法当爹了。<br />你那戴森球之类的工业游戏合起来能有1000万玩家吗？,negative,0.9,,2026-07-19 07:07:26
49669468,2,2026-07-18,能不能把你那地图和交互设计师开了😅比回合制还恶心回合制我好歹可以逃跑😅,negative,0.9,,2026-07-19 07:07:27
48869306,2,2026-05-29,建模质感10/10，二游独一档<br />角色设计8/10，感觉不如明日方舟，可能3d向设计没经验导致的<br />场景7/10，四号谷地4分，武陵9分<br />剧情3/10<br />玩法5/10,negative,0.95,,2026-07-19 07:07:28
49179715,5,2026-06-26,开服玩家，对得上电波还是蛮好玩的，最近危机合约打得很爽了，果然需要一些刺激练度的活动会更有感觉<br />2026.7.18<br />新地图好大跑得好爽，虽然对于一本道玩家来说有点灾难，但是我真喜欢,positive,0.9,,2026-07-19 07:07:30
49663520,3,2026-07-18,目前来说这游戏还是很肝的，抽卡机制对于那些经常歪的玩家来说是成反比的，很容易入不敷出，想入坑的慎入。<br />然后是基建，这个我很难评价，它与角色培养和剧情是有绑定的，不过这个游戏从宣发开就是一直在,negative,0.8,,2026-07-19 07:07:31
49668909,1,2026-07-18,不是哥们，怎么这么能歪啊。,negative,0.8,,2026-07-19 07:07:33
49668886,3,2026-07-18,我是明日方舟开服玩家，同时也是终末地开服玩家。先说的好的地方，美术和箱庭设计的很不错，这也是我玩下去的动力。再说差一点的地方这个版本更新了很多内容，产能算是和其他二游产能差不多的版本了（指地图和剧情）,positive,0.7,,2026-07-19 07:07:34
49668495,5,2026-07-18,入坑理由：路过看到终末地评分这么低且评价两极化，高低得进来尝尝咸淡<br />入坑时间：2027.7.9，在出一键跳过四号谷地之前肝了几天（其他仨家目前也还有两家在玩，玩游戏怎么也这么忙啊我）<br ,positive,0.85,,2026-07-19 07:07:35
49043990,2,2026-06-15,前后玩了差不多三个月，54级，主要不经常上线。建模和立绘没的说，挺好的，但是那个电线水管一天不扯就难受，扯了就就得难受一天，不过剧情过到武陵有息壤就会好一点。然后就是剧情，那就宛若一条刚从旱厕爬出来的,negative,0.85,,2026-07-19 07:07:36
49668430,4,2026-07-18,我是刚出就开始玩的<br />然后玩了几个月退游了，今天重新下回来，玩不下去，又退了。<br />区别于很多其他二游，可以有三个角色跟着，这是我觉得最大的特色。<br />然后再说卡池也很独特，武器池,negative,0.85,,2026-07-19 07:07:38
49668397,1,2026-07-18,你会玩了30分钟？  3小时？  30小时？  也会觉得 到底玩了什么   不仅无法满足  还觉得无聊到头痛<br />慢慢变成被垃圾任务支配。<br />实在太无聊了 剧情无聊完全不想看<br />,negative,0.9,,2026-07-19 07:07:39
49668123,1,2026-07-18,从开服玩到现在，就三个up，从头玩到尾，我都没想到我号能黑成这样，游戏是个好游戏，但是我玩的总感觉在坐牢一样。每个角色都是120抽大保底，你对得起我不？,negative,0.85,,2026-07-19 07:07:40
47590480,2,2026-01-24,真的拉的离谱 69抽歪了 游戏还这么难干 抽卡全是扫b福瑞搞基建不能肝抽数肝抽数不能养角色 不养角色又肝不了抽数去推主线给的又这么少 还得随处接电线 3天等级29有着时间还不如去玩玩别的💩💩💩💩💩💩💩,negative,0.95,,2026-07-19 07:07:41
49668019,2,2026-07-18,玩法是无趣的，也就角色能吸引人，但你这获取角色个个120保底谁能玩下去[表情_嫌弃],negative,0.9,,2026-07-19 07:07:43
49667915,1,2026-07-18,这游戏的基建就是一坨答辩  还嫌不够麻烦  还要搞气体   我真服了   这气体还要拉十万八千野才拉的回来   拉回来搞着搞着又管道上限   你又要搞这么麻烦还要搞上限什么   左右脑互搏  关键基建,negative,0.9,,2026-07-19 07:07:44
47541285,2,2026-01-22,真有人因为基建好玩而入坑吗<br />在？下班了就快来拉电线，旅行的意义就是脚丈大地，拉电线，拉了一天终于凑够了10抽，太好玩了<br />26年回坑，都在说一次性基建，但这一次性基建好累啊，比上班还,negative,0.85,,2026-07-19 07:07:45
49667831,3,2026-07-18,本人昨天回坑玩家，原本该是两星的，结果30抽出诀为此提升一星，而且这评论是30抽出货弹出来个“希望我去taptap评价”的弹窗我顺便写个评价<br />以下单纯个人主观体验以及吐槽<br />我1.3,neutral,0.65,,2026-07-19 07:07:46
49667672,1,2026-07-18,你游耗时独一档<br />！？耗时神游！？<br />一个支线任务能耗那么多时间，神了<br />游戏肝的要死，神中神<br />也就音乐美术能撑一撑了,negative,0.9,,2026-07-19 07:07:48
49667155,1,2026-07-18,次次歪纯针对,negative,0.85,,2026-07-19 07:07:49
49666960,5,2026-07-18,爆率是真的高,positive,0.8,,2026-07-19 07:07:50
49666892,1,2026-07-18,与其把钱花在水军上不如好好打磨自家游戏<br />很好玩，很棒，不许提意见，爱玩玩，不玩滚，你们可以不玩，我鹰🦅哥不欠你们什么<br />，我要自己一个人玩，看上去还不错就卡池玩法有毒，所以能玩野不能,negative,0.85,,2026-07-19 07:07:52
49666887,3,2026-07-18,基建难受啊，谁叫我是色鬼呢，阿达希尔~~,neutral,0.6,,2026-07-19 07:07:53
49666712,3,2026-07-18,他宝贝的基建！你真是小可爱！小可爱！小可爱！！我爱死你了！,positive,0.95,,2026-07-19 07:07:54
49607616,1,2026-07-14,上手难啊<br />这玩意需要优化的太多了，就让那些蟑螂过来心甘情愿地当小白鼠吧[表情_捂脸哭][表情_捂脸哭][表情_捂脸哭]，晚点入会玩的更舒服,negative,0.85,,2026-07-19 07:07:56
49622426,5,2026-07-15,太好玩了，三天抽出5个六星，两个限时的[表情_斜眼笑]<br />还有管理员和小羊，一共七个,positive,0.9,,2026-07-19 07:07:57
47559893,5,2026-01-23,强烈建议工厂玩法增加个戴森球计划的同款分拣器。,neutral,0.6,,2026-07-19 07:07:58
49665951,5,2026-07-18,20抽3金 ，那还说啥了，终末地牛逼,positive,0.9,,2026-07-19 07:07:59
49665756,1,2026-07-18,其他还行，爆率低成一坨了，开服玩到现在只有一个up角色。,negative,0.85,,2026-07-19 07:08:01
47501259,5,2026-01-19,不给测试资格，还没玩过，我就想问一下，这个游戏500一抽，月卡只能抽一发十连，我看bilibili有人说锄完大地只有30抽，一个活动14抽，我算一个月2次活动➕月卡➕日常有40-50抽，这怎么玩？<b,negative,0.9,,2026-07-19 07:08:02
49665709,3,2026-07-18,抽卡机制太难受了，哎，啥都没有，不玩了,negative,0.9,,2026-07-19 07:08:03
49664709,2,2026-07-18,我请问了这个任务是哪个垢设计出来的？先让我灌三个裂隙，然后再给我一个裂隙的地点，再给我一个裂隙的地点。<br />愣拖时长，就愣拖，你搁这儿耗玩家阳寿呢？是耗我的阳寿能加到你身上吗？,negative,0.9,,2026-07-19 07:08:04
47552743,1,2026-01-22,玩个寄矛，开服到现在下五个池子，就一个池子是小保底出，其他都是大保底出，玩这游戏没120抽千万别抽卡。<br />太特么的恶心了，我日海猫他老母<br />诶呀，我真的急死了，天天大保底玩得我难受，想,negative,0.95,,2026-07-19 07:08:05
47597147,5,2026-01-25,发现了，抽卡系统可以说是绝无仅有的，出率不低但抽卡体验奇差的系统了，出率其实没问题，给的资源也是够的，0+0基本是能保证的，而且和别家的软保底不一样，不是给你抬概率，不是下一出保证你出，而是抽数到了直,negative,0.7,,2026-07-19 07:08:07
49664084,1,2026-07-18,卸载，没入坑的别玩，就内个剧情过点提醒完全没看懂，如果你是弄基建搞拉线的可以试试，可玩性太低了，除了游戏建模以外感觉也没什么了，玩不明白，就像我说的颠三倒四一样，他这个游戏给我的感觉也是颠三倒四，介绍,negative,0.9,,2026-07-19 07:08:08
49663891,1,2026-07-18,一个版本加大小月卡给的资源够不着一个保底，抽卡基本120才出up，歪的还全是常驻，周围朋友没有出货这么少的，怎么，我就该吃这坨屎呗？,negative,0.95,,2026-07-19 07:08:10
47064682,2,2025-11-29,我收回我的评价，非常客观地说一下这个游戏，卡池不能继承，0.8%的出率，而且在不继承卡池的同时送的劵还是下个角色抽的，不抽就销毁，逼你下池。<br />谁能想到我128礼包十连下去一个保底金还是扫福瑞,negative,0.9,,2026-07-19 07:08:11
47530662,1,2026-01-22,什么啥鼻，这么久没玩还打电话来骚扰人，开局感觉还好模型也还行，直到开始抽卡肝日常才知道日常给100石头，一次十连要5000个，肝了三个小时一看抽卡刚好够一次十连，这还是在开局领取福利的情况下，还拿了那,negative,0.95,,2026-07-19 07:08:12
49663073,1,2026-07-18,我他妈才知道你他妈游戏保底歪完还能再歪呀，做个人吧，就非得120抽才能拿下一个角色吗？本来攒抽就不容易了，500井降降吧,negative,0.95,,2026-07-19 07:08:14
49662854,2,2026-07-18,你再出填筑裂隙这种**任务爷就退游了,negative,0.9,,2026-07-19 07:08:15
47592455,1,2026-01-24,幽默池子<br />——<br />依旧危机合约，呵呵<br />——<br />全镀层了，太恶心了一点也不有趣不好玩，后面危机合约也是这样那我祝你早日关服<br />——<br />恶心，垃圾影拓丰,negative,0.95,,2026-07-19 07:08:16
49662640,1,2026-07-18,什么狗屎抽卡机制，对于我们这些非酋来说不就是无限小保底吗？真不愧是二游抽卡粪池[表情_嫌弃],negative,0.95,,2026-07-19 07:08:17
49662401,2,2026-07-18,明日方舟5年玩家<br />终末地的画质，UI，无疑是二游里顶级的，武陵的地图称得上3A都不为过，但全被这个策划给毁了，添加一堆繁琐的机制，在二号谷地让你一股脑的全部接受，感觉乱糟糟的，什么都想加上去,negative,0.85,,2026-07-19 07:08:19
47644103,5,2026-01-29,之前1.2已点评过，有些评论继续沿用<br />1.4点评<br />先说结论，总体8分肯定有的，但开服时非受众玩家太多被打了大量低分，所以打10分拉高下平均分。其实看一下近期评分，8分差不多的，这些,positive,0.85,,2026-07-19 07:08:20
49662093,5,2026-07-18,爆率真的很高,positive,0.8,,2026-07-19 07:08:21
49661907,5,2026-07-18,先说结论，zmd对策性极强，泛用性一般，综合给到超大杯下<br />zmd算是个好游戏，但需要“启动”（等我启动.jpg）因此需要慢一点玩方能获得最佳体验（也是因为长草期真的长）<br />玩法<br,positive,0.7,,2026-07-19 07:08:22
49662040,5,2026-07-18,刚刚上线，随便抽个十连就出诀，接着马上给我弹评价，笑死我了,positive,0.8,,2026-07-19 07:08:24
47572341,5,2026-01-23,再次更新，主线短板也补上了，现在就是我理想中最好的二游的样子，我的a卡的fsr也支持了，无可挑剔,positive,0.95,,2026-07-19 07:08:25
49662031,3,2026-07-18,我角色打个boss太难受，完整的大招都放不出来,negative,0.8,,2026-07-19 07:08:26
48134952,1,2026-03-21,这算是我玩过这么多二游唯一一个没有任何抽卡动力的游戏了。<br />优点是水温确实低，开服阵容可以打穿目前所有挑战。<br />我从开服到现在，除了新手池，常驻池，限时抽之外，没有抽过额外任何一发角色,negative,0.85,,2026-07-19 07:08:27
49661651,1,2026-07-18,我真的不知道是不是我的问题啊 连续4个池子大保底 是不是太夸张了 真的有一点不对吧？,negative,0.85,,2026-07-19 07:08:29
47559437,2,2026-01-23,开服就被4号谷底基建劝退，到现在还没改？可以跳过谷底剧情，但基建还是核心玩法，好吧，我撤了,negative,0.9,,2026-07-19 07:08:30
49661436,1,2026-07-18,优化非常不好,negative,0.8,,2026-07-19 07:08:32
49661288,3,2026-07-18,我是买号入的坑，抽到洛西抽了120抽，别人出货呢，大概六七十抽，我几乎次次120，我不是说福利不好，给的也多，基建模式也还可以，最近又优化，但tmd抽奖我是真的恨了，非要做成这个池子，关键这个池子的爆,negative,0.85,,2026-07-19 07:08:33
49661129,5,2026-07-18,游戏是一点一点变好的，但运营从三测到开服造的孽够这游戏受一年了，一定得给游戏厂挨打才知道痛,negative,0.8,,2026-07-19 07:08:34
49661057,2,2026-07-18,120大保底都吃饱了，180抽狂歪三个黎风让不让人玩了？120抽保底就不说啥了你就不能歪点其他玩意吗？全歪黎风有啥用破抽卡机制,negative,0.9,,2026-07-19 07:08:36
49660781,5,2026-07-17,终末地半年来优化真不少,positive,0.7,,2026-07-19 07:08:37
49660741,1,2026-07-17,新地图设计一坨 新版本主线又臭又长 还疑似把诀个人故事扔到主线里了 劳资在乎你的过往吗 我想看的的是众人齐心协力打败武陵裂隙 不是大决战里面穿插一个小屁孩的过往爱恨 不是哥们 你谁啊 小庄的故事都没在,negative,0.95,,2026-07-19 07:08:38
47580410,3,2026-01-24,优点：美术好看<br />缺点：抽卡资源扣扣搜搜，工业系统繁琐难以上手，跑图时各种不方便，功能太多繁琐上手难度大，制造材料到处跑。<br />总而言之不好玩，我玩游戏是来放空大脑不是来打灰的，机制繁复,neutral,0.7,,2026-07-19 07:08:40
49660610,2,2026-07-17,太肝了，建议别玩，而且爆率低到离谱，你想要的角色基本，抽不到必须要保底才行，小保底容易歪，养队伍的成本贼大，基建贼繁琐福利一般般，活动奖励一般般，玩着没一会就感到无聊没意思专武基本全保底,negative,0.95,,2026-07-19 07:08:41
49660502,5,2026-07-17,先给那些还没入坑的萌新说说入坑指南吧<br />这款游戏有基建有战斗，你需要不断的探索箱庭地图开采矿石升级你的基建，你的基建也会反哺你的干员养成，注意，这世界上有很多很多游戏，你对不上电波完全可以出门,positive,0.85,,2026-07-19 07:08:43
49660437,5,2026-07-17,新手开荒难度低，装备毕业难度低，基建都说比较挑人，但其实都可以找蓝图，拉电线没办法毕竟是核心玩法之一，而且搓装备都需要基建，除了开始费些力气，后期全程收菜，养老，抽卡资源获取其实比较一般，虽然活动送的,positive,0.7,,2026-07-19 07:08:44
49660427,5,2026-07-17,从开服爆死，到现在，终末地这一路走来真的很不容易，虽然说抽限定一直都是大保底一回没欧过，不过这是号的问题，不计入整体评价，(网上只是吃满了个大保底就说这游戏拉完了的人，评价的时候脑子都丢掉了吧？)有人,positive,0.85,,2026-07-19 07:08:45
49660372,1,2026-07-17,踏马的这游戏不是在拉电线就是在跑地图，活动的解谜简直不要太阴，玩的头疼,negative,0.9,,2026-07-19 07:08:47
49660286,5,2026-07-17,是因为卡缪入坑的萌新。因为没怎么接触过基建所以刚开始玩觉得有点繁琐，后面也是很容易就弄懂了开始喜欢上这个基建，每天上线先搞基建拉电线，剧情都是顺便过的。都是谷地基建搞满了，才去的武陵嗯对。<br />,positive,0.7,,2026-07-19 07:08:48
47809584,5,2026-02-12,还行 当做单机玩就行<br />1.4<br />聊聊现状 看图,neutral,0.6,,2026-07-19 07:08:49
49659947,2,2026-07-17,大概一周没玩了，今天上线领了活动奖励就下线了，真的没有做主线过剧情的动力，一想到打开剧情又是不停的修塔，不停的推箱子，不停的绕各种恶心的地图然后出来继续拉电线做基建就完全没有兴趣了，心里很烦躁，记得有,negative,0.9,,2026-07-19 07:08:51
49659936,5,2026-07-17,先说成分，我基本什么游戏都玩，米家的崩二到现在的铁道，王者、异环、鸣潮等等，每个游戏我都是微氪只充月卡。玩终末地到现在我也吃了三回大保底了，角色只有汤汤没有，偶尔也会欧一下，终末地在玩法方面给我的感觉,positive,0.85,,2026-07-19 07:08:52
49659912,1,2026-07-17,游戏不错，卡池拉完了，辛辛苦苦肝的大保底不继承,negative,0.8,,2026-07-19 07:08:53
49659865,5,2026-07-17,很好玩，但是我不知道该怎么玩，需要材料去找材料，找材料的同时又需要有基建才能生产开路的东西，生产这个开路的东西的同时又需要等级，两头堵了,negative,0.7,,2026-07-19 07:08:54
47597628,5,2026-01-25,正真的武陵采石场来了，还能说什么呢😋,positive,0.9,,2026-07-19 07:08:56
49659690,5,2026-07-17,先展示下胎记[表情_开心]，所有主线已经过完，基建已经建造完毕，以下观点仅代表个人，欢迎讨论，前提是友善哦（希望大家可以耐心看完，谢谢啦，提前祝你们抽卡不歪[表情_送花][表情_送花][表情_送花]）,positive,0.85,,2026-07-19 07:08:57
49659652,1,2026-07-17,这更新更新了一坨吗？4060进个游戏都要2分钟，优化了个大粪吗？,negative,0.95,,2026-07-19 07:08:58
49659648,5,2026-07-17,我从来没有见过这么给力的官方，出的人物想抽的时候怎么都让你出了不用太氪金的比起我的满命七七我都不知道该说啥好了,positive,0.85,,2026-07-19 07:09:00
49659507,2,2026-07-17,这个游戏真是让我叹为观止哈，我第一次玩到我才玩两个小时，我就烦躁的不行，腰酸背痛，肩颈扭曲，问候爹娘的游戏！我玩过的二游里，这是最具有欺骗性的，为什么呢？因为有些二游是你单从它画质和人物角色建模以及刚,negative,0.95,,2026-07-19 07:09:01
49659499,1,2026-07-17,屎，剧情无聊，基建麻烦，boss难打，奖励奇少（比米哈游还抠），玩法老套（武器体系与原神高度相似）（装备等于圣遗物），打击僵硬（这TM还是动作游戏），大世界丑（没有任何科技感又走的是科幻路线），极其费,negative,0.95,,2026-07-19 07:09:02
47603948,3,2026-01-25,[表情_叹气],neutral,0.5,,2026-07-19 07:09:03
49659410,3,2026-07-17,画面音乐好是好，但作为一个非酋玩家我真是受够了。<br />没好角色又刮不动怪，刮不动怪又推不动部分剧情，专武是必须吃满保底的，角色是必须歪的，知道我一个二十多抽时的十连出六星结果歪了的救赎感吗？<b,negative,0.95,,2026-07-19 07:09:04
49659351,1,2026-07-17,能别给我打骚扰电话了不?你这基建玩法我玩不来一点，无聊死了，我能玩啥啊？😅,negative,0.9,,2026-07-19 07:09:06
49310874,4,2026-06-28,基建玩法对于新手来说真的很困难，一想到玩游戏还要动脑子搞工业真挺头疼的。目前已经到达武陵，不得不说……四号谷地真是你终末地的护城河啊，我就在四号谷地差点退游了，后面解锁武陵之后感觉还挺值得一玩的……武,positive,0.7,,2026-07-19 07:09:07
49659025,3,2026-07-17,玩到50多级才开始弄那基建，都说直接抄蓝图就行，但是前提是要拉完所有电线，真的很麻烦，每走一段路就要放一个，有时候路还得绕来绕去，找代肝的人那么多可见这玩法有多恶心。。。也不说让你删除这玩法，你好歹把,neutral,0.7,,2026-07-19 07:09:09
47585826,1,2026-01-24,啥比优化，更新之后设备调最低都带不动，干脆别出手游得了，没云玩你游还几个手机端活人,negative,0.95,,2026-07-19 07:09:10
49658533,3,2026-07-17,粥在数值膨胀，终在通货膨胀，向下兼容这一块（装备原件），背刺老玩家（新人跳图）这一块，通马桶这一块<br />我打了一晚上北部禁区还没打完，要是全是好玩的地图设计就算了还带一堆当期的私货，卡我冲刺这一,negative,0.9,,2026-07-19 07:09:12
49658435,2,2026-07-17,除了美术其他部门建议全都大四,negative,0.85,,2026-07-19 07:09:13
49658333,5,2026-07-17,挺喜欢的，基建 拉电线 战斗都需要花时间，如果你觉得枯燥无聊，那就是你不适合玩这个游戏，不适合就不玩，没必要串，我看着网上的串子也是挺累的。喜欢玩的人 依旧会玩，不喜欢玩的人 你给他解释一万遍他也听不,positive,0.85,,2026-07-19 07:09:14
49658258,1,2026-07-17,从开服就开始玩的，开服的时候抽卡爆率正常，然后中间长草期爆率变高，基本没歪过，然后一直到庄方宜的池子更新，爆率变得很低很低，开始歪角色了，然后把我攒的八九十抽全砸进去也没有结果，到最后快结束的时候一发,negative,0.95,,2026-07-19 07:09:16
49658131,4,2026-07-17,怎么1.4爆率这么高？1.3我想要卡缪，没有，肝死那活拿不到,negative,0.7,,2026-07-19 07:09:17
39454941,1,2024-02-07,💃🏻立绘建模：<br />没得说，做的挺好的<br />🧝🏻‍♀️角色人设：<br />就是因为人设入坑的<br />💰肝氪度：<br />非常的氪，有肝，现在大多数活动都是为。氪佬准备的，命座很多的,negative,0.9,,2026-07-19 07:09:19
49658014,5,2026-07-17,喜欢基建玩法可以等版本更新回来玩几天😉😉,neutral,0.6,,2026-07-19 07:09:20
49109217,2,2026-06-22,要给美术磕一个，但是真的sb卡池阴的没边了（武器池再不改一改，送2万嵌合玉都是打水漂，卡池问题送点腊鸡就想掩盖过去），开服体验也很差，角色提前出，然后抽武器，直接吃大保底，只能回去角色池补，然后再歪出,negative,0.9,,2026-07-19 07:09:21
48951933,2,2026-06-06,什么东西 打电话骚扰 为什么不玩心里没点逼数吗。要点逼脸！？<br />太好了！你们的sb操作我直接注销了 骚扰老子,negative,0.95,,2026-07-19 07:09:23
49614615,4,2026-07-14,💃🏻立绘建模：夯爆了<br />其他：全拉完了<br />1.太灵敏了，老是掉下去，掉下去死了还得等候好久页面<br />2.有的玩法设置太难，一直浪费时间，如果游戏有趣就算了，但你游第一章实在无趣<,negative,0.85,,2026-07-19 07:09:24
49657698,1,2026-07-17,高血压玩出来了，弄这么麻烦,negative,0.8,,2026-07-19 07:09:26
49657592,5,2026-07-17,人物建模很顶级啊 希望以后能加入更多的我们所熟悉的干员 场景的美术设计很让人震撼很喜欢 游戏福利以及抽卡资源也很丰富 活动设计很有创新 希望每个版本更新都有更多的可玩项目 延长可玩性 减少长草期 希望,positive,0.85,,2026-07-19 07:09:27
49657563,5,2026-07-17,回坑三十抽两个红，终末地牛福！,positive,0.9,,2026-07-19 07:09:29
49657457,5,2026-07-17,20抽两个六星好玩,positive,0.9,,2026-07-19 07:09:30
49657304,5,2026-07-17,刚回归 30抽出新角色 还可以[表情_微笑],positive,0.8,,2026-07-19 07:09:31
29902193,5,2022-03-16,2022/03/16<br />这个宣传片好像宣传了又好像没宣传<br />2025/10/31<br />不想发资格就直说，垃圾游戏。填了问卷和刚毕业大学生投简历一样，hr看了一眼说等着吧。不知道是,negative,0.9,,2026-07-19 07:09:33
49657019,5,2026-07-17,非常好玩。快去上线。拉电线[表情_生气],positive,0.8,,2026-07-19 07:09:34
49656941,5,2026-07-17,嗯新手，福利不错不错,positive,0.8,,2026-07-19 07:09:36
49656933,5,2026-07-17,立绘建模：精美,positive,0.6,,2026-07-19 07:09:37
47753927,2,2026-02-07,能不能别给我打电话??四进四出，我不爱玩基建，里面的的战斗我也不喜欢，没手感。。是，，这是箱庭游戏不适合每个人，我个人试了四五次了真心不喜欢。我都卸载那么久了。别在给我打电话了行么?我个人不爱玩不爱玩,negative,0.95,,2026-07-19 07:09:38
49656623,1,2026-07-17,这次版本更新的内容也太多了，而且要下的时长也很长，下完一段数据还有一段，这他妈还玩个屁啊，今天的时长全去更新去了,negative,0.9,,2026-07-19 07:09:40
49656451,3,2026-07-17,剧情太长了,negative,0.6,,2026-07-19 07:09:41
49656281,5,2026-07-17,把前期的史都吃完了之后，这游戏真的玩儿起来特别舒服😭当然这可能和我的喜好有关，我就是特别喜欢亚人，然后特别喜欢跑图和拉电线，放置中继器的那一刻真的很舒爽有人懂吗😭😭😭求求大家坚持一下吧…肯定能慢慢体会,positive,0.9,,2026-07-19 07:09:43
49656063,5,2026-07-17,回坑一个时间就抽中了up，牛啊,positive,0.9,,2026-07-19 07:09:44
49655874,5,2026-07-17,太牛逼了，新手10连就出了，新手没资源，放手一搏,positive,0.85,,2026-07-19 07:09:45
47572987,5,2026-01-23,这次一发十连就出，改个五星,positive,0.6,,2026-07-19 07:09:47
47655630,4,2026-01-30,💃🏻立绘建模：诀的建模我真是爱了，终末地真的没有敷衍,positive,0.85,,2026-07-19 07:09:48
49655083,5,2026-07-17,评论全是喷基建的😅,negative,0.9,,2026-07-19 07:09:49
49654771,5,2026-07-17,很好玩，角色设计很有意思，玩法多样好玩有意思,positive,0.9,,2026-07-19 07:09:50
49654770,4,2026-07-17,爆率特别“高”，孩子很“喜欢”，把那老爷抽卡机制改一下吧。,negative,0.85,,2026-07-19 07:09:51
49654748,5,2026-07-17,就是工业系统太复杂了,negative,0.6,,2026-07-19 07:09:52
49654561,1,2026-07-17,一直没评价过游戏，今天真崩不住了。谁不想急头白脸地从早肝到晚然后74抽歪一只小羊呢[表情_期待]？没攒120井一只的后果就是出的up比歪的常驻少多了。这个池子真是良心啊，怕我抽到新角色还要养成，感谢鹰,negative,0.9,,2026-07-19 07:09:54
49654559,4,2026-07-17,之前一直被评分劝退，实际体验了确实好玩。前期正反馈很强，各种玩法之间都是环环相扣的，比如养成和基建挂钩。箱庭设计也挺出色，和市面上大部分二游相比同质化低。目前感受下来的槽点就是卡池和移动端体验远不如p,positive,0.8,,2026-07-19 07:09:55
47595457,1,2026-01-25,池子恶心福利少，小巧思恶心你，这池子就差把要钱写在脸上了。<br />抛去池子问题，因为我比较欧，全限定专武都有了，这游戏除了画质角色建模不错，可玩性太低了，二游核心的剧情无聊透顶，实在没有玩的欲望,negative,0.9,,2026-07-19 07:09:56
49654142,5,2026-07-17,💃🏻立绘建模：不错<br />💰肝氪度：肝,neutral,0.6,,2026-07-19 07:09:57
49018161,3,2026-06-13,🥹明明时限是10分钟附加难度直接压缩到三分钟为什么不是三分半😭😭😭,negative,0.8,,2026-07-19 07:09:59
49653669,5,2026-07-17,孩子们，双六星爆率很高😋,positive,0.9,,2026-07-19 07:10:00
49653541,1,2026-07-17,能不能基建旧模式和新模式都上，不想在重建,negative,0.7,,2026-07-19 07:10:01
49653109,2,2026-07-17,过得有点艰难，第一卡等级对于新手来说困难，第二，卡池问题复杂，不好说很坑，第三，主线怪物boss难，第四，人物培养也一般的难，对于新手要去各个地方采集矿石资源之类的，采集完才可以升级培养，但有些地方还,negative,0.85,,2026-07-19 07:10:02
49653090,5,2026-07-17,感觉还是很可以的，建模也很可以。福利也很多。也会照顾玩家。,positive,0.9,,2026-07-19 07:10:04
49652922,5,2026-07-17,福利我只能说我给的是特别足的。,positive,0.8,,2026-07-19 07:10:05
49652836,2,2026-07-17,新剧情本来就又臭又长，再加上路上的直接拉完了。。如果你是为了去禁区终点，想知道到底怎么回事的，又或者是为了阿达希尔剧情的，再或者是想知道阿达希尔口中的“你只要去禁区就知道咋回事”这个意思想探究的，完全,negative,0.9,,2026-07-19 07:10:06
49652449,1,2026-07-17,你游卡池直接写明120抽才能出限定角色得了呗😅,negative,0.9,,2026-07-19 07:10:08
49106947,1,2026-06-22,地图就是一坨狗屎，活动也是一坨狗屎,negative,0.95,,2026-07-19 07:10:09
49652410,5,2026-07-17,玩着挺顺的，基建不错,positive,0.8,,2026-07-19 07:10:10
49652260,4,2026-07-17,我52级从开服时玩中间退游了一段时间退游的原因很简单抽不到角色，我次次抽卡吃小保底最开始还三羊开泰，回坑后基建，角色都落了好多现在没有一点欲望去挽救,negative,0.9,,2026-07-19 07:10:12
49652035,5,2026-07-17,好玩，回来就双黄蛋,positive,0.9,,2026-07-19 07:10:13
49652015,5,2026-07-17,开服玩到现在，观感不错，各方面来都适合大部分玩家来玩。,positive,0.9,,2026-07-19 07:10:14
49651783,5,2026-07-17,基建玩法太过枯燥。但是人物设计方面很醒目。,neutral,0.6,,2026-07-19 07:10:16
49651777,5,2026-07-17,抄袭明日方舟,negative,0.8,,2026-07-19 07:10:17
49651774,5,2026-07-17,哎呦我去，爆率真的很高。,positive,0.8,,2026-07-19 07:10:18
49651683,1,2026-07-17,都末地真是一个好游戏呀，四连歪，一个小羊，三个黎风，我玩你的大坝呀，大坝都比你好玩，我靠，真服了，终末地你怎么不死啊？,negative,0.95,,2026-07-19 07:10:20
49651656,2,2026-07-17,真是无聊啊，这点游戏内容简直不知道在玩什么，恐怕我很快就会忘了你吧,negative,0.9,,2026-07-19 07:10:21
49651561,4,2026-07-17,还行挺好的，不怎么肝，角色也好看,positive,0.85,,2026-07-19 07:10:22
49651517,1,2026-07-17,什么鬼玩意儿？这游戏真有欧飞号啊，我也就开局欧了一下，抽12的时候十抽出角色，十抽出武器，后面不仅连歪，还次次吃大保底，歪的角色还全是其他队的主c，我真尼玛服了，抽个小庄的武器还给我发四把蝎子，在B站,negative,0.9,,2026-07-19 07:10:23
49651386,5,2026-07-17,💃🏻立绘建模：<br />好,positive,0.9,,2026-07-19 07:10:25
49651364,4,2026-07-17,游戏不错 画面也挺好,positive,0.9,,2026-07-19 07:10:26
49651307,5,2026-07-17,玩了几个小时都不觉得累，一点都不无聊[表情_开心],positive,0.9,,2026-07-19 07:10:27
49088601,2,2026-06-20,过完新剧情依然槽点太多了，我没记错管理员是失忆了对吧，所以咱哪来的信任，这么坚决的站队的？都不听“反派”辩解下的吗？还有下次推角色的剧情能不能挑个好的插入时机，这都要决战了，我竟然跟着跳崖了？那前面一,negative,0.85,,2026-07-19 07:10:29
49651090,5,2026-07-17,回归出五星了,positive,0.6,,2026-07-19 07:10:30
48246440,5,2026-04-03,[心动小镇_点赞][心动小镇_点赞]新版本真不错,positive,0.9,,2026-07-19 07:10:31
49651038,4,2026-07-17,这个基建太折磨人了,negative,0.8,,2026-07-19 07:10:32
49651012,5,2026-07-17,开局顺利的一批。,positive,0.6,,2026-07-19 07:10:33
49650981,5,2026-07-17,除了武器吃满大保底其他的还不错😋<br />小庄😍,positive,0.7,,2026-07-19 07:10:35
49650841,2,2026-07-17,没有顺不顺只有基建第一次感觉电线和建筑的痛苦😭😭😭,negative,0.6,,2026-07-19 07:10:36
49650802,3,2026-07-17,保底不继承真的能不能改一下😡,negative,0.8,,2026-07-19 07:10:37
47651951,5,2026-01-30,🎮可玩性：好玩太好玩了，要想当电工的，可以来这里,positive,0.9,,2026-07-19 07:10:38
49650759,5,2026-07-17,真的好玩，音乐氛围感真的顶啊，建模也很有特色好看，基建这个东西实在不想自己研究完全可以抄蓝图不难，最多就是跑跑地图拉电线麻烦了点，资源福利也是蛮多的。正常体验的话还是不赖，追求某些挑战的高难度那就蛮吃,positive,0.85,,2026-07-19 07:10:40
49650747,5,2026-07-17,技能不错，UI好看,positive,0.8,,2026-07-19 07:10:41
49650730,5,2026-07-17,💃🏻立绘建模：五颗星,positive,0.9,,2026-07-19 07:10:42
47177635,1,2025-12-13,人家回归的新鲜尿液歪也是歪限定，你牢玩家只配歪常驻120保底，一个版本攒的不够歪的，尿液俩月回归一次抽几发潜能比你都多[表情_期待],negative,0.9,,2026-07-19 07:10:43
49650612,1,2026-07-17,本体6年老玩家特地过来评论，一句话：拉完了！只能说本体太良心，显得终末地吃相太难看。玩了几个月的终末地，又肝又氪，实在是没有继续玩下去的动力，1.0版本结束后就退坑了，然而每次版本更新就瞎勾巴给我打人,negative,0.95,,2026-07-19 07:10:44
49650606,5,2026-07-17,开服玩家想起来写个评价，玩到目前感觉还可以，没有那么难玩，剧情方面可以看得出来越来越好了，场景建模地编都是非常夯的，尤其是要爆夸这个地编，跑图跑爽了给我，地图解密和引导都做的很好。可玩性有但是确实没有,positive,0.85,,2026-07-19 07:10:46
49650508,2,2026-07-17,"昨天下午更新完50g,晚上又要下近50个g.就更新主线地图就要近一百个g,没有流量下了,比手机端要的还多,得蹭一下wifi了<br />steam的3a游戏都不一定要这么多空间",negative,0.8,,2026-07-19 07:10:47
49650238,4,2026-07-17,先叠个甲：本评论纯属个人观点，不喜勿喷，如有不同见解评论区自行交流。不要拿自己喜欢的游戏去拉踩别的游戏，我只是举例<br />💃🏻立绘建模：<br />本人也玩MC(不是那个方块mc)虽然比不上吧，但,positive,0.7,,2026-07-19 07:10:48
47618159,1,2026-01-27,卡池歪完了，已删,negative,0.95,,2026-07-19 07:10:49
49650149,1,2026-07-17,1.4就是一坨石<br />1.先是上玩家最不喜欢玩的复式地图，一层图狠不得铺七八层还哪哪都连着，过完主线没了指引就等着库库迷路<br />2.我是真搞不明白那个显行的路一会这一个坑，一会那断了，一会,negative,0.95,,2026-07-19 07:10:50
49650145,2,2026-07-17,玩法太垃圾策划太傲慢之所以给两分是因为出双金了,negative,0.85,,2026-07-19 07:10:52
49650089,2,2026-07-17,带着你的池子吃史去吧，从开服玩到现在，宝箱谜质全清，基建全换新，奖励是吃了三个井，限定角色差四五个，小保底从来不出，李织烟池子70抽歪黎风，有什么玩下去的动力吗？网上说说得了，现实里谁不想急头白脸的去,negative,0.95,,2026-07-19 07:10:53
49650034,1,2026-07-17,运气差的人真心不建议玩，我从方庄宜上线入坑到现在，次次80抽次次歪，这抽卡机制做的跟狗屎一样，每个版本给的石头少就不说了，每次抽出来还要歪，我玩你目呢，一星都不想给，亏我还满怀期待认为是个好游戏[表情,negative,0.95,,2026-07-19 07:10:54
49649974,4,2026-07-17,歪你们也要玩，那就受着,negative,0.9,,2026-07-19 07:10:56
49649839,3,2026-07-17,抽卡这个机制只能说太恶心了,negative,0.9,,2026-07-19 07:10:57
35622903,1,2023-04-11,挺好。<br />抽卡次次歪？歪的还都是已经有的？还都是小羊？？？<br />不歪小羊开始歪黎风了，，，<br />我抽决你TM给我歪卡谬？？？？？？,negative,0.9,,2026-07-19 07:10:58
49649588,3,2026-07-17,抽角色总歪，不是给常驻角色就是给陈千语就是佩里卡，限定角色都抽不到,negative,0.85,,2026-07-19 07:10:59
49649546,1,2026-07-17,大保底不继承想隐s谁，连续歪6次了🙄,negative,0.95,,2026-07-19 07:11:01
49649494,1,2026-07-17,如果贵公司喜欢在人睡午觉的时候打电话给我说你们出新版本了，我会更讨厌贵公司的游戏,negative,0.9,,2026-07-19 07:11:02
49649439,1,2026-07-17,为啥突然给我来电话呢？啥意思？,neutral,0.5,,2026-07-19 07:11:03
49649448,4,2026-07-17,我是1月22日入坑60级，鹰角美术依旧很强，音乐也不错，福利很足卡池压力小。最大大缺点我就觉得是剧情了，首先这个鹰角就很喜欢谜语，似说非说，人物动作还有点僵硬，主角看上去跟僵尸一样毫无人味，其他人说话,positive,0.7,,2026-07-19 07:11:04
47935541,5,2026-02-25,因为方舟这个IP，在终末地最难玩的时候玩了下去，海猫也没让我失望，游戏越做越好玩了<br />💰肝氪度：<br />不肝,positive,0.85,,2026-07-19 07:11:05
47005244,1,2025-11-24,这鹰角可真yj啊，这全面可真qm啊，这资格也太资格了😉<br />公测：yj格格，你猜我觉得好不好玩捏＋2星<br />yj你的武器池的爆率是被你吃了吗，80抽就两6星还都是歪的直接吃保底了 -1星<,negative,0.95,,2026-07-19 07:11:06
48399380,5,2026-04-18,这个终末地简直坏透了，都这么久了卡池还不改😅，简直比米池还恶心，保底不继承简直就是弱智设计，还要我们玩家自己规划抽卡资源😡，我下班放松玩游戏还要动脑子规划资源，而且你就不能多送点抽卡资源吗😨？虽然我没,positive,0.85,,2026-07-19 07:11:08
49649184,5,2026-07-17,只要不歪 一切好说,positive,0.6,,2026-07-19 07:11:09
49649149,5,2026-07-17,回归第一发十连起来就抽到了好评好评😋😋,positive,0.9,,2026-07-19 07:11:10
49649088,1,2026-07-17,接着歪，不建议垫卡池，像我这种攒不住，就只能靠运气，大保底还不继承[表情_喷],negative,0.85,,2026-07-19 07:11:12
49649020,4,2026-07-17,没有之前那么干了感觉,neutral,0.6,,2026-07-19 07:11:13
49648990,5,2026-07-17,融合即时策略战斗与基地建造。精致美术搭配厚重世界观，兼具操作乐趣与策略深度。无论是否接触过前作，都能沉浸式感受废土开拓的独特魅力。,positive,0.9,,2026-07-19 07:11:14
49648978,5,2026-07-17,前期抽奖爆率很高，但后期就不行了,negative,0.6,,2026-07-19 07:11:16
49648893,1,2026-07-17,除了美术很好以外其他都一坨,negative,0.9,,2026-07-19 07:11:17
49648884,1,2026-07-17,基建工业太狗屎了，直接给一,negative,0.9,,2026-07-19 07:11:18
49648779,5,2026-07-17,从头到尾都有教程，可锻炼智力,positive,0.6,,2026-07-19 07:11:19
49648737,1,2026-07-17,真的弱智，这个抽卡机制，我要是不氪点金，不肝个大保底，根本出不了货，小保底次次都歪，怎么玩啊？,negative,0.9,,2026-07-19 07:11:20
49648729,2,2026-07-17,开服就玩到现在直接退游了，我真受不了了，剧情没得喷，但仪器太难弄，还有光拉电线，抽卡抽的我崩溃了，抽卡机制太难弄了，根本抽不到想要的，非要把上版本角色也放在这版本卡池，以为出了，结果是上版本没抽的，换,negative,0.9,,2026-07-19 07:11:22
49648637,2,2026-07-17,福利一般，肝度大，剧情不明固定镜头过多<br />💃🏻立绘建模：<br />不错<br />🧝🏻‍♀️角色人设：<br />不错<br />💰肝氪度：<br />肝度过高，不够休闲<br />🎮可玩性,negative,0.8,,2026-07-19 07:11:23
49648586,4,2026-07-17,《明日方舟：终末地》的立绘建模有亮点也存在不足：<br />优点<br />- 立绘精美且具叙事性：立绘延续系列高水准，更写实、工业感强，细节与氛围营造出色。如佩里卡形象体现了冷峻且充满机能感的风格，,positive,0.7,,2026-07-19 07:11:24
49648433,5,2026-07-17,第一个十连就出红了，卡了,positive,0.9,,2026-07-19 07:11:25
47750130,4,2026-02-07,角色设计挺好的，算是用心，就是基建虽然有点意思但是太费事了,neutral,0.6,,2026-07-19 07:11:27
49646694,2,2026-07-17,说实话，这个游戏我从开服玩到现在。可以说我玩了那么多游戏，这个游戏是我唯一一个玩时玩到血压飙升的游戏。感觉制作人很喜欢在游戏里面加一些他自认为的小巧思，但是这种小巧思很容易出现血压飙升的设计。给我印象,neutral,0.7,,2026-07-19 07:11:28
49648297,5,2026-07-17,除了4号谷地的基建开头会比较麻烦，武陵的跟攻略走，阶段性搞。不算麻烦，而且剧情上也有所改善，但也有那种就是故事背景内容补充需要通过自己搜集的文本资料来填上，不然有时候剧情观感有点差，不过角色建模很不错,positive,0.7,,2026-07-19 07:11:29
49648254,5,2026-07-17,暴率真的很高,positive,0.8,,2026-07-19 07:11:30
49648197,2,2026-07-17,建模可以 战斗手感拉垮 基建太麻烦,negative,0.7,,2026-07-19 07:11:32
47623771,1,2026-01-27,不好玩，生产速度太慢了，不能好好做地图，,negative,0.9,,2026-07-19 07:11:33
49647937,4,2026-07-17,除了，通过主线剧情限制我搞基建之外，其他没什么大问题,positive,0.7,,2026-07-19 07:11:34
49647804,1,2026-07-17,肝了一天了，抽卡池保底还歪了,negative,0.8,,2026-07-19 07:11:35
49647789,1,2026-07-17,这卡池我想给0分,negative,0.9,,2026-07-19 07:11:37
49647721,5,2026-07-17,游戏非常好，福利也多，适合我这种百赖玩家，天天上号收收菜，肝肝剧情,positive,0.9,,2026-07-19 07:11:38
49647720,5,2026-07-17,好玩，一直在持续优化越来越好,positive,0.9,,2026-07-19 07:11:39
49647705,4,2026-07-17,抛开其他不谈，角色建模很有特色,positive,0.6,,2026-07-19 07:11:40
49647613,1,2026-07-17,出货了就骗我写好评是吧，不过最近爆率好高，卡缪十抽出了，李织烟50发出了，这鸟好烧，不写了去录了,positive,0.85,,2026-07-19 07:11:41
49647390,5,2026-07-17,还不错，除了福利有点差,positive,0.6,,2026-07-19 07:11:43
49647379,1,2026-07-17,藏剑谷给我恶心坏了，鹰角，你别做游戏了，做的跟坨狗屎，为了游戏时长，脸都不要，剧情上，主角团跟个傻子一样被别人牵着走故事性也没有走，他妈怪什么的，一路过他妈全过来打人，找个东西都找不好，明明有另一条路,negative,0.95,,2026-07-19 07:11:44
49647309,5,2026-07-17,1.4的剧情帅炸啊[表情_大笑][表情_大笑][表情_大笑][表情_大笑],positive,0.9,,2026-07-19 07:11:45
49647242,5,2026-07-17,充完月卡之后一个免费十连就出现了限定卡池角色ᗜ֊ᗜ,positive,0.9,,2026-07-19 07:11:46
49647194,3,2026-07-17,抽卡抽歪了。,negative,0.6,,2026-07-19 07:11:47
49647136,3,2026-07-17,官方你们是没走过路吗？哦，你们回家的路总是磕磕绊绊，总之蹦蹦跳跳是吧？就没有一点正常的路。,negative,0.85,,2026-07-19 07:11:49
49647018,3,2026-07-17,五十四级玩家来唠一下（因为平时肝原神，所以把终末地当副游玩）<br />我的看法是抛开开服那次大的节奏来看整个游戏雀食是在蒸蒸日上的<br />音画方面这点不用讲，有目共睹<br />剧情方面，在熬过,positive,0.65,,2026-07-19 07:11:50
49646962,5,2026-07-17,公册注册，因机被收，最近才玩,neutral,0.5,,2026-07-19 07:11:51
49646821,4,2026-07-17,角色特别精美，武陵也很好看，就是主线里必须生产息壤才能继续任务,neutral,0.6,,2026-07-19 07:11:52
49646778,5,2026-07-17,我永远爱你终末地,positive,0.95,,2026-07-19 07:11:54
49646761,5,2026-07-17,💃🏻立绘建模：<br />太棒了，特别精致的<br />💰肝氪度：<br />抛开工业系统不谈，还是不太肝的，工业系统也可以用蓝图抄作业。<br />氪金方面我不好说，前几个版本全是大额礼包，小额只有,negative,0.7,,2026-07-19 07:11:55
49646727,4,2026-07-17,嗯，怎么说呢，我个人觉得还是一款不错的游戏，我其实玩这个游戏第一就是冲着角色去的，再者就是基建，终末地的基建其实还是挺有意思的，我真心推荐每一个人去体验一下，你可以一个一个放装置，也可以直接按蓝图放置,positive,0.85,,2026-07-19 07:11:56
49646669,5,2026-07-17,版本体量★★★★★<br />挺喜欢的，更新了非常多内容，主线演出有进步，地图量大管饱。音乐好听，boss设计有美感和冲击力，新角色也挺吸引人的，整体是一个挺不错的版本<br />探索体验★★★★☆<,positive,0.8,,2026-07-19 07:11:57
30016911,3,2022-03-23,抽了6个up，3个大保底，我必将暂时成为鹰黑,negative,0.9,,2026-07-19 07:11:59
49646529,1,2026-07-17,卡池太坑人,negative,0.9,,2026-07-19 07:12:00
47681876,5,2026-02-01,肝，但是现在没多少时间。<br />等优化后回坑。<br />并非充值评价<br />。。。。。。<br />7.17.收到货了，不是五星[表情_酷],neutral,0.6,,2026-07-19 07:12:01
49646001,1,2026-07-16,新地图基建你弄得那么复杂干什么何意味,negative,0.8,,2026-07-19 07:12:03
49645963,5,2026-07-16,我将誓死效忠鹰角网络，四十发出了三个六星<br />鹰角网络神了！,positive,0.95,,2026-07-19 07:12:04
49639194,2,2026-07-16,场景美术不得不说，已经完全算得上国内二游天花板，与鸣潮是两个完全不同的风格，并不好去说哪个更好，哪个更优秀。<br />但确确实实做到了精绝美妙，在精细度这一款，国内二游没有一款能做到。<br />包,negative,0.7,,2026-07-19 07:12:05
49645857,5,2026-07-16,好玩，终末地牛逼,positive,0.9,,2026-07-19 07:12:07
49645836,1,2026-07-16,纯一坨屎 抽卡机制没见过这么恶心的嗯对吃完我大保底然后又在别的池子里歪出来,negative,0.95,,2026-07-19 07:12:08
49645776,4,2026-07-16,💃🏻立绘建模：<br />总的来说立绘跟方舟本家差不多吧，建模跟立绘肯定还是有不小差别的的不过也还行<br />🧝🏻‍♀️角色人设：<br />没有特别能够吸引人的设定，再旅者除了方舟本家玩家谁能懂<,neutral,0.6,,2026-07-19 07:12:09
49645504,5,2026-07-16,无敌了一发十连就出货,positive,0.9,,2026-07-19 07:12:11
49645301,2,2026-07-16,卡池依旧恶心，爆率实在感人，但凡稍微黑一点都崩溃，这游戏除了欧皇和氪佬，其他人没什么好体验。<br />搞了240抽砸给卡缪，出了4个常驻，666牛大了。我大小月卡没断过，难得下个池子给我恶心坏了，鹰,negative,0.95,,2026-07-19 07:12:12
49645289,5,2026-07-16,💃🏻立绘建模：10<br />💰肝氪度：9:1<br />🎮可玩性：9<br />🔖运营服务：7<br />✍🏻建议：图一乐能玩很久,positive,0.7,,2026-07-19 07:12:13
47013613,5,2025-11-25,《全面测试》何意味？<br />2026.7.16<br />玩一辈子终末地 免费十连出李织烟 第二个十连出弭弗 武器池20抽双金,positive,0.9,,2026-07-19 07:12:14
49645139,2,2026-07-16,歪了我4次[表情_大笑]666第5次才出,negative,0.8,,2026-07-19 07:12:15
47006619,4,2025-11-24,作为三测没有资格冲过一波，公测因为大小问题还冲过一波的玩家(我主页留着的帖子骂的很尖锐且确实有情绪化内容)。经过几次版本更迭后，确实能感受到鹰角确实没有在装聋作哑，而是实打实的听进玩家声音了，很多微小,positive,0.75,,2026-07-19 07:12:17
49645084,3,2026-07-16,终末地未必不是下一个听劝神游，yjwl什么时候搞明白好多人玩终末地只是因为1女角色建模好看2游戏内容不像二字游戏，你的标新立异确实有意思，但是你的日常超绝小动画，雷霆卡池机制，没有扫荡，优化差，剧情烂,negative,0.9,,2026-07-19 07:12:18
49644956,1,2026-07-16,💰肝氪度：<br />高<br />🎛️数值合理性：<br />构思,negative,0.8,,2026-07-19 07:12:19
49644909,5,2026-07-16,没什么，今天20出货了,positive,0.9,,2026-07-19 07:12:20
49644885,5,2026-07-16,新版本打完了，很好，感谢制作组,positive,0.9,,2026-07-19 07:12:21
49644884,5,2026-07-16,除了爆率，其他都挺好的,positive,0.7,,2026-07-19 07:12:23
49644854,1,2026-07-16,全世界最难玩的拉电线，差点玩的死在这里,negative,0.9,,2026-07-19 07:12:24
49644849,5,2026-07-16,本人110抽歪了三次，这up卡池有力气，已气晕,negative,0.9,,2026-07-19 07:12:25
49644773,5,2026-07-16,我觉得很好自由后面我不知道呀说什么了总之很好,positive,0.9,,2026-07-19 07:12:26
49644733,1,2026-07-16,我真的不想说什么了每个池子第一个必歪,negative,0.9,,2026-07-19 07:12:28
49644600,5,2026-07-16,玩过的二游蛮多的，反正粥的游戏我从来没有什么强度焦虑，这就导致抽卡就没有那么顾虑了，纯看 XP 抽卡，到目前为止也没有什么刚需第二第三配队的情况。讲真的游戏内资源算是最顶的那一档了，这也才开服半年而已,positive,0.85,,2026-07-19 07:12:29
49644628,1,2026-07-16,太拉胯了游戏，肝那么久才一点点抽数，人家都十抽三十抽出角色还不歪，我上上个一百二十抽大保底出的up角色，现在肝了很久要抽新的角色，七十抽把我上上个肝了好久的角色抽出来了，我是小丑吗，辛辛苦苦肝那么久出,negative,0.95,,2026-07-19 07:12:30
49644598,1,2026-07-16,这游戏就纯恶心人的，3次角色大保底，当我120抽抽出这个角色，他连输歪2个常驻，上个卡尺上上个卡池角色没出，然后到下个版本角色，抽了73发歪了，歪了上个池子大保底拿下的角色，恶心人来的，卸载了玩着真没,negative,0.95,,2026-07-19 07:12:32
49531339,3,2026-07-08,一编五星<br />我感觉挺好玩的 玩了几天就对上电波了.（吃惯了快餐速食二游的不建议入坑哈。最近因卡缪x男管给给这口来拉重新拉电线 说真的开服因为这基建数控机床我还在朋友圈说别玩hhh。没想到现在卡,positive,0.85,,2026-07-19 07:12:33
49644543,5,2026-07-16,总体感觉挺可以的，就是前期挺肝。,positive,0.7,,2026-07-19 07:12:34
49634029,5,2026-07-16,中规中矩吧，电脑端的角色建模和场景细节还是好的，武陵以后肝度适中。我是开服就入坑的，但由于我确实是对基建没啥兴趣，所以游戏时长并不多（，每期通行证都续了。然后抽卡方面，虽然看起来是不咋地，但是我个人体,positive,0.7,,2026-07-19 07:12:36
49644532,5,2026-07-16,神作无需多言。,positive,0.95,,2026-07-19 07:12:37
49644461,5,2026-07-16,不客观评价<br />因为这次30抽出了up还有上个up<br />鹰角精的很，我一出金，它就弹出这个来<br />就是上次庄方宜卡池大保底了,positive,0.6,,2026-07-19 07:12:38
49644456,4,2026-07-16,除了那个跳跃有点死人以外，和交互有点，其他都还好，希望早点优化吧,neutral,0.65,,2026-07-19 07:12:40
49644333,1,2026-07-16,主线这引导拉完了，加上绑一手基建，真给我玩力竭了。一个箱庭游戏地图怎么能设计的如此反人类，武器突破材料找半天还得去看攻略，工单反馈无数次，怎么就是听不见,negative,0.85,,2026-07-19 07:12:41
49642641,5,2026-07-16,我说白了，很多人就没认真玩跟风差评，纯纯喂不饱的狼，120抽稳稳拿下01角色，别的游戏根本根本做不到，除非扯淡说自己是欧皇，那这种人的欧那也是建立在别人的痛苦之上的，别人都替你歪完了，但是zmd只要你,positive,0.85,,2026-07-19 07:12:42
49644261,5,2026-07-16,世界观的设定非常神秘有趣,positive,0.8,,2026-07-19 07:12:43
49644166,1,2026-07-16,四个池子了，这个爆率让我绝望 今天一天充了 800 左右，没抽出来，商城礼包，通行证，月卡，能买的都买了，就是不给出，卡缪的池子也是这个鬼样子，人物没出，武器没出，你要快速回资金你就回吧，我真的气的肝,negative,0.95,,2026-07-19 07:12:44
49644133,1,2026-07-16,垃圾爆率怎么抽保底,negative,0.9,,2026-07-19 07:12:46
49644105,2,2026-07-16,无聊的好游戏，前两周非常沉迷，非常好玩，但是如果你所有的剧情主线基建任务全部做完，你会发现，这个游戏什么都没有了，没有可以长期游玩的项目，后期只有无尽的无聊，日复一日的日常  ，产能跟不上，池子毒的就,negative,0.85,,2026-07-19 07:12:47
49644045,1,2026-07-16,明日方舟异拉入坑，新能退坑，主要内容没有可玩性，肉鸽萨卡兹n18五结局过了一次，水月真恶心<br />终末地开服入坑玩了两天没出谷底吃不动了，剧情跑路又臭又长，战斗逻辑不明，技能释放时机几乎没有差异（,negative,0.95,,2026-07-19 07:12:48
49643961,4,2026-07-16,官方云游戏上了吗,neutral,0.5,,2026-07-19 07:12:49
49643922,4,2026-07-16,我很喜欢，有时候抽卡很非，但是我喜欢剧情。我觉得舟的剧情一直做的很好，即使是反派也有自己独特的魅力。希望卡池可以降井（）,positive,0.7,,2026-07-19 07:12:50
49643911,5,2026-07-16,特别好，上一波卡缪吃满大保底，这波直接一个10连,positive,0.85,,2026-07-19 07:12:51
49643898,5,2026-07-16,你永远可以相信鹰角网络，终末地牛逼,positive,0.9,,2026-07-19 07:12:53
49643691,5,2026-07-16,还行，就是卡池容易歪,negative,0.6,,2026-07-19 07:12:54
49643670,1,2026-07-16,一点都不好，我要的是是卡繆！,negative,0.9,,2026-07-19 07:12:55
49643578,5,2026-07-16,从开局到现在都是大保底 ，已经无奈了,negative,0.85,,2026-07-19 07:12:56
49643382,2,2026-07-16,首先，我的账号已经50级往上了，有01莱万汀和卡缪，明日方舟77级博士。我也很喜欢明日方舟这款游戏，但是终末地玩起来太折磨了。虽然人物设计很精细，地图也做得很漂亮，但是基建和拉电线这一点，虽然这是游戏,negative,0.95,,2026-07-19 07:12:58
49643361,5,2026-07-16,666吓哭了,negative,0.8,,2026-07-19 07:12:59
49643342,5,2026-07-16,弹窗了，目前体验不错[表情_开心],positive,0.9,,2026-07-19 07:13:00
49643324,5,2026-07-16,还是比较有意思的，游戏适合长期慢慢玩[表情_斜眼笑],positive,0.8,,2026-07-19 07:13:01
49643314,4,2026-07-16,一点点问肝,negative,0.6,,2026-07-19 07:13:02
49609771,1,2026-07-14,抽卡概率恶心,negative,0.9,,2026-07-19 07:13:03
49643254,1,2026-07-16,59级，开服玩的吧，陆陆续续回坑退坑，抽卡体验极差，非要120抽才出up，119抽都出不来，小保底是必歪的，提前金是没有的，送的十连，算了，三十抽送的十连没什么好说的，想要up，内容肝完了，还有几十抽,negative,0.9,,2026-07-19 07:13:04
49643203,5,2026-07-16,240抽，被决榨干了，但只有二命，只能说这波冲动了,negative,0.8,,2026-07-19 07:13:06
49643158,5,2026-07-16,好玩，连金很舒服,positive,0.9,,2026-07-19 07:13:07
47618094,2,2026-01-27,你游的基建越来越逆天了，不考虑简化下吗，这才开服半年，抄作业都麻烦的一批，抽完新角色还要强行打完主线搞完基建才能造新装备，这已经劝退多少人了，我都不敢想一年两年后是什么样子,negative,0.85,,2026-07-19 07:13:08
49642878,5,2026-07-16,怎么说呢，个人感觉还可以。<br />基建这个属于是见仁见智，毕竟不是主流玩法，喜欢的人很喜欢，讨厌的人很讨厌。<br />角色的话，塑造得不是特别好，有瑕疵，也相当于变相说了剧情，剧情有待提升。至于,positive,0.65,,2026-07-19 07:13:10
49642772,2,2026-07-16,什么都好，就是肝，玩终末地不是来体验游戏的，是来献祭肾的,negative,0.85,,2026-07-19 07:13:11
49258362,5,2026-06-27,😭1.4一边过剧情一边舔图玩了一天还有很多内容，好充实好满足，特别喜欢新的解密小机关。李织烟的剧情很细腻看得掉小珍珠了，还以为是自己泪点低，战战兢兢地看了下社区对那段也有很多好评，也是放心了😌<br ,positive,0.9,,2026-07-19 07:13:12
49642536,1,2026-07-16,网上找蓝图都给我看力竭了，纯折磨。,negative,0.9,,2026-07-19 07:13:14
49642521,5,2026-07-16,通行证+月卡全图鉴全限定0+1,positive,0.9,,2026-07-19 07:13:15
49642468,3,2026-07-16,游戏内容（探索，解谜，以及基建玩法都不错）是够的，难度区分也差不多，画面音乐剧情都不错，但是，这是二游，二游的神人卡池确实是给我搞的心态炸了，退游完全只有一个原因：卡池。不要说没有耐心或者没钱什么的，,negative,0.85,,2026-07-19 07:13:16
49642356,3,2026-07-16,这玩意我决连续歪了三次直接退了，一只都没有，终末地你觉得你资源多是吗，还是那句话，角色出那么多真以为自己和本体一样可以搓玉是吗，大保底不继承你疯了吧，新人推荐入，资源多，反正我六十级开服玩家退了，不够,negative,0.95,,2026-07-19 07:13:18
49642388,5,2026-07-16,太良心了，刚回归就出了决，还是送的源石抽出来的，哈哈哈哈哈哈哈哈,positive,0.9,,2026-07-19 07:13:19
49642364,1,2026-07-16,沙坝游戏更新完直接游戏没了重新下载,negative,0.9,,2026-07-19 07:13:20
49642307,4,2026-07-16,福利太少啦，就这一个想说的点，还有卡池我太非了。,negative,0.8,,2026-07-19 07:13:21
49642272,4,2026-07-16,从内测就开始完了，建模是真不错，玩起来很舒适,positive,0.85,,2026-07-19 07:13:22
49642241,5,2026-07-16,💃🏻立绘建模：<br />兽性大发，面红耳赤，撕心裂肺，不可置信，紧张刺激,positive,0.85,,2026-07-19 07:13:24
49642230,2,2026-07-16,画面演出越来越好，剧情越来越狗屎，逐渐回归到四号谷地的水平，就仿佛这群编剧喜欢露出一些奇奇怪怪的独特癖好一样，剧情节奏一坨，又臭又长，主线塞一大堆小怪，开大打浪费不开大打又费劲的一批，怪还站的那么散，,negative,0.9,,2026-07-19 07:13:25
49642174,3,2026-07-16,开服玩家 除了美术没什么好玩的。,negative,0.8,,2026-07-19 07:13:26
49642084,5,2026-07-16,好玩爱玩十抽就出[表情_开心],positive,0.9,,2026-07-19 07:13:27
48628856,4,2026-05-08,肝不动，内存大，依旧叠命抽卡，拉电线，受得了入坑，我先跑了,negative,0.9,,2026-07-19 07:13:28
49642003,5,2026-07-16,爽，一发十连就出决！,positive,0.9,,2026-07-19 07:13:30
49641970,4,2026-07-16,高考完后开始正式玩，前期累，被普池坑的够呛，每期up池还好能捞到当期，新版本体验提升较大，80抽两诀李织烟超好用，你游写实风场景氛围感夯爆了，综合一下先给个四星（三年粥批，仅代表个人观点）,positive,0.8,,2026-07-19 07:13:31
49641962,5,2026-07-16,那说啥了😋,neutral,0.5,,2026-07-19 07:13:32
49641948,5,2026-07-16,第一次玩二游这么欧，爱了,positive,0.9,,2026-07-19 07:13:33
49641725,5,2026-07-16,剧情非常好。,positive,0.9,,2026-07-19 07:13:34
49641518,1,2026-07-16,我相信我这个等级和入坑时间很有发言权了，总体一句评价：如果你入坑了明日方舟就最好别玩<br />1.粪怪恶心（就算是人物以及队伍拉满被怪碰一下半血就没，部分怪的技能没有逻辑！）<br />2.策划设计,negative,0.95,,2026-07-19 07:13:36
48407305,3,2026-04-19,先说优点，箱庭加基建玩法是二游里独一份，不是公式化那么无聊，然后是抽卡资源不抽新角色和高潜能都能拿满，没有所谓深渊去卖卡，配音优秀，剧情谷地可以说是一坨，不过到了武陵大体还看的下去，偶尔会有出彩的地方,negative,0.9,,2026-07-19 07:13:37
49641410,5,2026-07-16,你们怎么知道我40抽出诀,positive,0.9,,2026-07-19 07:13:38
49641235,5,2026-07-16,这太牛逼了，除了庄方怡就没歪过，每次抽都是50抽以内拿下限定,positive,0.9,,2026-07-19 07:13:39
49637257,1,2026-07-16,对我而言作为一个非酋，玩游戏就是上班的人来说，一星拿好，很简单一个道理，你游出多少次UP池子我就吃了多少个大保底，吃完大保底之后这一整个版本尼做的再好对我来讲都是黯淡无光的。,negative,0.9,,2026-07-19 07:13:40
49641143,3,2026-07-16,剧情其实很不错，但是感觉放在“管理员”给我的割裂感好重，太违和了，那么有秩序感掌控感的人物设定，实际表现却和其他游戏一样一直在干一些通马桶的事。,negative,0.7,,2026-07-19 07:13:41
49641135,5,2026-07-16,噢耶出货啦,positive,0.9,,2026-07-19 07:13:43
49641120,5,2026-07-16,前期有点肝，后期体验感很棒！！,positive,0.8,,2026-07-19 07:13:44
49641113,5,2026-07-16,终末地牛逼,positive,0.9,,2026-07-19 07:13:45
49641103,1,2026-07-16,玩游戏基本不评价，但这个垃圾游戏卡池是真tmd恶心，tmd，能连着歪几次的卡池是人能想出来的？氪金当喂狗了，艹,negative,0.95,,2026-07-19 07:13:46
49641094,5,2026-07-16,还行，十连up都给了，那五星该你吃。,negative,0.6,,2026-07-19 07:13:48
49641039,5,2026-07-16,挺好的一直在听玩家意见,positive,0.8,,2026-07-19 07:13:49
49640993,5,2026-07-16,这个角色爆率非常高，建议去玩,positive,0.9,,2026-07-19 07:13:50
49640985,2,2026-07-16,你以为角色提前出来就是好事吗？好事个屁你。你想抽武器，你还得继续去抽角色池非的一批。武器非一批。    可以说是次次大保底。为什么？因为你就算再欧，你还是得继续抽武器池。你需要武器，那你就还得继续抽角,negative,0.9,,2026-07-19 07:13:51
49640977,5,2026-07-16,这游戏的地编和美术真的能自称一档了,positive,0.85,,2026-07-19 07:13:53
49640956,5,2026-07-16,早就料到评论区会情绪化了，打差评的基本都是没抽到或者抽歪的破防人，我也不捂嘴不洗地，差评随便打，我就只是说句实话而已，希望你们评论的时候别忘了社区的评价规则，就在写评论时的右上角😉,positive,0.6,,2026-07-19 07:13:54
49640866,2,2026-07-16,地图你是真会做啊？这么喜欢搞人心态是不是？,negative,0.9,,2026-07-19 07:13:55
49640839,1,2026-07-16,🌿你冯福，武器池你冯依山尽了,negative,0.9,,2026-07-19 07:13:56
49640765,1,2026-07-16,靠靠靠，一直给我吃大保底,negative,0.85,,2026-07-19 07:13:57
49640756,1,2026-07-16,产能不行，其他都行,neutral,0.6,,2026-07-19 07:13:59
49640748,5,2026-07-16,孩子们我是舟卫兵，所以评满分没问题吧[表情_斜眼笑]<br />玩个游戏被弹出的评价弹窗拉过来了就勉为其难给个满分咯,positive,0.9,,2026-07-19 07:14:00
47011311,1,2025-11-24,1.4一坨，我就玩了个刚开始。**地图，动不动掉下去动不动掉下去，这么喜欢挖坑，那么告辞。也别说我是黑。玩了很久了，真被这一个地图给恶心了。,negative,0.9,,2026-07-19 07:14:01
48398221,5,2026-04-18,感觉新版本跳过谷地这道屏障，要出来一堆妖魔鬼怪了[表情_捂脸哭],negative,0.6,,2026-07-19 07:14:02
49640502,2,2026-07-16,😅鹰角到底要干嘛？之前就因为老是歪退游，特别是抽庄方宜的时候又歪又没有提前出，基本每次都是保底吃满，真的是气笑了。😅本来今天刷到诀的ep很有感觉，刚好云终末地也上了，结果上线怒抽70抽出个小羊是怕我玩,negative,0.95,,2026-07-19 07:14:03
49640498,3,2026-07-16,一星扣在剧情明明我打的怪成庄方宜大c了，一星扣在演出人物多少有点僵硬，别的满分,positive,0.7,,2026-07-19 07:14:05
49640483,4,2026-07-16,能不能优化一下游戏体验,neutral,0.5,,2026-07-19 07:14:06
49640468,5,2026-07-16,还行吧 就是有点肝,neutral,0.6,,2026-07-19 07:14:07
49640252,5,2026-07-16,个人认为终末地是一款比较肝的游戏，我是零氪玩家，事先说明：我没玩过明日方舟，也不玩乙游，玩过其他的箱庭<br />终末地是朋友推荐我玩的，我也算是个开服玩家，支撑我玩下去的是洁尔佩塔，黎风，骏卫<br,positive,0.85,,2026-07-19 07:14:08
49640125,5,2026-07-16,我宣布，终末地是最好玩的游戏[表情_开心],positive,0.95,,2026-07-19 07:14:10
49639799,4,2026-07-16,期待更多风格迥异的男性角色,neutral,0.6,,2026-07-19 07:14:11
49639730,5,2026-07-16,不说啥了，我生气了，给个5星差评,negative,0.9,,2026-07-19 07:14:12
49639700,5,2026-07-16,几乎是从开服到现在的，一路下来可以看到官方的诚意与笃行,positive,0.85,,2026-07-19 07:14:13
49639696,5,2026-07-16,你小汁[表情_尬笑][表情_尬笑]好评赏你了,positive,0.9,,2026-07-19 07:14:15
49639688,5,2026-07-16,30发出新角色,positive,0.6,,2026-07-19 07:14:16
49639639,5,2026-07-16,pc上玩的，今天打开tap才发现评分这么低，遂来评一下。正常我打分会打四颗星，但是因为现在分好低所以还是打了5颗星。<br />箱庭是对的呀，箱庭好幸福，只要一条路一直走就一定能找到宝箱，不看攻略自己,positive,0.85,,2026-07-19 07:14:17
49639633,4,2026-07-16,有点太肝了,negative,0.6,,2026-07-19 07:14:18
49639532,4,2026-07-16,一开始因为基建玩法不习惯，退游了。后面因为有喜欢的角色又回来，沉下心来体验一阵子，从渐渐习惯基建玩法到从中体会到乐趣，现在已经彻底迷上基建了。<br />立绘建模⭐⭐⭐⭐⭐<br />角色人设：⭐⭐⭐,positive,0.85,,2026-07-19 07:14:19
49639457,1,2026-07-16,喜欢我tap更新50G后本体再更新50G的神秘游戏吗,negative,0.9,,2026-07-19 07:14:20
47977695,1,2026-03-02,11个歪10个，你告诉我概率正常？,negative,0.95,,2026-07-19 07:14:22
47936146,1,2026-02-25,三个120天井，你还希望让我去把我好友拉回来玩你？给你个一星都是对你宽大处理了,negative,0.95,,2026-07-19 07:14:23
49639214,2,2026-07-16,虽然存在个人因素。但还是得讲，总体玩下来非常累。同一家游戏就是这样。我感觉歪的概率太高了。被困死在1.1版本。因为之后的全都抽不到，也就只能抽到物理干员。1.1版本以后武器池只中过一次。有种莫名感觉被,negative,0.85,,2026-07-19 07:14:24
49639187,5,2026-07-16,基建很好玩,positive,0.8,,2026-07-19 07:14:25
49639159,5,2026-07-16,可以，好游戏，算我第一个认真玩 的探索类吧，作为开服元老的话，开始由于我手机太姥爷都没法登进去，后面虽然说想过放弃，但由于游戏的新奇性和剧情、二创硬生生把我拉回来，后面就一直用tap tap云玩，愣是,positive,0.85,,2026-07-19 07:14:26
47033119,1,2025-11-27,这东西没前四个字你什么都没有<br />终末地牛福，tmd下一个池子大保底一个池子，小保底全歪常驻，你太nb辣！,negative,0.9,,2026-07-19 07:14:28
47716809,3,2026-02-05,不看抽卡，只看玩法，真的推荐最好玩的新二游，但是孩子们不能只看玩法呀，作为开服老玩家，180小时，地图全肝，但是小保底没有一次没中过，次次，120抽，真的没有信心玩下去了，你想象一下，地图全肝，所有活,negative,0.85,,2026-07-19 07:14:29
49638864,5,2026-07-16,自我感觉体验良好，非常建议玩,positive,0.9,,2026-07-19 07:14:30
49638738,3,2026-07-16,要不是武器想要挽留我一手我已经退坑了，我真是没招了Up池从最开始的杰哥到粉色奶龙没有一个我是少于60抽也就《运气好》73抽出了粉色奶龙没歪剩下该吃的都吃满了，你问我新的up角色怎么最后30多就出了？拜,negative,0.85,,2026-07-19 07:14:31
48400963,5,2026-04-18,太好玩了，福利也不错，不过我的运气真的很奇怪耶，每个角色池，要么就是10发出，要么就是大保底，还是轮流的,positive,0.8,,2026-07-19 07:14:32
49638359,4,2026-07-16,这会儿很爽，我再观摩观摩,positive,0.8,,2026-07-19 07:14:33
49638339,5,2026-07-16,刚回游30抽出诀,positive,0.6,,2026-07-19 07:14:34
49638201,1,2026-07-16,19年玩的方舟，这玩意简单说风景和干员欣赏模拟器，好看就完事了<br />你说玩法？要好看有风景，要玩法有风景<br />2026年有没有创新玩法？有的兄弟有的<br />上有小猫快跑，下有按住鼠标左,negative,0.9,,2026-07-19 07:14:36
49638061,5,2026-07-16,🧝🏻‍♀️角色人设：<br />非常好<br />💃🏻立绘建模：<br />非常好,positive,0.9,,2026-07-19 07:14:37
48599287,2,2026-05-05,卡池下毒了吧，怎么一直歪😭,negative,0.85,,2026-07-19 07:14:38
49638016,5,2026-07-16,工业老好玩了。,positive,0.9,,2026-07-19 07:14:40
49637948,5,2026-07-16,就算海洋沸腾、大气也不复存在，卫星接连坠入重力的漩涡，就算我们的太阳凶恶地膨胀，无情地吃掉它的孩子直至万籁俱寂……<br />我们也一样能再见面。<br />在那用黑暗与星点光芒装饰过的文明尽头，我们,positive,0.9,,2026-07-19 07:14:41
49637923,1,2026-07-16,垃圾游戏，剧情又长又臭，一直重复，消耗时间，抽卡机制更是惊为天人,negative,0.95,,2026-07-19 07:14:42
49637906,3,2026-07-16,能设计出跟米池一样噁心的卡池武器池，设计师肯定觉得自己是个大聪明👍🏻,negative,0.9,,2026-07-19 07:14:43
49637671,5,2026-07-16,建模好看，小庄好看[表情_开心],positive,0.9,,2026-07-19 07:14:44
49637665,4,2026-07-16,如果能跳过谷底，那我两个号辛辛苦苦过剧情算什么😅,negative,0.9,,2026-07-19 07:14:45
49637541,5,2026-07-16,非常好终末地👍👍👍30抽出诀使我旋转,positive,0.9,,2026-07-19 07:14:47
47553134,4,2026-01-22,优化的可以了,positive,0.6,,2026-07-19 07:14:48
49591062,1,2026-07-12,这个游戏就是很垃圾我骗我回去你啥也抽不到。如果不是软件，只能一星评价，我现在给他零颗星了<br />我的评价，纯主观评价为：不如玩原神。<br />客观评价：老三样，玩过了原神就知道了，而且鹰角不知道,negative,0.95,,2026-07-19 07:14:49
49590249,2,2026-07-12,为了卡缪入坑的现在玩的好绝望 玩到现在感觉这游戏主要是基建为主 在游戏里一直奔波<br />又因为我是那种什么都喜欢跳过的 所以我几乎干啥都再要去搜一下教程 真的好绝望当时造炸弹的剧情没过 后来又去补,negative,0.85,,2026-07-19 07:14:51
49637300,3,2026-07-16,太黑了，第1个up200抽出的。这是我玩的所有二游中最黑的一个。本来还挺喜欢的，这个建模，然后把把吃保底了后，实在是没心情玩了。,negative,0.9,,2026-07-19 07:14:52
49637239,1,2026-07-16,很喜欢一个大部分时间长草，还没有保底的游戏,negative,0.85,,2026-07-19 07:14:53
49637216,5,2026-07-16,地图很好看啊，美术很好,positive,0.9,,2026-07-19 07:14:54
49637194,4,2026-07-16,给阿达希尔一个好结局，新剧情好难受，小蛇幸福好吗,positive,0.6,,2026-07-19 07:14:55
49637165,5,2026-07-16,上个卡池我已经非到想卸载了，结果这个卡池又有点欧了,neutral,0.6,,2026-07-19 07:14:56
49637042,2,2026-07-16,为什么新版本更新之后把拍照给砍了吗？最高画质拉近之后直接变糊？？？暗改？？？？真不想玩了,negative,0.9,,2026-07-19 07:14:58
49637039,1,2026-07-16,我已经退坑很久没玩了，抽完庄方宜就没玩了给我打骚扰电话算什么，还要卡午休时间😓,negative,0.9,,2026-07-19 07:14:59
49637022,1,2026-07-16,又保底，多少钱够你保底吃的,negative,0.9,,2026-07-19 07:15:00
47556711,1,2026-01-23,这个世界除了大保底，已经没有别的能吃的了吗？<br />歪的离谱🙃，次次吃大保底，我或许真不适合玩这个游戏,negative,0.9,,2026-07-19 07:15:01
49636934,3,2026-07-16,没招了，这个游戏我真服了，连着歪！！！上个保底出了个六星就算了吧，还歪了，这次又保底出的，又歪了，终末地你疯了吧？！！连着歪两次算什么事啊！！！给非到极致的人一条活路吧！我求你了！！！我在角色池抽的啊,negative,0.9,,2026-07-19 07:15:03
49636908,5,2026-07-16,真的是太好玩了😭😭😭虽然是开服的时候因为阿达希尔入坑的，但是基建真的太好玩了（玩了几下就把阿达希尔忘了吧。），😭😭😭因为上学所以前面几个月没怎么玩，但是寒假和暑假都是一直在玩啊 这个角色养成还是太轻松,positive,0.85,,2026-07-19 07:15:04
47536789,1,2026-01-22,剧情低智且莫名其妙,negative,0.8,,2026-07-19 07:15:06
48939462,4,2026-06-05,个人明日方舟102级中登推荐，如果是奔着明日方舟这个IP来玩的，可以继续玩下去，如果不是就是奔着玩二游的，还是算了吧，刚出的那段时期，说送几十抽，结果有一半以上都是普池的，然后玉实在不够用，有人抽的倾,negative,0.85,,2026-07-19 07:15:07
49636868,4,2026-07-16,"挺不错的,福利打斗都很舒服,[表情_开心][表情_开心]",positive,0.9,,2026-07-19 07:15:08
49636865,4,2026-07-16,优化的很到位，这次也没歪，现在就差个可重复玩法了,positive,0.7,,2026-07-19 07:15:09
49636836,5,2026-07-16,多的不说，吃了三次保底也该欧了😈,negative,0.8,,2026-07-19 07:15:11
49636835,1,2026-07-16,能不能把武器池改了？抽出来的常驻六星武器能分解兑换专武，实在不行分解成1000配额也行啊，你这让我们氪佬当冤种？就你这个脑瘫池子低血压都给气成高血压了，480抽，保底给了4个，池子里抽出来一个，你们自,negative,0.95,,2026-07-19 07:15:12
49636791,1,2026-07-16,福利不行，石头不够用，抽奖概率还低的要死,negative,0.85,,2026-07-19 07:15:13
49636709,1,2026-07-16,妈的，嵌晶玉给的少的要死越玩越累，跟那打工一样。,negative,0.9,,2026-07-19 07:15:15
49636657,5,2026-07-16,终末地牛逼,positive,0.9,,2026-07-19 07:15:16
49636574,5,2026-07-16,高考前一直挂的代练<br />现在终于有时间玩了<br />开荒爽 拉电线爽😋,positive,0.9,,2026-07-19 07:15:17
49636534,5,2026-07-16,非常的好，非常好，多给点福利,positive,0.8,,2026-07-19 07:15:18
49636486,4,2026-07-16,还可以 玩法挺新颖 前期有点坐牢,positive,0.6,,2026-07-19 07:15:19
49636478,5,2026-07-16,太好玩了爆率真的很高,positive,0.9,,2026-07-19 07:15:20
49636449,5,2026-07-16,人物建模  立绘  剧情  人物设定还有福利爆率都很好,positive,0.9,,2026-07-19 07:15:21
49636295,5,2026-07-16,没办法了，必须给10分了！,positive,0.9,,2026-07-19 07:15:22
49636258,5,2026-07-16,nb60抽拿下李织烟,positive,0.6,,2026-07-19 07:15:23
49636255,3,2026-07-16,除了抽卡其他的没有能挑的地方,positive,0.7,,2026-07-19 07:15:25
49636174,5,2026-07-16,人物这块设计的挺不错的,positive,0.9,,2026-07-19 07:15:26
49636078,4,2026-07-16,总体我个人觉得还可以，画面建模很优秀，哪怕手机上看着也不逊色，基建的话，感觉各种前置太麻烦了，这次回坑玩了一下，原本准备先过过主线，然后到白垩那打不过了，看了下装备还没凑齐，就准备去做装备。<br /,positive,0.7,,2026-07-19 07:15:27
49091819,3,2026-06-20,明日方舟终末地有个我个人觉得很不好的设定，就是他的蓝图分享码能过期，有一些蓝图基建你去搜发现根本用不了🙃（我已急哭）,negative,0.8,,2026-07-19 07:15:28
49635953,5,2026-07-16,什么时候能出大哥,neutral,0.5,,2026-07-19 07:15:29
47816511,2,2026-02-13,打差评的先别管你那大保底了，这1.4新主线给我干得头晕眼花的，两个多小时都没做完。图跑着跑着就强制你走，强制你看，敌袭和解密更可谓是五步一楼，十步一阁，打怪连数量进度都没有，就搁那硬打，保护个枢壤仪竟,negative,0.95,,2026-07-19 07:15:30
49635803,5,2026-07-16,美术风格太顶级了，立绘建模精致，配音的话初听有一点点尴尬，听多了也就顺耳了。<br />升级我觉得还挺快的，现在我是44级。<br />打不过怪的话一定要先培养培养角色，不过我目前正常玩没有打不过怪的,positive,0.9,,2026-07-19 07:15:31
49635759,2,2026-07-16,建模，立绘没毛，地图差点意思，优化运营有些问题，问题最大的是抽卡系统给0分，连续3次120给我整破防了,negative,0.9,,2026-07-19 07:15:33
49635103,2,2026-07-16,整体中规中矩，但抽卡体验极其糟糕，井池还福利差就注定歪了就是一版本用不上新的角色，运气差两版本下来队伍才会换一下，基建玩法不上不下，常驻收益绑定日常，玩久了食之无味弃之可惜,negative,0.8,,2026-07-19 07:15:34
49635733,5,2026-07-16,本家开服玩家，终末地也是开服玩家<br />首先我个人比较喜欢基建这种玩法，是比较吃这一套的，而且传统大世界游戏我也玩过，比较之下，我觉得基建➕箱庭这套模式还是算可以的。<br />然后说一下这个游戏,positive,0.7,,2026-07-19 07:15:35
49635707,5,2026-07-16,回坑的，直达武陵挺好的,positive,0.7,,2026-07-19 07:15:36
49635684,1,2026-07-16,要塑造反派就不能塑造的强一点吗？聂菲斯开服第几个版本就死，阿达希哥尔纯舔狗啊<br />现在新版本直接被抓了是什么阴，没见过谁家反派这么菜的，赶紧改邪归正当干员吧别祸害反派了,negative,0.85,,2026-07-19 07:15:37
47026158,1,2025-11-26,终末地是我玩过最恶心的抽卡游戏没有之一😅😅,negative,0.95,,2026-07-19 07:15:39
48887176,1,2026-05-30,卡池机制恶心（目前角色3次大保底，武器三次大保底[表情_吐][表情_吐][表情_吐]）<br />基建差点意思<br />美术建模业内一梯队<br />战斗一般，技力条的设定就很难爽起来<br />剧,negative,0.85,,2026-07-19 07:15:40
49635426,5,2026-07-16,20抽就出李织烟🙂,positive,0.9,,2026-07-19 07:15:41
49635364,3,2026-07-16,出货了，继续努力，下个版本还出就继续加分,positive,0.8,,2026-07-19 07:15:42
48116147,1,2026-03-19,看来5.9评分还是给高了,negative,0.9,,2026-07-19 07:15:44
49635099,4,2026-07-16,运气终于好了一次,positive,0.6,,2026-07-19 07:15:45
49635090,1,2026-07-16,稍后尝试两次，只能说玩法挺无聊的，且游戏画面阴暗，人物脸像三次元头壳，服装设计幽默，背影看起来很糟糕，战斗体验很一般。<br />不知道为啥能小火，换别的小厂可能已经快查无此游了，比如某二重。所以可能,negative,0.9,,2026-07-19 07:15:46
49634960,2,2026-07-16,我是因为卡缪来的结果一上线发现只剩五小时了。怒干三十抽没出，希望能早点复刻吧。。。好复杂东西太多了，人家原神好歹是多余的玩法，你这过个剧情还不弄不行，花花绿绿一堆东西没经验的全被吓跑了好吧。。。多的那,negative,0.85,,2026-07-19 07:15:48
49634849,5,2026-07-16,10抽出了我还说啥，给你了兄弟,positive,0.9,,2026-07-19 07:15:49
49634844,5,2026-07-16,爽，不歪了,positive,0.9,,2026-07-19 07:15:50
49634668,1,2026-07-16,每次云完都要重新登录，就很麻烦,negative,0.6,,2026-07-19 07:15:51
49634523,1,2026-07-16,。剧情太长太无聊。,negative,0.8,,2026-07-19 07:15:52
49634394,5,2026-07-16,开局很顺利，经营到后期也很爽,positive,0.9,,2026-07-19 07:15:53
49634392,1,2026-07-16,角色池设计的垃圾不说了，武器池比角色池还毒，角色次次是大保底的，如果不玩卡池那个机制的话，你就别想了，你就压根拿不到角色，每一个版本抽60抽下一个版本赌小保底，小保底不出，再抽60抽就是大保底，卡池只,negative,0.95,,2026-07-19 07:15:54
49634342,4,2026-07-16,李织烟终于不是保底出了[表情_泪目][表情_泪目][表情_泪目]这是这么多寻访唯一一次，唯一呀[表情_泪目][表情_泪目][表情_泪目],positive,0.85,,2026-07-19 07:15:56
49634313,5,2026-07-16,新版本好炫酷啊,positive,0.9,,2026-07-19 07:15:57
49634201,5,2026-07-16,十抽结束战斗，我要玩一辈子终末地,positive,0.9,,2026-07-19 07:15:58
49634119,5,2026-07-16,美食太好吃了。,positive,0.9,,2026-07-19 07:15:59
49633894,2,2026-07-16,200就出了一个up应交还我血汗钱,negative,0.9,,2026-07-19 07:16:01
49633870,5,2026-07-16,好评给你了，下次多来点[表情_开心][表情_开心],positive,0.9,,2026-07-19 07:16:02
36054357,1,2023-05-21,哥们赶紧关服吧，抽卡必吞120保底必是歪的，回回搞这种东西谁能玩下去你这游戏，本家池子我都全限定还能攒26w玉，有感觉吗攒了两个版本的玉不如一个池子歪一次啊😜，开服玩家玩到现在号都不想上了，再见了终小,negative,0.95,,2026-07-19 07:16:03
47486431,5,2026-01-17,期待游戏玩法新颖，虽然上手难，但只要过了新手期，会很舒服的，剧情难度不高，基本练几个角色就能打，想玩高难也有危机合约，总而言之终末地是个值得推荐的好游戏,positive,0.85,,2026-07-19 07:16:05
49633796,5,2026-07-16,十连双虹，taptap我给你满分,positive,0.9,,2026-07-19 07:16:06
49633758,5,2026-07-16,良心鹰角，一直优化游戏体验[表情_加油],positive,0.9,,2026-07-19 07:16:07
49633751,5,2026-07-16,把前期打过了会发现这个游戏真的很好玩,positive,0.85,,2026-07-19 07:16:08
48412106,1,2026-04-19,活动少，日常资源少，大地图蚊子腿奖励，卡池毒，抽卡又贵还大保底不继承，剧情谜语人，垃圾游戏祝爆死<br />2026-7-16 垃圾抽卡游戏，玩尼玛,negative,0.95,,2026-07-19 07:16:10
49633651,5,2026-07-16,没歪，那这个版本给到夯,positive,0.6,,2026-07-19 07:16:11
49633610,4,2026-07-16,我是七月初被卡缪拉入坑拉电线的女玩家，刚刚玩了十天左右，也是第一次玩鹰角的游戏，提前叠个甲，我并不玩lysk，我来玩这个游戏也单纯是因为卡缪非常戳我xp，之前也玩过崩铁，原神，1999，战双这些二游，,positive,0.85,,2026-07-19 07:16:13
49633572,1,2026-07-16,简笔游戏，必歪必保底，垃圾快点关服吧,negative,0.95,,2026-07-19 07:16:14
49633570,5,2026-07-16,好玩！哇！爆率真的很高，二十抽限定up决直接拿下，我要玩一辈子终末地,positive,0.95,,2026-07-19 07:16:15
49633558,2,2026-07-16,你终末地卡池是杀熟吗？从公测到现在每天都登录保持活跃度，大小月卡没断过，每个活动都是完成的，卡池太搞心态了。角色池一共就那么几个角色，120抽大保底两个了，其他都是七八十抽才出，武器池三个武器大保底，,negative,0.9,,2026-07-19 07:16:16
49633554,1,2026-07-16,次次大保底，次次小保底歪，恶心不恶心,negative,0.9,,2026-07-19 07:16:17
49633526,4,2026-07-16,可以的，很好玩，箱庭感觉比大世界差了点意思，但还是很好玩[表情_微笑],positive,0.8,,2026-07-19 07:16:18
49633499,5,2026-07-16,游戏爆率真的很高😍,positive,0.9,,2026-07-19 07:16:20
49633442,5,2026-07-16,为啥玩了两三百小时，tap上就显83小时,neutral,0.5,,2026-07-19 07:16:21
49633458,5,2026-07-16,任何保底都没垫，就出了李织烟。冲这一点就该给满分[表情_斜眼笑],positive,0.9,,2026-07-19 07:16:22
49633436,1,2026-07-16,傻❌终末地，卡池设计的跟坨🔟一样，开服抽42就TM吃满保底，每次歪就TM歪奶羊，现在三潜奶羊有的你玩，抽武器二个红都歪也是没谁了,negative,0.95,,2026-07-19 07:16:23
49633430,1,2026-07-16,大保底，真有你的[表情_豹哭],negative,0.85,,2026-07-19 07:16:24
49633389,5,2026-07-16,💃🏻立绘建模：<br />夯。肿么滴牛逼<br />🧝🏻‍♀️角色人设：<br />夯<br />💰肝氪度：<br />夯,positive,0.9,,2026-07-19 07:16:26
49633366,4,2026-07-16,不错，40抽出了一个诀，好玩,positive,0.8,,2026-07-19 07:16:27
49633305,3,2026-07-16,被这游戏的集成工业劝退了好几次[表情_死机]哪个神人发明的这种玩法？真的有人会喜欢搞这些建设吗？,negative,0.9,,2026-07-19 07:16:28
49633270,1,2026-07-16,没保底，天天歪,negative,0.9,,2026-07-19 07:16:29
48712791,3,2026-05-18,诀卡池120抽大保底，武器40抽<br />对其他萌新的建议：终末地除了主C不要抽武器池，非常非常容易吃武器池大保底，而且武库配额很抠游戏策划没给什么获取渠道，副C、辅助用月卡武器就好了,negative,0.8,,2026-07-19 07:16:30
47540662,5,2026-01-22,建模特别漂亮,positive,0.8,,2026-07-19 07:16:31
49633216,1,2026-07-16,恶心坏了全是保底,negative,0.9,,2026-07-19 07:16:33
47013357,1,2025-11-25,您暂未获得［五星好评］评价资格<br />好评资格将于获得次日的18：00刷新，请留意通知并及时刷新查看<br />屎，我的运气不适合玩抽卡，但我选择将火撒在游戏身上,negative,0.9,,2026-07-19 07:16:34
49633198,1,2026-07-16,千万别玩，保底保死你,negative,0.9,,2026-07-19 07:16:35
49633173,5,2026-07-16,好好好不歪就好！,positive,0.9,,2026-07-19 07:16:36
49633161,5,2026-07-16,十连出决那还说啥了,positive,0.9,,2026-07-19 07:16:37
49633143,5,2026-07-16,开服玩家一位，看了这么久tap评论区说终末地的缺点我发现最多的就是那种拿不是箱庭游戏模式的游戏和终末地比较，说白了市面上跟终末地能相比的不只有崩铁吗？相比于崩铁别的不说箱庭做的比崩铁好多了吧？我也是一,positive,0.85,,2026-07-19 07:16:39
49633140,1,2026-07-16,加个大保底是不是要你命了？我从开服玩到现在武器池从庄方宜之后就一直歪没停过，up池也一样自从庄方宜之后就一直歪除了卡缪不是吃保底后面有哪个不是吃保底？怎么你跟胜利女神国服是亲兄弟啊这么能歪，从开服玩到,negative,0.95,,2026-07-19 07:16:40
49633121,5,2026-07-16,建模好漂亮,positive,0.8,,2026-07-19 07:16:42
47044080,5,2025-11-28,10连出李织烟了！,positive,0.9,,2026-07-19 07:16:43
49633097,1,2026-07-16,120抽神游闹麻了,negative,0.9,,2026-07-19 07:16:44
47634602,3,2026-01-28,666诡楼寻踪击杀异常裂地者，我传送出去后就进不去了，任务卡快2天了 ，一点路都找不到,negative,0.9,,2026-07-19 07:16:45
49633014,1,2026-07-16,你的卡池配得上你的评分,negative,0.85,,2026-07-19 07:16:46
49633012,5,2026-07-16,美术真的好,positive,0.9,,2026-07-19 07:16:48
49353078,1,2026-06-29,重大灾害发生主角团自动对话慢就算了，想手动点结果箭头出现也慢，还有文青病！主线新角色登场bgm欢乐的不合时宜！灾害发生时赶着救人期间遇到的，居然要替她挑黑胶选歌！地图几乎全是采集点升级材料，地图高低落,negative,0.9,,2026-07-19 07:16:49
49632982,4,2026-07-16,一看评分怎么那么低，点进来看评价，连“一晚上肝不出保底”来打差评的都有，666，真是大脑联通大肠。卡等级大多数是因为不上等级会卡练度，到时候该打不过还是打不过，差评就会变成“这游戏平衡机制做的一点也不,positive,0.7,,2026-07-19 07:16:50
49632956,5,2026-07-16,可以说是我目前玩过肝度最低的二游了，送的福利超级多,positive,0.95,,2026-07-19 07:16:52
49632950,1,2026-07-16,无敌了，非保底出红必歪这一块,negative,0.9,,2026-07-19 07:16:53
31094887,1,2022-05-16,杀熟？？你说你来2-3个大保底我认了，连吃5个大保底是什么意思啊？？？真特么给我搞红了[表情_点赞][表情_点赞][表情_点赞],negative,0.95,,2026-07-19 07:16:54
29989699,5,2022-03-21,分享互动<br />起初我承认我对这个游戏基建很抵触，沉浸式体验剧情总是逼着你玩基建，不推主线装备和最新材料获取不了，还得满地图拉电信有点麻烦。电力的控制在后期不应该成了麻烦，平时还要占矿拉索，熟悉后,positive,0.65,,2026-07-19 07:16:55
49632867,5,2026-07-16,福利比之前好多了,positive,0.7,,2026-07-19 07:16:56
49632860,5,2026-07-16,好玩爱玩，除了服设丑陋其他都还好，期待出皮肤那一天,positive,0.7,,2026-07-19 07:16:57
49632851,3,2026-07-16,直接说结论，好玩，但是有点恶心，比如在你的必经之路上放一堆怪，跨不过去的小水坑和爬不上去的小坡，然后上个版本晚期入坑的的确会很难受，因为手册拿不满，活动打不过，没法提前开武陵啊，那活动都在武陵，然后怪,neutral,0.7,,2026-07-19 07:16:58
49632832,5,2026-07-16,20抽出的[表情_期待][表情_期待][表情_期待],positive,0.9,,2026-07-19 07:16:59
47114558,5,2025-12-04,牛逼，新版本一上线20抽就出来了,positive,0.8,,2026-07-19 07:17:01
47531975,2,2026-01-22,7月16日补:昨天就想说的，给火队补卡缪到最后也没抽到，就只有卡缪的专武，没招了，现在对终末地的态度就是对尸体的态度，不看怕诈尸，看一眼又恶心，而且买了月卡，现在我跟你的关系就像双方互看不顺眼的中年夫,negative,0.95,,2026-07-19 07:17:02
49632718,5,2026-07-16,玩的很舒服，想肝就肝，不想肝就打个每日下线，但tm带节奏的能不能给我滚出去啊😡😡，游戏各有所爱，不喜欢玩就不玩，非得吵一下让喜欢玩的人骂你，何必呢,positive,0.85,,2026-07-19 07:17:03
48386081,5,2026-04-17,噢齁齁齁齁，好多的骏卫我数不清了,negative,0.8,,2026-07-19 07:17:04
49632579,5,2026-07-16,怎么说，对探索不讨厌的可以来试试。没有死绑干员，没有逼氪玩法、养成简单、优化很快。战斗系统做的还是很有意思，排轴摁连携技给我的感觉有点像真人快打里的搓招（之前没玩过类似游戏）,positive,0.85,,2026-07-19 07:17:05
49632551,1,2026-07-16,不能压缩一下吗存储都要奖杯爆炸了<br />现在得删游戏来下终末地了你针牛福,negative,0.85,,2026-07-19 07:17:06
48018191,5,2026-03-07,基建玩法给91星，剩下的扣87星<br />还有我44个小时游戏时长怎么到taptap成6个小时了😡<br />7.16更新：我觉得我应该从1.4开始玩了,negative,0.85,,2026-07-19 07:17:08
49632486,3,2026-07-16,告辞告辞，开服到现在卡池次次120吃不下去了，大保底不继承这块玩不下去了,negative,0.95,,2026-07-19 07:17:09
47550610,4,2026-01-22,2026.1.23<br />宝宝你是一拖四<br />2026.7.16<br />其实还不错？,positive,0.6,,2026-07-19 07:17:10
49631949,4,2026-07-16,还说啥，终末地牛逼，我已爱上！[心动小镇_大笑]虽然是卡缪引进来的，但现在玩已经不是仅仅因为卡缪了，各方面都👌🏻，最后4天肝了我三天半120才抽出来[表情_泪目]还歪了两限定一常驻[表情_泪目]，但已,positive,0.85,,2026-07-19 07:17:12
49632257,4,2026-07-16,前期有点肝，但后期比较爽。,positive,0.7,,2026-07-19 07:17:13
49632160,5,2026-07-16,某些地方相对来说太肝了，可以适当减肝度,neutral,0.6,,2026-07-19 07:17:15
49632135,3,2026-07-16,为什么TapTap下完，客户端打开还得下，这次更新100来g吗,negative,0.85,,2026-07-19 07:17:16
49631972,4,2026-07-16,其实没有有些人说的那么吓人，市面上大多二游都玩儿过，这个偏休闲吧，熬过前期后期很放松，就天天上线收个菜，装备直接精锻，不会存在刷半天什么都刷不出来的情况。<br />唯一不好的一点就是武库配额一直不太,positive,0.7,,2026-07-19 07:17:17
49631929,5,2026-07-16,等更新没事干，看到评价里面这么多神人我也就放心了，感谢你海猫叔叔提前开武陵，以后更新可有乐子看了😘,positive,0.85,,2026-07-19 07:17:19
49631866,3,2026-07-16,终末地我恨你，我两天肝80抽，你*鸟语花香*给我歪个常驻，你对得起我吗？（本人不是魔怔人啊，只是单纯的因为卡没有非常好看，所以才入坑的，之前我还玩原神崩坏星穹铁道绝区零鸣潮）,negative,0.9,,2026-07-19 07:17:20
49631813,5,2026-07-16,作为我玩的第一个二游打破了我对二游的认知，以前我从来都没有玩过二游认为二游是一个比较无聊的游戏，但是目前看来我对二游已经有了更好的认知，我现在回去尝试更多类似的游戏。这个游戏对于我来说不算肝，建模很好,positive,0.95,,2026-07-19 07:17:21
49631695,5,2026-07-16,· 视听表现：美术与建模属顶尖水准，单个角色渲染面数远超同类。拥有细腻的动态细节（如雨水浸湿衣物）和电影级演出，高品质音效也极大地增强了沉浸感。<br />· 探索与内容：采用高质量“箱庭”地图，设计,positive,0.85,,2026-07-19 07:17:22
49631630,4,2026-07-16,总体好评，值得玩玩，美术风格和配乐水平还是在线的！,positive,0.85,,2026-07-19 07:17:23
49631405,4,2026-07-16,出个复刻卡池,neutral,0.5,,2026-07-19 07:17:25
49631359,5,2026-07-16,开服号到现在，整体评价<br />1.电脑版画质真的很强，逛地图时渲染和建模绝对都是极品的，尤其是后面像清波寨和藏剑谷那种大地图，看着可以说是赏心悦目，配上那个音乐<br />2.综合战斗系统，这个根,positive,0.85,,2026-07-19 07:17:26
49631352,4,2026-07-16,还行，就是你的问卷调查也忒长了吧😳,neutral,0.6,,2026-07-19 07:17:27
49631319,5,2026-07-16,本家只玩过一点点 本质上算是yj新玩家<br />好玩 歌也好听 唯一感觉可以继续优化的点是产能不太够（也有可能是我版本开始第一天打太快了）四十天的版本我可能会长草三十多天<br />其实本家对我来说,positive,0.85,,2026-07-19 07:17:28
49631254,5,2026-07-16,1.3末尾总共统计抽数1400（限定，武器，常驻161），月卡党仍然全图鉴，人物精美，地图画面精致，没有逼氪的深渊，配队随心所欲，一个干员能组出四五个队伍，基建玩法因人而异，战斗玩法思考策略，灵活使用,positive,0.9,,2026-07-19 07:17:30
49631155,4,2026-07-16,开服玩了半小时然后因为台风重新回来入坑。目前还在四号谷地。<br />一开始是犹豫的，因为这分数5.9真的有把我吓退，但是基建听说有蓝图之后就试试吧，大不了抄图，然而之后我就真香了，对的完全不想抄别人,positive,0.85,,2026-07-19 07:17:31
49631070,5,2026-07-16,我感觉这个游戏作为副游还是可以的，虽然基建确实有点难受，我还是比较希望能多来几条产线，最好是所有物品全收集，但是只有六个可以选择的材料入口让我的产线只能是时建时拆，但是角色抽卡压力不大，我感觉比较难评,positive,0.7,,2026-07-19 07:17:32
49631042,4,2026-07-16,整体都还可以，就工业比较垃圾，工业做的实在不行，光是一个模拟就可以让人没有玩工业的兴趣。<br />模拟要做就好好做不要搞什么各种要求，进去就是修机器修设备的，实际上你自己搞工业就没见坏掉过。<br ,negative,0.85,,2026-07-19 07:17:33
49631033,5,2026-07-16,我自己觉得挺好玩的，没想到这边这么多人打一分二分[表情_吃瓜],positive,0.8,,2026-07-19 07:17:34
48410937,4,2026-04-19,如果以一个开放性大世界来看，终末地绝对不合格，可以说这方面就是个处处蹩脚的烂游，但是如果放平心态，把这当成一个箱庭小世界，还是非常不错的🥱🥱而且在手游建模精细度这一块还是比较权威的，虽然比不上鸣潮（本,neutral,0.7,,2026-07-19 07:17:36
47910327,2,2026-02-23,不改你这极其抽象的角色和武器池，就别想翻身[表情_吐],negative,0.9,,2026-07-19 07:17:37
49630896,5,2026-07-16,开荒队那个陈芊羽是谁？,neutral,0.5,,2026-07-19 07:17:38
49630881,5,2026-07-16,肝到想卸载,negative,0.9,,2026-07-19 07:17:40
49630818,3,2026-07-16,不要学当赌狗，从开服玩到现在才两个up，还有一个是抽小庄歪的，这保底机制，赌狗最严厉的父亲。,negative,0.85,,2026-07-19 07:17:41
49630793,4,2026-07-16,叠甲 开服老玩家 学生党 零氪党 剩下的自己在我tap tap主页看<br />终末地的优点是它的集成工业系统，还有他的养成资源通用，这使得我们可以在抽到一个干员之后，可以非常快的把他拉到满级，大世界,positive,0.85,,2026-07-19 07:17:42
49630792,1,2026-07-16,爆率低到爆炸，作为一个新手，up池肝满了120抽才出，这个爆率有点过分了吧😃,negative,0.85,,2026-07-19 07:17:43
49555877,3,2026-07-10,过剧情卡等级快给我恶心死了😂,negative,0.85,,2026-07-19 07:17:44
49630028,5,2026-07-15,先叠个甲，我没玩过方舟，第一款鹰角的游戏是终末地<br />箱庭世界对我来说非常友好 基建非常非常好 潜能的提升对于角色强度提升不大（很多情况上0+1就够用了） 立绘建模好 这应该是我玩过二游里最好的,positive,0.85,,2026-07-19 07:17:46
47581319,2,2026-01-24,调查问卷卡死我三次 弄不好就不要弄 先给个1分<br />0126更新<br />我擦 才不到一半保底 直接双红 还给两 必须改成五星！,positive,0.85,,2026-07-19 07:17:47
49630642,4,2026-07-16,喜欢上管理员♀了，然后就驻扎在终末地了。[表情_微笑][表情_微笑][表情_微笑],positive,0.9,,2026-07-19 07:17:48
49630517,5,2026-07-15,各种方面的优化比刚开服好了不少，不赖继续保持<br />以及这才是我写这个评价的目的：TapTap评论区怎么这么多串子和sjb，啥都整不明白还在这里指点江山，指点半天指点不到点子上给我气笑了,positive,0.85,,2026-07-19 07:17:49
49630482,5,2026-07-15,阿达希尔什么时候上岛啊,neutral,0.5,,2026-07-19 07:17:50
49630249,5,2026-07-15,除了抽卡不友好，还挺可以的,positive,0.65,,2026-07-19 07:17:51
49630171,2,2026-07-15,一个晚上想把血魔肝出来，没到15级卡任务了，做活动把心态做崩了，插电线想把电线拔了，我就像厂里流水线里的24小时不带休息的牛马。,negative,0.9,,2026-07-19 07:17:52
49629851,5,2026-07-15,看完评论区我只想说，还好终末地是箱庭并且有基建这条护城河,positive,0.7,,2026-07-19 07:17:54
49629165,1,2026-07-15,玩了这么多游戏第一个被气的受不了，老是黑屏就算了，昨天刚下的游戏，新号肝了80抽就吃小保底还歪了，新号第一个池子吃满保底就歪了。没见过一个游戏这样的,negative,0.95,,2026-07-19 07:17:55
49629138,3,2026-07-15,基建劝退我，不过箱庭世界好评，优化好评，角色建模精细度好评,neutral,0.6,,2026-07-19 07:17:57
49629031,2,2026-07-15,建模和队友跟随都很喜欢，基建都忍了，但是太刮了，感觉其他游戏没有这么刮的随便升升级都能过，三位一体直接打退游，还非的要死,negative,0.85,,2026-07-19 07:17:58
49628922,4,2026-07-15,前期有点肝福利还行对0氪党挺有好的,positive,0.7,,2026-07-19 07:17:59
49628766,2,2026-07-15,为了角色入坑的可以跑了， 一个角色保底120，非常非常难攒，爆率非常低，我吃两次大保底,negative,0.9,,2026-07-19 07:18:00
49628479,4,2026-07-15,战斗体验拉满。基建玩法伤人，反正我挺喜欢里面的战斗的。就是基建给我整退游了。我玩过其他的二次元战斗手游，但我感觉这个最好玩。就是，什么时候官方能简化一下这个基建呀？,positive,0.7,,2026-07-19 07:18:01
49628451,3,2026-07-15,人物立绘建模都还不错。<br />因为卡缪入的坑，但是爆率太低了吧，500一抽，你真把那些福利算上去也才换到几抽。这是在我接触的二游里爆率最低的一个游戏了。,negative,0.85,,2026-07-19 07:18:02
49628362,1,2026-07-15,非常气愤啊，那个虫不语的那个什么需水方块，每次都差一点点就启动了，服了，正面是啥见不得人的东西吗，每次要成功了就露个后背给我，那个荷叶一不注意就掉水里面，那个水里的那个动画特效，我看着巨恶心，看着头晕,negative,0.95,,2026-07-19 07:18:04
49628028,5,2026-07-15,我愿意给终末地五颗星，基本都是用电脑玩的，优化是很好的，除了开头要拉电线摆摆基建，真的一点都不肝，除了每次大版本更新需要再摆一次，后边都是挂机刷珠子，材料获取难度基本上是0，这个游戏可能是有一些不足，,positive,0.9,,2026-07-19 07:18:05
49627701,2,2026-07-15,版本里面的小游戏简直一坨垃圾，能做俯瞰横版推过去，非要操控角色，简直一坨中的一坨,negative,0.9,,2026-07-19 07:18:06
49627572,4,2026-07-15,这游戏适合当成副游来玩，这个版本的危机合约还可以，基本上都能拿满奖励,positive,0.7,,2026-07-19 07:18:07
49627209,5,2026-07-15,作为30岁主机游戏党老登，一直想尝试下二游赛道，陆续玩过崩铁和鸣潮都是很快就弃坑了，是看狗蛋视频和被太好看的美术吸引入坑的，前期体验有点牢，塞的东西太多了，手把手教学太繁琐了<br />但是等上手之后,positive,0.85,,2026-07-19 07:18:08
49626835,5,2026-07-15,爆率真的很高,positive,0.8,,2026-07-19 07:18:10
47540264,2,2026-01-22,评论单开条，这是我遇到过玩这游戏最恶心的事，我保底抽到70抽了刚好他120抽保底也出了，m的，给我小保底卡没了，活全家游戏祝你早日倒闭<br />1.0想打个2.5星，开局手机玩的，没电了换电脑玩，玩,negative,0.95,,2026-07-19 07:18:11
49626450,1,2026-07-15,请把游游戏中的工业化任务优化的更合理，更轻松的完成，一键完成也可以感觉一步一步来，太烧脑了<br />尤其是没文化的人<br />有那些没有办法查攻略的朋友们改一下吧，优化一下你的电网务<br />优,negative,0.8,,2026-07-19 07:18:12
49626422,5,2026-07-15,新活动上线即肝其实都不够我肝的（<br />基建挺好玩的不会就蓝图作弊<br />建模真的顶剧情也可以，从开服入坑玩到现在真心觉得好玩。本人入坑的第一个二游希望越来越好。,positive,0.85,,2026-07-19 07:18:13
49626091,5,2026-07-15,剧情非常精彩。,positive,0.9,,2026-07-19 07:18:14
49626009,5,2026-07-15,终末地挺挑受众的，个人来讲是个非常优秀的游戏,positive,0.8,,2026-07-19 07:18:16
49624836,5,2026-07-15,鹰角快提高爆率,negative,0.6,,2026-07-19 07:18:17
49624313,5,2026-07-15,画质非常nice,positive,0.9,,2026-07-19 07:18:18
49624311,4,2026-07-15,后期工业有点烧脑,negative,0.6,,2026-07-19 07:18:20
49624093,4,2026-07-15,前期剧情有些拉，建议跳过，工业系统我还没玩明白。世界探索，感觉跟隔壁差不多，不过福利真好，角色我也是真喜欢，在我看来还可以。,positive,0.7,,2026-07-19 07:18:21
49623737,5,2026-07-15,不知道为什么，当时觉得很一般卸载了，现在回坑了反而觉得很好玩了？？[表情_捂脸哭],positive,0.8,,2026-07-19 07:18:22
49623663,5,2026-07-15,那些刷一星的，自己玩不明白就不要说别人不行，你这种拿脊髓思考的玩意儿当然玩不明白人玩的游戏,positive,0.85,,2026-07-19 07:18:23
49623621,5,2026-07-15,爆率真高。两个10连都出6星,positive,0.9,,2026-07-19 07:18:24
49623516,4,2026-07-15,一般，美工很好，但膝盖呢<br />💃🏻立绘建模：好的，相信鹰角的美工,neutral,0.6,,2026-07-19 07:18:25
49623481,5,2026-07-15,好玩，场景好看人物好看手感好，与地图交互做的也好，基建玩法也喜欢，产线全是自己造的[表情_开心],positive,0.95,,2026-07-19 07:18:27
49623261,5,2026-07-15,开局拉电线，基建是非常好玩的，到中期就有点无聊了，剧情前期感觉有点拉，到武陵城之后，剧情质量就上来了，打聂菲斯的时候，动画表现也非常的好，抽数也挺多的，不怎么缺抽，不追求全角色满潜的话。个人感觉挺好玩,positive,0.85,,2026-07-19 07:18:28
49623226,4,2026-07-15,这个爆率吧，萌新游玩哈，保底直接歪，硬生生要变成大保底，幸亏前期的资源多，差不多剧情一直往后就可以有100多抽，整体还是挺好玩的，但真的把爆率提上去点吧。我不敢相信后面等会没资源了怎么办？还差八抽大保,neutral,0.6,,2026-07-19 07:18:29
49623084,5,2026-07-15,🎛️数值合理,positive,0.8,,2026-07-19 07:18:31
49623076,5,2026-07-15,非常好玩，有成就感，素质合理,positive,0.9,,2026-07-19 07:18:32
49623019,4,2026-07-15,美术风格非常不错，福利也够，但是肝度有一点太大了，拉矿拉电线，拉滑索布置设备，还有一堆小活动，还有就是可以在向下兼容一些性能比较差的设备吗？现在设备拉30帧，最低画质都有点卡。,positive,0.65,,2026-07-19 07:18:33
49622834,2,2026-07-15,作为一个方舟老玩家，这游戏美术上肯定是没有辜负期望角色还可以但是玩久明日方舟以后这游戏都会显得非常肝危机合约我居然一星成就，我都没打过福利给的很好但你角色练度要是不够，你是领不到这些福利的。这也是我非,negative,0.85,,2026-07-19 07:18:34
49622021,1,2026-07-15,没有教程，不上网找教程根本找不到,negative,0.8,,2026-07-19 07:18:36
49621407,2,2026-07-15,刻写卷都刷光了，死活刷不出一个需要的毕业基质，什么扫码养成，体力要的还多，给的又少，差一个基质毕业，卡死我得了呗😂😂😂，扫码东西,negative,0.9,,2026-07-19 07:18:37
49621318,5,2026-07-15,建模真实，立体感强,positive,0.8,,2026-07-19 07:18:39
49621310,4,2026-07-15,冲着卡缪入坑的，结果基建搭上瘾了😋就是手机端操作有点变扭，一不留神脚滑摔进湖里/悬崖底下了，跑图给我跑的有点红温，pc端没那么难受，美术风格也很好看，喜欢这种废土风格，以前玩过粥本体，也很喜欢本体的美,positive,0.8,,2026-07-19 07:18:40
47096772,1,2025-12-02,"不推荐游玩,体验差",negative,0.9,,2026-07-19 07:18:42
49620601,5,2026-07-15,一点都不顺利，资源太难拿了，抽奖要的晶石太多了,negative,0.85,,2026-07-19 07:18:43
49620589,5,2026-07-15,剧情还好，用电脑看画质没得说！比较吃电脑配置！,positive,0.7,,2026-07-19 07:18:44
49620421,1,2026-07-15,又肝，福利又差，我是开服就开始玩的，直观感觉这是福利最差的二游，我在原神出过双金，鸣潮也很多提前金，方舟评论20到30抽一个金，异环0氪差两个常驻全图鉴，星铁也很多提前金，只有这个游戏，7连保底。,negative,0.95,,2026-07-19 07:18:46
49620322,5,2026-07-15,我也玩了一年半的方舟了而且是高中生，也玩米家三游。我认为这两家抽卡是不一样的。米家的抽卡对我来说像原神一样难肝的当期卡池就抽完了，没什么规划，但是抽到了那些强度角色也能爽玩几个版本。崩铁的就只要提前两,positive,0.7,,2026-07-19 07:18:47
49619574,5,2026-07-15,爆率真的很高,positive,0.8,,2026-07-19 07:18:48
49619407,3,2026-07-15,抽卡资源有点少了,negative,0.6,,2026-07-19 07:18:49
47528974,2,2026-01-22,我真是不知道数值怎么搞得。90级的莱万汀打大世界55级竟然打不动。回坑难度太高了[表情_疑惑][表情_疑惑][表情_疑惑],negative,0.85,,2026-07-19 07:18:51
49619154,5,2026-07-15,真的挺好玩的，比起大世界对我来说箱庭式确实更好玩,positive,0.85,,2026-07-19 07:18:52
49619061,5,2026-07-15,感觉还可以，基建有点意思,positive,0.7,,2026-07-19 07:18:53
49618939,5,2026-07-15,就是手机支撑不了高画质,negative,0.6,,2026-07-19 07:18:55
49618937,3,2026-07-15,卡缪好帅(๑•ᴗ•๑)♡,positive,0.9,,2026-07-19 07:18:56
49618754,5,2026-07-15,画面剧情战斗手感太好了你能知道吗？就是优化可以加强一下，朕的8gen3燃尽了中画质的60帧都稳不了，希望加强一下优化[表情_开心],positive,0.7,,2026-07-19 07:18:57
49618498,5,2026-07-15,也玩了这么久了，57级摆烂党，来说说我的评价。<br />唯二缺点：1剧情挺一般，只能及格，但是反正能跳过。<br />2有点吃设备，我用手机玩久了虽然只会有点会发烫，但是掉电掉得飞快<br />优点,positive,0.85,,2026-07-19 07:18:58
49617889,5,2026-07-15,我是明日方舟转过来的，对于终末地的世界观和剧情，我很满意，我对再旅者其实也抱有很高的期待，我相信海猫跟鹰角不会让我们失望的,positive,0.9,,2026-07-19 07:18:59
49617541,1,2026-07-15,两个号，一个56，一个51，于1.1版本汤汤卡池退坑，荣升2026最恶心人游戏。开服超级无敌大宣发，抖音林树这种三角洲大主播都跑来玩你这神游，质量一坨，玩法一坨。卡池懒得多说。优点：建模不错，暂时无数,negative,0.95,,2026-07-19 07:19:01
47673586,2,2026-02-01,因为卡缪下回来，基建谷地满级武陵15合约也将就打完20了<br />品了又品这游戏还是不好玩啊大猫哥，舔图解谜完全感受不乐趣，角色和剧情也没一个在点上，真的好无聊啊全方位的无聊现在就是被月卡绑架了每天,negative,0.9,,2026-07-19 07:19:02
49617296,4,2026-07-15,[表情_思考]游戏引导方面有一些问题，不够清晰，体验下来，他的引导可能不够清晰，  认为集成工业系统的引导不太足。,negative,0.6,,2026-07-19 07:19:03
49617165,1,2026-07-15,卡池真tm恶心,negative,0.9,,2026-07-19 07:19:04
49617019,1,2026-07-14,实在是没什么可说的了，肝度与得到的回报完全不成正比，连抽卡都要玩文字游戏,negative,0.9,,2026-07-19 07:19:05
49617014,5,2026-07-14,非常好，也很休闲,positive,0.9,,2026-07-19 07:19:06
49616742,4,2026-07-14,抽卡居然没有大保底！限定池平均70抽连出4个常驻……<br />基建过于繁琐，武陵偷懒没布置电池一、二级生产链，结果天天要在帝江号用背包从四号谷地往武陵搬运物资。可不可以提升背包格子以及单格容量；或者,negative,0.8,,2026-07-19 07:19:08
49616546,5,2026-07-14,我可以差一点吃到大保低但 但我30抽出货(20抽小羊+30抽蝙蝠)我必须发出来馋馋你们的眼睛  😗<br />如果你不服我会使用 壮誓:弃三张手牌 扣三滴血<br />对你使用强中 把你打死 狂骨升级,positive,0.85,,2026-07-19 07:19:09
49616367,5,2026-07-14,💃🏻立绘建模：<br />就是冲着这精美的建模来的。,positive,0.9,,2026-07-19 07:19:10
47560895,2,2026-01-23,最强入坑回坑版本，没吃过💩的可以试试,negative,0.9,,2026-07-19 07:19:11
49616164,3,2026-07-14,是鹰角旗下的，美术很过关，但是电工模式真的有点折磨人，玩得很费劲很拼命，第一次见到有游戏新手教程过不去的，重点是还没有指引。优点是打击感挺好的，至少在我玩过的里面算比较好的，跑图也很舒服，有索道特别好,negative,0.7,,2026-07-19 07:19:12
49615761,5,2026-07-14,我去鹰角这个UI设计交互绝了啊我真的被这个游戏的审美折服了。还有就是角色设计的小巧思我爱极了。鹰角多出点小巧思好看爱看，爱玩基建的会觉得这个游戏有神奇的魔力，不爱玩的一点都看不下去，是这样的,positive,0.85,,2026-07-19 07:19:14
49615532,2,2026-07-14,吃满保底的歪那么多次了，先两星，李织烟没歪我再来改,negative,0.8,,2026-07-19 07:19:15
49615260,4,2026-07-14,观赏性好，抽卡的话，可能有点堪忧，平民玩家建议跳着抽,neutral,0.6,,2026-07-19 07:19:16
49614966,5,2026-07-14,我吃了七个大保底了，从开服到现在[表情_大笑],negative,0.8,,2026-07-19 07:19:17
49614896,5,2026-07-14,角色设计还不错，建模也挺好看，音乐也可以，总的来说作为一款副游来说还不错，但是要改进的地方也有很多，就不一一说了，期待终末地可以越来越好,positive,0.7,,2026-07-19 07:19:18
49614631,5,2026-07-14,对手机的配置要求有点高，但玩法新颖，建模立绘很合我胃口,positive,0.8,,2026-07-19 07:19:19
49614557,5,2026-07-14,首先，爱玩不玩不玩拉倒，看见网上舆论那么多的，跟着发差评，基建就基建。开服能差过鸣潮开服？鸣潮这几个版本确实做的不错。抽卡5000一个十连不正常吗，你给的资源也是差不多的一个比例。1600抽简直想屁吃,positive,0.7,,2026-07-19 07:19:21
49614389,4,2026-07-14,挺好的，就是肝,neutral,0.6,,2026-07-19 07:19:22
49614229,5,2026-07-14,什么？你的意思是说我爆肝那么久，连一个六星角色，一个六星武器都没出，结果我拿免费送的抽取机会去试了一下，就一个十连两个红吗？有点意思呢,positive,0.7,,2026-07-19 07:19:24
49614134,4,2026-07-14,不懂就问，TapTap上的终末地是渠道服还是官服啊？,neutral,0.9,,2026-07-19 07:19:25
49614080,5,2026-07-14,喜欢玩基建的可以试试,positive,0.7,,2026-07-19 07:19:26
49614033,5,2026-07-14,着实让我体验了一把基建工业的感觉,positive,0.7,,2026-07-19 07:19:27
49613739,5,2026-07-14,内容很好，不过是在福利还是剧情引导都做的很好,positive,0.9,,2026-07-19 07:19:29
49612666,1,2026-07-14,终末地这游戏真的玩得太累了，纯纯的赛博上班，那个基建玩法简直折磨人，拉电线接水管繁琐得要命，辛辛苦苦搭的产线说改就改，探索还非得跟基建强行绑定，玩着极其心累。策划是脑子进水了，搞了那么小巧思，更恶心的,negative,0.95,,2026-07-19 07:19:30
47667289,4,2026-01-31,已经放下当年对利刃的偏见了，虽然这游戏确实不咋样，但确实有特色,neutral,0.6,,2026-07-19 07:19:31
49612204,5,2026-07-14,好玩，就是好肝，卡缪真的很帅,positive,0.7,,2026-07-19 07:19:32
49612086,5,2026-07-14,开局到现在一直缺电,negative,0.8,,2026-07-19 07:19:33
49611843,5,2026-07-14,终末地给我带来的整体体验呈持续向好的趋势，尽管仍存在若干不足，但持续的优化调整使游玩体验明显提升。抽卡压力确实较大，尤其歪卡时体验欠佳；但是零潜角色即可胜任主流玩法，并不刚需潜能，养成系统对我来说是主,positive,0.7,,2026-07-19 07:19:34
49611771,5,2026-07-14,真求你别歪了,negative,0.8,,2026-07-19 07:19:35
48680972,5,2026-05-15,啥时候出云游戏啊？再弄的话没内存了呀。,neutral,0.6,,2026-07-19 07:19:37
49611518,5,2026-07-14,新剧情的决战感觉很帅啊！,positive,0.9,,2026-07-19 07:19:38
49611368,5,2026-07-14,好玩<br />💃🏻立绘建模：好,positive,0.9,,2026-07-19 07:19:39
49611311,2,2026-07-14,方舟本体我是玩了一年了。因为没开计时权限，所以看着比较少<br />终末地我是玩了4个月左右，实在是太累了，基建超蓝图很简单。但是搞完以后那些装备剧情过一会他就不够用了<br />去到一个新地图要从头,negative,0.85,,2026-07-19 07:19:40
48596962,3,2026-05-04,社区环境蛮恶臭的,negative,0.8,,2026-07-19 07:19:42
49611174,5,2026-07-14,玩了很久，很喜欢,positive,0.9,,2026-07-19 07:19:43
49611133,5,2026-07-14,还好，回坑几天角色专武都拿到了[表情_开心][表情_开心][表情_开心]<br />就是拉电线太痛苦了,positive,0.7,,2026-07-19 07:19:44
47860447,5,2026-02-17,我要玩1.4😋😋😋😋😋😋,positive,0.9,,2026-07-19 07:19:45
49610496,5,2026-07-14,是终末地开服老玩家<br />看着终末地从开服的“教玩家玩游戏”<br />到后续不断优化，鹰角真的一直有在听劝，非常推荐新玩家的加入！<br />附一张我的电脑壁纸图吧,positive,0.9,,2026-07-19 07:19:47
49610150,3,2026-07-14,可玩性还行吧，战斗也还可以，我是直接走的邪修，肝啥都行就这个基建让我很恶心,negative,0.7,,2026-07-19 07:19:48
49610063,2,2026-07-14,不要nmd出兽耳娘了，我真是受够了，看见就恶心，能不能出点正常的，知道这xp有多小众吗？都飞榜了还不自知,negative,0.9,,2026-07-19 07:19:49
47007460,5,2025-11-24,今天突然想起来，来改下评论，yj最近做的还是不错的，多的也不说了，之后别再出岔子就行🤓,positive,0.7,,2026-07-19 07:19:50
49609269,5,2026-07-14,💃🏻立绘建模：建模巨好,positive,0.9,,2026-07-19 07:19:51
47055282,3,2025-11-28,退了一小段还是下回来玩玩吧，太无聊了,positive,0.6,,2026-07-19 07:19:53
49609193,4,2026-07-14,游戏玩的还行，但是就是对回归玩家太不友好，我本来是准备放假的时候玩，结果现在放假了一天，肝上去那个工业基建要从之前老早之补,negative,0.7,,2026-07-19 07:19:54
49609019,5,2026-07-14,要是装备也可以搞个预设队伍就好了,neutral,0.6,,2026-07-19 07:19:55
49608949,4,2026-07-14,我还挺喜欢这种玩法的，但有点肝,neutral,0.6,,2026-07-19 07:19:56
49608888,1,2026-07-14,怎么做游戏才能做到无聊又一堆bug啊...除了骨骼体和立绘不错没啥优点了，游戏首先是要好玩才是游戏，模仿死亡搁浅也没模仿到点子上啊...结局注定爆死的一款游戏,negative,0.95,,2026-07-19 07:19:57
49608873,5,2026-07-14,5抽出卡缪，终末地神了,positive,0.9,,2026-07-19 07:19:59
49608823,5,2026-07-14,一直在优化，新出的角色越来越好看了,positive,0.7,,2026-07-19 07:20:00
49608797,1,2026-07-14,我的妈呀先不说这个臭卡缪难抽得要死我的新手保护期起到了零个作用。 最无语的角色这个战技和终结技放一起生怕终结技充能好了能立即用 共用战技条也是一直要等闪避又经常有延迟和视角盲区感觉战斗体验感为0 。 ,negative,0.95,,2026-07-19 07:20:01
49608454,1,2026-07-14,我㯥泥犸爆肝三天去到武陵地图还要再来一遍,negative,0.9,,2026-07-19 07:20:02
48950710,4,2026-06-06,先说说我自己:我微氪，就 200 左右吧，肝度较高，权限等级 60 全角色缺汤汤一个（截止到庄方宜结束）目前洛茜 庄方宜 莱万汀 伊冯毕业，开服日入坑，主玩冰队电队。抗压能力较好，不嫌弃肝度高<br ,positive,0.7,,2026-07-19 07:20:04
49608417,5,2026-07-14,开服玩家，到现在除了伊冯和小红帽，其他角色都拿下且有专武。虽然拉电线挺肝的，但电线拉久了也别有一番风味，基建也很有意思，毕竟是小众玩法，喜欢玩的就很喜欢，不喜欢的就怎么样也喜欢不起来，不过开服肝几天，,positive,0.85,,2026-07-19 07:20:05
49608299,5,2026-07-14,感觉目前玩下来还是可以的，几天还是可以肝到大保底的，我就是这样，因为萌新资源多。不过手机端如果性能不是很好的话会卡，玩起来有点难受。早期玩的话不用担心打不过什么的，因为萌新送的物理队就很抗打。总体来说,positive,0.7,,2026-07-19 07:20:06
49608092,5,2026-07-14,我是一个2月初开始玩终末地的玩家，我在之前没有玩过明日方舟。我认为终末地是一款有想法的游戏，他选择了基建这个小众玩法，所以导致了评论是两极分化的，最初我听过最多的是骂他抽卡差，资源少，事实上我并不能理,positive,0.85,,2026-07-19 07:20:07
49607766,3,2026-07-14,还可以吧基建弄完就好玩了,positive,0.6,,2026-07-19 07:20:08
49607635,1,2026-07-14,连歪三次诗人在做游戏吗？<br />退游了,negative,0.95,,2026-07-19 07:20:10
49607347,1,2026-07-14,次次歪，崩溃了每次都是保底出金，还次次歪，武器爆率是高，但是每次都不出up。搞不懂,negative,0.9,,2026-07-19 07:20:11
47600151,1,2026-01-25,挺好的，全毕业了已经，可玩性挺强的，联系把聂菲斯上池子嘿嘿嘿,positive,0.85,,2026-07-19 07:20:13
49607315,1,2026-07-14,除了3c一坨,negative,0.9,,2026-07-19 07:20:14
49606793,5,2026-07-14,有点难，还行,neutral,0.6,,2026-07-19 07:20:15
49606547,5,2026-07-14,这个游戏感觉挺好的画面都挺舒服。只是玩起来手机会有点烫。,positive,0.7,,2026-07-19 07:20:16
49606480,4,2026-07-14,除了基建费脑子，其他的都挺爽，画质，打击。额，还有剧情有点长。对，就是入坑不亏吧,positive,0.7,,2026-07-19 07:20:17
49606347,3,2026-07-14,基建无聊死了，尤其是开荒的时候搞基建能烦死，而且到了新地区就要重新搞基建，重复性很高，不过后面把基建搞上来了体验就挺好了，每天收收菜卖东西。剧情很无聊幼稚，还好可以剧情跳过，建模不错，武陵风景也不错，,positive,0.7,,2026-07-19 07:20:19
49447955,4,2026-07-02,在后现代的大解构浪潮后，被流量挖得什么都不剩的空壳人们回头看去。<br />惊呼：二次元就该是围绕二次元美少女的亚文化！,neutral,0.6,,2026-07-19 07:20:20
49606071,1,2026-07-14,找材料比登天难 刷新刷一辈子  地图怪比常驻角色都强  打怪什么都开不了 被怪盯上追你老远 上演你逃它追是插翅难飞  离怪远一点 锁敌全无 技能全空  怪闪避比你都灵敏  没有胳膊爬不了 材料就在前面,negative,0.95,,2026-07-19 07:20:21
49605930,5,2026-07-14,还可以福利也多，建模还挺好看,positive,0.85,,2026-07-19 07:20:22
49605478,5,2026-07-14,开服牢玩家，洛茜吃了大保底，结果庄方宜10抽出了，抽卡是挺玄学的，拉电线个人觉得是好玩，还有地图美术，角色设计也都挺好的，想尝试一下不一样的二游也可以试一下,positive,0.85,,2026-07-19 07:20:23
49605249,5,2026-07-14,剧情和建模很吸引人，基建设计也比较合我胃口😋😋😋,positive,0.85,,2026-07-19 07:20:24
49604987,3,2026-07-14,很考验耐心和准备长期长草的应对能力,negative,0.6,,2026-07-19 07:20:25
49604793,5,2026-07-14,最后三天我才入坑，因为卡缪太帅了啊啊啊，圈外老是刷到，给满分就是因为我只有最后10抽了，他没有歪，大概抽了40抽，他送了免费10抽，看攻略，好像这个10抽是不算在保底内的，抽完之后马上弹出来让我评价，,positive,0.95,,2026-07-19 07:20:26
49604713,5,2026-07-14,新手，感觉玩的很开心,positive,0.9,,2026-07-19 07:20:28
49604379,5,2026-07-14,电力系统挺好玩的,positive,0.7,,2026-07-19 07:20:29
49604349,5,2026-07-14,特别喜欢玩，真的，退游好几次，但最后都会被吸引回来。,positive,0.9,,2026-07-19 07:20:30
49604309,1,2026-07-14,抽卡神了，竟然还能连出两个常驻，游戏也是卡的要命啊，把我卡出来n次了,negative,0.85,,2026-07-19 07:20:32
49603929,3,2026-07-13,太肝了。但剧情和建模什么的都不错。而且你抽的话还得分号。号好的话几十抽抽或者十几抽就能出一个。,positive,0.65,,2026-07-19 07:20:33
49603713,5,2026-07-13,老玩家回归就这样挽留吗<br />有点爽了[表情_流口水],positive,0.6,,2026-07-19 07:20:34
49603490,5,2026-07-13,个人非常推荐玩，角色建模，音乐，场景，美术艺术等等都非常棒,positive,0.95,,2026-07-19 07:20:36
49603475,5,2026-07-13,可以可以，刚入坑一个晚上，五十抽把想要的角色抽到了,positive,0.9,,2026-07-19 07:20:37
49603443,1,2026-07-13,同一个角色的卡池歪两次，我真的是不知道怎么想的80多抽了好不容易出了结果歪了，前面又歪一次我期间一个卡缪我都没见过[表情_生气][表情_豹哭],negative,0.9,,2026-07-19 07:20:38
49603183,5,2026-07-13,开服基本全勤牢玩家（大保底吃满，240抽1+1莱万汀），从一开始的走两步路都卡 一直到现在半周年，是真的有在看着这个游戏一步一步变得更好，半周年快乐[表情_星星眼],positive,0.85,,2026-07-19 07:20:40
47004553,1,2025-11-24,运营装死，宣发诈骗，磨叽这么久就做出来一坨这东西？恭喜你啊，这次可没有人替你说话了。<br />都说乌龟找王八，怪不得你以前能和羽中这种玩意儿共事，合着是臭味相投，祝褒姒<br />2026.1.22,negative,0.95,,2026-07-19 07:20:41
49602792,1,2026-07-13,不好玩，这游戏的基建玩法居然不能搓玉👎🏻,negative,0.8,,2026-07-19 07:20:42
49602638,5,2026-07-13,其实挺好的，就是前期比较累，后期就爽了,positive,0.7,,2026-07-19 07:20:43
49602369,5,2026-07-13,画面牛逼，建模牛逼，角色牛逼，优化牛逼，玩法……一般。,positive,0.7,,2026-07-19 07:20:45
47591548,5,2026-01-24,毫无疑问的主游，业余时间多才能越玩越起劲,positive,0.8,,2026-07-19 07:20:46
49602088,5,2026-07-13,💃🏻立绘建模：角色都挺好看的<br />💰肝氪度：二游里面福利算好的了<br />🌃画面音乐：顶<br />✍🏻建议：剧情还是再打磨打磨吧,positive,0.7,,2026-07-19 07:20:47
49601811,4,2026-07-13,爆率还挺高的，回坑十连就出了,positive,0.9,,2026-07-19 07:20:48
47618765,5,2026-01-27,挺好玩的 ，可能分人吧，我是pc端玩的，感觉地图挺像老头环，有种21年玩原神的感觉，但宝箱里给的东西是真少，还行，作为一款能打发时间的游戏来说合格ps：剧情都跳了不评价剧情,positive,0.7,,2026-07-19 07:20:50
49601455,1,2026-07-13,啥意思啊 120抽保底才抽到卡缪 气死我了！,negative,0.9,,2026-07-19 07:20:51
49601259,3,2026-07-13,任务目标不明确，任务不详细，追踪地不详细<br />有一点玩不明白的感觉（米哈游的二游几乎都玩过）其他二游也没出现这种感觉呀[表情_吐舌头]<br />然后到处跑，有点儿肝[表情_困]<br />抽卡,negative,0.7,,2026-07-19 07:20:52
49601221,5,2026-07-13,哇，爆率真的很高。,positive,0.8,,2026-07-19 07:20:53
49601161,5,2026-07-13,个人觉得非常好玩，非常合胃口，有些人玩不惯就不喜勿喷哈,positive,0.9,,2026-07-19 07:20:54
49600614,5,2026-07-13,抽卡很欧啊……三个十连出了三个六星角色，然后就跳到评价页面了，那还说啥，给到一个夯,positive,0.9,,2026-07-19 07:20:55
49600550,5,2026-07-13,💃🏻立绘建模：<br />建模精致,positive,0.9,,2026-07-19 07:20:56
49600416,5,2026-07-13,破城尘非常的好，机械玩法劝退了大部分想玩这个东西的人，但是有深度玩的玩家只会自己摸索，自己去探索。我被这个东西卡了30多个小时，后来研究明白了。,positive,0.7,,2026-07-19 07:20:58
49600261,1,2026-07-13,先说明这游戏从开服我一直在玩，现在不说是大佬， 怎么也得算老玩家吧，我每天都有活跃。但是今天我真的破防了，为了攒火队的上位替代，肝半天肝个小保底，结果歪了。这游戏能不能把卡池改一下我真玩不下去了，我从,negative,0.95,,2026-07-19 07:20:59
47540299,1,2026-01-22,这基建就是一坨，麻烦的要死，游戏建模还是可以的,negative,0.8,,2026-07-19 07:21:00
49599333,1,2026-07-13,掉率超低。完全逼氪，还难玩。还我洁尔佩塔！！！,negative,0.9,,2026-07-19 07:21:01
49599235,4,2026-07-13,太他妈肝了 中间陆陆续续断了几次,negative,0.8,,2026-07-19 07:21:02
49599172,5,2026-07-13,非常好终末地，使我管道旋转,positive,0.8,,2026-07-19 07:21:04
49599073,5,2026-07-13,开服玩家，一直用电脑玩的，相当不错，玩起来很轻松,positive,0.9,,2026-07-19 07:21:05
49599066,5,2026-07-13,牛牛牛40抽👍👍👍,negative,0.8,,2026-07-19 07:21:06
49599010,2,2026-07-13,一句话 基建太累了 我真没见过一个游戏能这么累。,negative,0.9,,2026-07-19 07:21:07
49598901,5,2026-07-13,现在看来，鹰角真的很用心在做游戏，游戏内的各种小问题不断优化，新玩家的福利也越来越好。角色建模精美，人物鲜活，庄方宜也真是让我泪流满面啊。不逼氪，养成也很舒服，有材料就能练满不吃脸色，活动和玩法新颖独,positive,0.9,,2026-07-19 07:21:08
49598576,2,2026-07-13,新手优势是开局送一个6星自选调用凭证，新手任务4章完成能有一个6星启程英雄和自选启程武器。<br />新手任务里面包含基建部分，这游戏基建可能是主体，体验很差。跟着新手教程建了那么多设备就为了几件装备,negative,0.9,,2026-07-19 07:21:10
49598202,1,2026-07-13,有0.8出彩率，50%up率可以无限歪的抽卡机制😅有不攒到120下池就会血本无归的抽卡体验。操作只有闪避和排轴，平a只能按到死,negative,0.9,,2026-07-19 07:21:11
47615712,3,2026-01-26,剧情，无聊，非常无聊。又累又困。<br />💃🏻立绘建模：<br />很好看，建模超级超级好看，只是感觉衣服颜色素。款式有些角色有点普通。<br />一直在玩，因为有喜欢的角色，等待卫星中。现在感觉还,positive,0.7,,2026-07-19 07:21:12
49597727,5,2026-07-13,确实是色鬼入坑，但本身对工业元素和美术感兴趣，再加上假期时间多当单机玩，体验还不错，另外箱庭设计得还不错(这不算大世界)，整体体验比较新颖和满意,positive,0.85,,2026-07-19 07:21:13
49597463,5,2026-07-13,抽卡谬虽然吃保底了但是十连四金原谅你了,positive,0.8,,2026-07-19 07:21:15
49597420,5,2026-07-13,游戏爆率挺高,positive,0.8,,2026-07-19 07:21:16
49579471,3,2026-07-12,为了卡缪入坑的，手机端画面真的又灰又糊，个人感觉比原神差，即使是武陵也阴森森的不好看，雾很大[心动小镇_难过]<br />玩法丰富，对新手来说比较复杂，基建有一定难度，游戏bgm差点意思，福利很难评，,negative,0.85,,2026-07-19 07:21:17
49596921,5,2026-07-13,可以可以可以，完全奔着画风来的，最后却被玩法和剧情打动，同类型开放世界的元素玩法和材料收集可以说是基本搭配，而终末地在养成上做出了创新，基建玩法可玩性比较好，剧情刚开头看走向感觉不错，期待后续的剧情,positive,0.85,,2026-07-19 07:21:18
47849310,3,2026-02-16,三测反应的问题没有改，福利扣，基建局限性大，普票资源获取手段少，武库配额绑定卡池，卡池没保底导致必须120抽才能下池，不推荐入坑，鉴定为半成品，半年后如果有改变会改评价<br />剧情体验回暖，抽卡体,negative,0.85,,2026-07-19 07:21:19
47541519,1,2026-01-22,这几天体验下来，评价一下。<br />1。开服第一，二天，肝前几章，抽新手池抽出个辅助，辅助还是之后签到七天送的，你还会玩吗，你前期咋办。<br />2。然后你硬玩，玩的各种难受。开服到现在14，5天,negative,0.85,,2026-07-19 07:21:21
49596087,1,2026-07-13,能歪好几次的神人保底给我抽破防了特地来打个分其他都挺不错抽卡-4分,negative,0.85,,2026-07-19 07:21:22
49583512,5,2026-07-12,近未来工业风真是太棒了，玩的最舒服的3D二游，米拟世界真是玩的够够的了。无需多言，伟大的太阳神拉海猫已经证明了他对游戏的爱。<br />7年了，玩过许多二游，也曾有很多都倾注了很多心血与感情，但很遗憾,positive,0.9,,2026-07-19 07:21:23
49595823,5,2026-07-13,可以可以30发就出了卡缪,positive,0.9,,2026-07-19 07:21:24
49595606,5,2026-07-13,感觉有点肝,negative,0.6,,2026-07-19 07:21:26
49595164,5,2026-07-13,老终虽然开服节奏多，但yj后面也在不断改正啊，现在也是越来越好了，新手的话，最近武陵新版本福利很多，非常适合入坑啊,positive,0.85,,2026-07-19 07:21:27
49594924,3,2026-07-13,看懂的谁不哭，我难受死了啊，虽然是被骗进去的，但是武器池和角色池都吃满是啥意思啊，我太痛苦了太痛苦了[表情_豹哭][表情_豹哭][表情_豹哭]<br />四号谷地真的是一面防火墙，过去了后面的可玩性还,positive,0.65,,2026-07-19 07:21:28
48983226,2,2026-06-09,看完前瞻，终末地现在两个问题，一是基建门槛，这点官方明显已经发现，一边努力推出新玩法的同时下版本四号谷地全跳就是一个尝试，但基建毕竟是终末地底层架构，玩家现在的一切体验和未来的新玩法，它始终是绕不过去,negative,0.85,,2026-07-19 07:21:29
49528725,1,2026-07-08,指引简直是大粪一坨，根本不知道在说什么鬼东西，拿个材料被一个侵蚀卡半天，查攻略说要去弄炸药图纸，弄半天攻略也是杂七杂八的,negative,0.9,,2026-07-19 07:21:30
49594228,4,2026-07-13,为了卡缪和阿达希尔入坑，这个肝死我了，3天120抽吃满抽卡缪气死我了，小羊3命了哈哈哈哈，zmd鼠了,negative,0.85,,2026-07-19 07:21:32
49594198,4,2026-07-13,整体非常可以，可玩性很高，建模非常精致，剧情也非常精彩，很期待后续剧情^ω^。,positive,0.95,,2026-07-19 07:21:33
49594173,4,2026-07-13,是挺好玩的，但是有点肝,positive,0.6,,2026-07-19 07:21:34
49594117,5,2026-07-13,最近玩上瘾了呀，太好玩了吧哎呀，必须强烈推荐，而且这游戏对低配手机的适配性做的特别好，有的低于最低配置时的手机也能玩，而且很流畅的，比其他游戏强太多，真的很好玩，强烈建议入坑，反正我是觉得很好玩。,positive,0.95,,2026-07-19 07:21:36
49594086,5,2026-07-13,游戏特别好，就是适应一下战斗技能释放模式和操作手法,positive,0.7,,2026-07-19 07:21:37
49593727,5,2026-07-13,回归就出双红，爽了,positive,0.9,,2026-07-19 07:21:38
47551571,4,2026-01-22,之前上班不方便，退坑了几个月，最近闲了，玩了异环、鸣潮、绝区零，结果发现还是终末地最适合我，大世界探索真玩不来，zzz老米的游戏实在太肝了,positive,0.85,,2026-07-19 07:21:39
49593603,5,2026-07-13,喜欢玩基建喜欢到尾不喜欢玩基建的也就不喜欢总体是比较挑玩家的游戏,neutral,0.6,,2026-07-19 07:21:41
49593294,2,2026-07-13,太姬霸吃手机配置了,negative,0.8,,2026-07-19 07:21:42
49592985,5,2026-07-13,美术真的很顶<br />福利也不错,positive,0.9,,2026-07-19 07:21:43
49592892,3,2026-07-13,他妈的，剧情有bug，狗屎卡妙的任务，我他妈过了两遍,negative,0.9,,2026-07-19 07:21:44
49592783,5,2026-07-13,就基建有点难前期剧情过的慢过了一点就要升级,negative,0.6,,2026-07-19 07:21:46
49592440,5,2026-07-13,毕业简单，肝度适中,positive,0.8,,2026-07-19 07:21:47
49592411,5,2026-07-13,还好，上手难度有点大,neutral,0.6,,2026-07-19 07:21:48
49591969,5,2026-07-13,是我喜欢的建模，剧情有趣，可玩性高，新手福利也很多，而且新手引导很细致，特别适合我这种容易玩不太懂的人,positive,0.95,,2026-07-19 07:21:49
49591634,4,2026-07-12,开局肝的要很多，新手教程也有很多，基建教程比较繁杂，但是有蓝图，整体体验较好，有耐心玩下去的话，会有一个不错的体验。,positive,0.7,,2026-07-19 07:21:51
47565234,1,2026-01-23,新手任务都有三个多小时，过完还一发十连都没，新手池出黎风，up池出三天送的羊。<br />💰肝氪度：<br />非常肝。,negative,0.85,,2026-07-19 07:21:52
49591454,4,2026-07-12,玩了很久了，别看我只有77小时我把taptap删了还接着玩了俩月。开服第二天入坑的现在也算是老登了。我觉得我应该有资格来说说这个游戏<br />作为面前国内三大开放世界二游都玩过的人，玩了鸣潮和原神后,positive,0.85,,2026-07-19 07:21:53
49591393,5,2026-07-12,谁说我是色鬼被骗去拉电线了，我只是爱当电工罢了,neutral,0.5,,2026-07-19 07:21:54
49591269,1,2026-07-12,抽角色次次歪[表情_捂脸哭],negative,0.8,,2026-07-19 07:21:55
49591185,5,2026-07-12,卡缪，明明是个女人的名字啊,neutral,0.5,,2026-07-19 07:21:56
49591152,5,2026-07-12,基建是游戏的一大特色，剧情方面还行<br />但是游戏优化方面西需进一步提升,neutral,0.6,,2026-07-19 07:21:57
49591072,5,2026-07-12,工业模式不错,positive,0.6,,2026-07-19 07:21:59
49590956,4,2026-07-12,难度有些高,negative,0.6,,2026-07-19 07:22:00
49590873,5,2026-07-12,你说呢？夯爆了😁,positive,0.9,,2026-07-19 07:22:01
49590799,3,2026-07-12,为啥云玩扫不了码，我原手机号注销了😭,negative,0.6,,2026-07-19 07:22:02
49590747,5,2026-07-12,第一个玩的二游，当时看同学有在讨论预约终末地，我就尝试就在开服当天玩一下就退坑了（其实是被小陈萌进去的嘿嘿😍），后面抽卡运气也好就玩下去，后面差点被基建搞退坑（可以抄蓝图）😋也是越来越上头了，为了继续,positive,0.85,,2026-07-19 07:22:04
47651450,5,2026-01-30,向渊行版本即将上线，看完前瞻以后觉得诀和梨诺都很有用，但是我决定跳了抽小葱（祀）了，这样应该能保证她的专武能抽到～然后重启屯屯鼠的日常，等等喜欢的角色再旅这样。<br />前瞻出了多种战斗模式，也许应,positive,0.85,,2026-07-19 07:22:05
49590334,4,2026-07-12,有点小肝，前面的涅菲斯建模拉。到后面简直跟换了个人一样。特效不错 剧情还可以，期待后续呀,positive,0.7,,2026-07-19 07:22:06
49589722,1,2026-07-12,玩着非常累，不推荐，新手入坑就更不推荐了，杂七杂八的小零碎非常多，这要考虑那要考虑，玩个蛋[表情_吃瓜][表情_吃瓜][表情_困][表情_困][表情_困]官方不会考虑方便玩家的，我说的是基础上的，我感,negative,0.95,,2026-07-19 07:22:07
49588929,5,2026-07-12,欧买噶，被推送卡缪跑来玩，还有几天以为自己拿不到角色了，五十抽就出了nice，终末地的拉电线玩法出乎意料的让我感觉挺有意思,positive,0.9,,2026-07-19 07:22:08
49588687,5,2026-07-12,笑死，抽出六星立马弹评价弹窗，我要笑死了,negative,0.8,,2026-07-19 07:22:10
49588649,1,2026-07-12,玩尼玛的电力工人,negative,0.9,,2026-07-19 07:22:11
49588198,5,2026-07-12,依旧鹰角式优化游戏体验[表情_开心],positive,0.6,,2026-07-19 07:22:12
43476823,5,2024-12-17,不知道为什么，每个装备都能强化中有效词条，双爆词条都是最高档位，目前大小月卡全图鉴，武器池还有300抽，先给个好评,positive,0.9,,2026-07-19 07:22:13
49587337,3,2026-07-12,我吐血了，为啥老运行内存异常闪退，我手机32G的运行内存到底是你们谁的问题,negative,0.9,,2026-07-19 07:22:14
49587195,5,2026-07-12,虽然说拉电线有点难度但也确实有可玩性，而且福利也比较多，卡池爆率高,positive,0.85,,2026-07-19 07:22:16
49586932,1,2026-07-12,地图又大又乱，剧情又臭又长，玩个像来当兵的<br />过个任务先过一遍又大又长的跑图打怪，然后进入一段固定套路的剧情，差不多一个小时完成一个章节，令人反胃。<br />全是机关费脑子考操作，又累又烦。,negative,0.95,,2026-07-19 07:22:17
49586729,4,2026-07-12,也是开服就玩了，这个时长不太准确，因为我玩到后面才开时间的授权。<br />算是明日方舟的老玩家了，在蒂蒂那个活动开始时候入坑的，原本是因为有在旅者小羊才来的，现在不仅喜欢小羊，还喜欢上了女管。前期4,positive,0.7,,2026-07-19 07:22:18
49576821,5,2026-07-11,别看我时长我是pc玩家。<br />基本全勤，就只有两天长草忘了上线了。<br />还在观望的哥们我来给你们讲解下好吧。<br />1.卡池<br />这游戏卡池，80抽必出一个角色（可歪常驻，up）,positive,0.7,,2026-07-19 07:22:20
49586457,5,2026-07-12,就凭我新号十连出了这个骚男人，我要给五颗星,positive,0.9,,2026-07-19 07:22:21
49586444,4,2026-07-12,医疗塔后期几乎无用，滑索功能有待改善，大地图要建设塔防打怪，BOSS战却又抛弃核心特色，资源建设前期很有趣，建好后又只是拿资源去换资源，废土重建的感觉总是差点意思,negative,0.8,,2026-07-19 07:22:22
49586424,1,2026-07-12,问题是我到现在都觉得这游戏不好玩我退坑过很多款游戏他们都曾经让我想起来当时玩的欢快终末地是个例外他是唯一一个我玩了一个月退坑之后回想起来没有快乐只有上班的疲惫感到现在的感觉就是他想装那个牛逼实际上自己,negative,0.9,,2026-07-19 07:22:23
49586182,4,2026-07-12,战斗体验不是很好,negative,0.7,,2026-07-19 07:22:24
49585879,5,2026-07-12,从1月22日开服的两个星期，把令人枯燥的四号谷地拉满之后就进入了长达近六个月的淡游时期，七月份被卡缪吸引正式回归，说说以下观点吧（仅供参考）（手游）<br />——首先第一点，终末地是我至今从开服玩能,positive,0.7,,2026-07-19 07:22:25
49585751,3,2026-07-12,天天拉电线，搞基建，前期玩的还行，后期长草太无聊了,negative,0.7,,2026-07-19 07:22:27
49585559,1,2026-07-12,TMD太痛苦了太抠了要不是卡缪谁TM玩这个 一直大保底也是牛逼玩法也一般 剧情也一般 全是靠角色撑起来的 要不是卡缪我都不想玩 结果还一直不出 新手爆率也这么低吗,negative,0.9,,2026-07-19 07:22:28
49585492,5,2026-07-12,感觉非常好啊，第一个十连就出了。,positive,0.95,,2026-07-19 07:22:29
49585179,5,2026-07-12,开局十分顺利，打击感很足很爽。建模很戳我的心。,positive,0.9,,2026-07-19 07:22:30
49584994,4,2026-07-12,"开服老玩家了,总体上我感觉还不错的,鹰角也算比较听劝,几个版本下来优化做的还是相当不错的，如果能把卡池机制再改改就更好了[表情_吃瓜]",positive,0.8,,2026-07-19 07:22:31
49584875,5,2026-07-12,设立为非常的精致，超级喜欢的，最喜欢在雨天的时候埋头苦干[表情_斜眼笑],positive,0.9,,2026-07-19 07:22:32
49584120,1,2026-07-12,我能说我一开始玩到武陵了[表情_捂脸哭]，没后续内容了 卸载后过了一两个月又下载回来了，发现我的游戏数据没了 号都没了，要从头开始[表情_生气],negative,0.85,,2026-07-19 07:22:34
49584118,4,2026-07-12,这游戏很吃受众,neutral,0.6,,2026-07-19 07:22:35
48390010,5,2026-04-17,玩的时间不算长，没咱玩过方舟前作，而且玩法相对于二游中算小众的。可能对于其他二游中来说这玩法比较不够大众，可能接受不了，但这也是它的独特，嗯…而且官方也对游戏内相关后续的问题做出改变，比某些[表情_吐,positive,0.7,,2026-07-19 07:22:36
49583597,3,2026-07-12,歪懵逼了，出了七八次金全都歪了，唯一两个up也是歪出来的,negative,0.85,,2026-07-19 07:22:37
49583086,5,2026-07-12,其实真的很喜欢基建玩法，喜欢这种硬核二游，人物地图场景也做的很好（许愿李织烟）,positive,0.85,,2026-07-19 07:22:38
49582902,3,2026-07-12,游戏本身其实没什么大问题，就只是对设备的优化不是很好，搭载天机9400+，骁龙8Gen3这两款CPU的设备发热严重,negative,0.6,,2026-07-19 07:22:39
48142940,3,2026-03-22,没有我喜欢的角色（等有了给他改成五星好评）,neutral,0.6,,2026-07-19 07:22:40
49582745,5,2026-07-12,很好玩，武陵明显比谷地好玩很多，每一个主线副线人物我都很喜欢<br />很肝，立绘非常貌美，配乐和配音也很贴，很喜欢,positive,0.9,,2026-07-19 07:22:41
49582672,5,2026-07-12,吃大保底就行,negative,0.8,,2026-07-19 07:22:43
49582629,4,2026-07-12,对我这种对基建比较喜爱的玩家来说真的还不错。现在工业产线速率马上要上来了挺期待的。就是帝江号有点简陋，就是没有休闲类的玩法，能不能给帝江号加点类似队员房间，布置场景，等等休闲类的区域求求了[表情_举手,positive,0.8,,2026-07-19 07:22:44
49582503,1,2026-07-12,抽卡 tm 作妖了 花1200元， 都抽不到庄方宜 垃圾游戏,negative,0.95,,2026-07-19 07:22:45
49582457,1,2026-07-12,在我玩的与之类似的所有游戏中都没有看得上的老子他妈是过来打架的，不是过来看那些什么伤感剧情啊，还有那些什么什么的，烦人吗的。[表情_生气],negative,0.9,,2026-07-19 07:22:46
49582391,3,2026-07-12,明日方舟跟这个哪个好玩？,neutral,0.5,,2026-07-19 07:22:47
49582195,3,2026-07-12,我今6月买的1加ace6至尊带不动，但游戏是好玩就太大了[表情_豹哭][表情_豹哭][表情_豹哭][表情_豹哭][表情_豹哭],positive,0.7,,2026-07-19 07:22:48
49581937,5,2026-07-12,狂肝7小时70抽不歪，色鬼垂直入坑拉电线[表情_微笑]<br />玩不明白但是坚持，好帅好帅哈斯哈斯<br />💰肝氪度：超级肝到处跑基建累<br />🧝🏻‍♀️角色人设：魅魔管理员和一群可爱宝宝<b,positive,0.8,,2026-07-19 07:22:49
49581910,3,2026-07-12,工业拉完了,negative,0.8,,2026-07-19 07:22:51
47331154,3,2025-12-31,12.31我实在很难想象yj到底想干什么，这真的是2025年的游戏吗，玩法先不说，你这个卡池和地图资源才是被骂的重点吧，我只能说不改早晚的事死，你美术音乐功底再好也没用啊。<br />1.22好的，也,negative,0.95,,2026-07-19 07:22:52
49580777,4,2026-07-12,不是  我是真的不知道为什么  怎么我一直在造东西它却一直显示我一个都没生产  取货口物品是零还能一直出来 机魂大悦是吗现在造什么都不行零件去哪了？  开服的时候我就有这个问题  怎么现在还有,negative,0.9,,2026-07-19 07:22:53
49580653,5,2026-07-12,半周年快乐，从开服体验到现在确实能感觉到越来越好，一些基础的东西也在不断优化，像是远程收基建材料、基地外可以直接造设备、精锻一件填充之类的。<br />先谈缺点：抽卡是硬伤，卡池机制很难评，大保底会吞,positive,0.85,,2026-07-19 07:22:54
49580426,2,2026-07-12,明日方舟老玩家，对鹰角一直挺信任，但终末地确实夸不下嘴。<br />优点：工业基建是最大杀手锏：不像传统二游的一键基建，铺电网、规划传送带、分流器、蓝图系统，后期看着满屏流水线高效运转，确实有成就感。,negative,0.85,,2026-07-19 07:22:55
49580148,5,2026-07-12,从开服玩到现在，评价就是很喜欢，原神鸣潮绝区零都玩过但是唯独坚持下去的只有这款游戏我真的觉得里面人物一个个都有自己独特的个性而且手机端建模也不错而且武陵是真的好看！还有武陵危机那一章的压迫感是真足还有,positive,0.95,,2026-07-19 07:22:57
49579567,4,2026-07-12,不知道为啥老是莫名其妙的就死了，我设备也不行，只能玩云的，也不说画质不行吧，毕竟云的就那样，但是这个活动确实好无聊，每天除了清一下体力，我都不知道干什么了，我也打不过，哎呀，我没招了。,negative,0.8,,2026-07-19 07:22:58
49579439,5,2026-07-12,虽然前期有很多问题，但凭他对我这么欧，我还是得给满分,positive,0.8,,2026-07-19 07:22:59
49579390,5,2026-07-12,大世界，还有对人物的塑造，特别棒。,positive,0.9,,2026-07-19 07:23:00
49578963,5,2026-07-12,终末地是我第一款从开服开始玩的账号，我从去年十月底入明日方舟，觉得鹰角简直是一个完美的运营商，终末地不仅完美继承了明日方舟不逼氪无强度焦虑，还有量大管饱高强度更新的地图和剧情，海猫也真正做到了“我们的,positive,0.95,,2026-07-19 07:23:02
49578674,5,2026-07-11,除了开局有点肝，其他都还好，部分人玩大世界游戏入脑，总要跟大世界一样，抽卡也要一样垫池子，真是腌入味了，串子吃黑流量的死一死,positive,0.7,,2026-07-19 07:23:03
49536116,5,2026-07-09,不好玩，上司恋爱脑不干事，敌人像开挂一样强无敌，根本打不过，手下还菜，四号谷地还能玩玩，到武陵根本玩不了，我现在还在侵蚀潮里泡着呢，无语了...,negative,0.9,,2026-07-19 07:23:04
48206653,2,2026-03-30,唯一能夸的只有建模，武陵的场景美术独树一帜的好看，玩法还算标新立异，但实际体验并不怎么样。<br />大部分时间是在pc玩的，这游戏恶心人的小巧思多到了我这个明日方舟前作老登，二游老吃家都遭不住的地步,negative,0.9,,2026-07-19 07:23:05
49556505,5,2026-07-10,满昏！必须满昏！！！[表情_+1][表情_+1][表情_+1][表情_+1][表情_+1]主要在pc上玩所以显示时长很短，目前进度刚到武陵。我上一次深度体验二游还是十年前，对二游的印象就停留在“几乎所,positive,0.95,,2026-07-19 07:23:06
47070768,4,2025-11-29,也是成老登了，除了个别小毛病，还是可以的，不肝不氪（慢慢玩不怕肝，不用怕掉队）,positive,0.8,,2026-07-19 07:23:07
49513987,2,2026-07-07,好一般的二游救命，剧情好枯燥，感觉水水的，角色也没啥记忆点，塑造的一般，没有那种一定要给她抽到的激情，唯一有点意思的就是洛茜的剧情了，萌萌的。汤汤后面剧情写的一般，我知道你是想体现他俩兄妹感情很好，因,negative,0.9,,2026-07-19 07:23:08
49498639,2,2026-07-06,1. 基建系统：繁杂臃肿，无趣坐牢<br />目前的流水线和基建设计空有复杂的表象，缺乏核心驱动力。UI反人类、连线繁琐，并没有带来硬核自动化的成就感，反而将玩家绑架在低效的资源流转中，让游戏沦为枯燥,negative,0.9,,2026-07-19 07:23:10
49263823,4,2026-06-27,本大串子逃逸了，走之前补情怀评分。<br />终末地这款游戏适合：<br />明日方舟玩家，精打细算的资源规划高手，土豪，魂游大神。<br />——<br />本来想着打个两星随便串两句解决一下抽卡猛,negative,0.9,,2026-07-19 07:23:11
49512637,1,2026-07-07,玩着玩着基建卡你一下，调度券卡你一下，地区建设卡你一下，地图设计也要来卡你一下，想解决这些卡进度的地方有些时候还得等上两三天，玩法体验非常不顺畅。战斗又不能战斗爽，技力连携这些时不时也来卡你一下，然后,negative,0.9,,2026-07-19 07:23:12
49397004,1,2026-06-30,二游我玩的不多，不过像终末地这种的二游喜欢大场景和演出效果的可以去玩玩鸣潮，又或者自由度高一点的可以试试异环和原神，特别喜欢基建玩法的可以去看看幸福工厂戴森球啥的这些都挺不错。<br />到终末地我就,negative,0.85,,2026-07-19 07:23:13
47086014,2,2025-12-01,（这应该是这个游戏最后一次长评了）<br />全勤党准备退游了，实在有点玩不动了。卡池已经五连歪，我宣布终末地的卡池是世界上最伟大的卡池。<br />什么叫你的角色卡池有120抽大保底，但是每个版本清,negative,0.95,,2026-07-19 07:23:15
49394782,2,2026-06-30,画面、角色设计和建模不错，养成资源多，每个版本更新的影拓丰碑和解谜活动挺有意思<br />以上，是这个游戏的全部优点，剩下的基本都是扣分项<br />每个版本免费能拿的卡池资源大概够抽小保底还多点，要,negative,0.85,,2026-07-19 07:23:16
49269434,2,2026-06-27,好累，玩起来真的好累，基建都不是让我觉得烦的，最烦的是这个跑图和开荒流程，地图就喜欢设计一堆高低差，结果角色只能小跳，还没有一个能跑图的东西，全靠走，看着只要能跳高点或者能爬轻松到的地方，非要绕一个大,negative,0.95,,2026-07-19 07:23:17
49333465,5,2026-06-29,鹰角游戏都这样吗？虽然我玩别的游戏也没有双金过，但他真的太会了，在出双金的时候叫你去评价，那我肯定是大大滴好评如潮！！<br />原本不想抽卡缪的，临时十连出了你找谁说理去，那只能说[表情_歪嘴笑]给,positive,0.9,,2026-07-19 07:23:18
49272160,2,2026-06-27,玩的端游，优化很不错，42很棒。本以为这辈子不会再碰到米池了，没想到硬生生吃了保底，还氪了的情况下。<br />本就没太多时间去玩，抽卡资源难改。并且抽卡体验极差，歪率极高。武器也是吃保底，虽然武器不,negative,0.9,,2026-07-19 07:23:19
49331573,3,2026-06-28,这游戏我感觉有这几个问题<br />1 版本资源太少，如果脸黑只够小保底<br />2 地图探索的时间和收获不成正比，探索半天发现才够几抽<br />3 卡池机制不合理，在版本资源少，大保底在歪角色后,negative,0.85,,2026-07-19 07:23:20
49401888,3,2026-06-30,玩的pc，先说优点，不知道移动优化怎么样，但是pc优化是还不错的，然后人物建模是不得不夸的一环。然后就是我觉得最需要改进的地方，除去卡池等经常被骂的问题不谈，最严重的就是活动问题，完全就是为了出活动而,neutral,0.7,,2026-07-19 07:23:21
49261762,1,2026-06-27,抽卡抽的我真的是没话说了，出六星的概率比海猫被陨石砸中的概率还低，而且剧情线到后面，都歪到哪里去了，从刚开始的废土到跟大葱调情,negative,0.85,,2026-07-19 07:23:22
49330100,5,2026-06-28,一开始只是觉得美术很顶，其他没啥，基建不是很会玩所以一直在抄作业。抽卡的弊病是有，但是无伤大雅，月卡党表示想要的都拿到了。<br />突然想过来给个好评纯是给危机合约打的，二游市场极其罕见的高难玩法，,positive,0.85,,2026-07-19 07:23:24
49051675,3,2026-06-16,玩了挺久的补充一下吧。我有很多方面不了解，只会简单评价。<br />🎮可玩性：一般。<br />1.沉浸探索乐趣会因为过于狡猾变成速溶咖啡。掉水里咯。<br />2.基建建设：中规中矩，不出错也不出彩,neutral,0.6,,2026-07-19 07:23:25
49323623,2,2026-06-28,可恶啊，真的可恶，开服玩了两个月因为可玩性和肝度而退游，这一次回游也让我非常的烦躁和难受。这个游戏肯定是有不少优点的，但我觉得这不需要我们玩家来说，所以以下我所表述的都是我认为的缺点和不足。<br /,negative,0.9,,2026-07-19 07:23:26
49291990,5,2026-06-28,设定总是在不经意间给你一个小惊喜，当然了例如不能攀攀，箱子卡脚跳不上去这类让人不爽的设定外，雨天湿滑的皮革，武陵城市的繁华热闹，代入感很强。抽空会歪，但是会歪以往的up池，这个设定确实不错。,positive,0.7,,2026-07-19 07:23:27
49309497,1,2026-06-28,不让你肝，就是逼氪，整体资源就那么点刚开始就把原神两年路走完了地图上关键路点必须来点小怪然后掉落物还只能做提升的药然后到了需要药瓶的时候又禁用药瓶，人设所有人听个传说就跟狗皮膏药一样黏上来，人气也是女,negative,0.9,,2026-07-19 07:23:28
49300533,5,2026-06-28,游戏玩法只值三星，基建对于相当一部分玩家来说还是比较头疼的，包括遇水即溶不能爬山之类的，真实游玩体验的话有时候真的会头疼<br />角色美工五星，角色设计的是真的很好看，建模特别精细，鹰角的美工还是没,positive,0.8,,2026-07-19 07:23:29
49082608,4,2026-06-19,发一个不合格的评论。<br />买了新电脑（天选6pro）后我就下载终末地玩，因为一直听朋友说很上头。<br />体验了5天，感觉不合适，卸载了。[表情_委屈][表情_委屈][表情_委屈]<br />,negative,0.85,,2026-07-19 07:23:30
49283084,2,2026-06-27,从明日方舟入坑的玩到38级了真给我劝退了这基建跟方舟里的基建可以说毫无关系基建里各种各样的不好认识的名词什么机什么机而且角色养成跟基建强绑定你如果要玩下去就必须去搞基建对我来说基建是真的无聊。除此之外,negative,0.85,,2026-07-19 07:23:32
49297821,4,2026-06-28,箱庭的可玩性还是很高的，地编尤其出彩，一开始有点不太适应不能游泳不能攀爬，习惯了之后发现找到对的路线和入口也非常有意思。基建前期我还能自己搓，但是后面那个配方越来越长越来越长，一晚上只够搓出来一个重息,positive,0.7,,2026-07-19 07:23:33
49117011,3,2026-06-23,每次更新完就只能拉几根电线，拉完后每天只能无聊地做日常，基建还是太少了,negative,0.8,,2026-07-19 07:23:34
49171571,5,2026-06-26,好玩是好玩就是对设备要求有点高你设备太低了玩起来有点卡会发烫,positive,0.65,,2026-07-19 07:23:35
49009473,3,2026-06-12,终末地最大的问题是基建，最小的问题也是基建，我做为牢东西感觉大部分因粥入坑的玩家都只是想玩3d版明日方舟的，加上跑图问题，明明地图都做挺好，偏偏是箱庭，一会人融于水一会人融于水的我耐心都给磨没，想抄个,negative,0.85,,2026-07-19 07:23:36
49563789,4,2026-07-10,感觉没有很多差评里说的那么不行吧，我现在具体玩下来稍微有点难受的就是卡池方面 但是也在我可接受范围内(我是三只小羊开局)他们说让我重新开个号不过我没重开一样能玩就是了。<br />基建方面，我自己是抄,positive,0.8,,2026-07-19 07:23:37
48900644,2,2026-05-31,准备退游了，想要入坑的新手们可以看完这个评论再决定是否入坑。事先叠甲我是开服老玩家，莱万汀卡池小保底吃满才出，但不管怎么样没歪是好事，虽然后面隔一个月时间退游了，因为这游戏太吃设备了，且容易发烫。后面,negative,0.95,,2026-07-19 07:23:38
49268466,5,2026-06-27,立绘建模都喜欢，特别是场景都很好看，而且人物不刚需命座。第一次接触很多新机制，确实可能不太习惯，但慢慢上手之后会发现其实都挺简单的。<br />特别是没有类似于圣遗物的东西，养成都是有一个固定的上限，,positive,0.85,,2026-07-19 07:23:40
49122232,5,2026-06-23,优点:美工好，画风很好，战斗爽，基建玩法很有创意每天上线不是很肝，剧情也开始又改观（谷地剧情是真的烂）<br />缺点:长草时间太长了，卡池太深了，太欧和太非都玩的很难受，本人开服玩到现在只有两个限定,positive,0.7,,2026-07-19 07:23:41
49027308,1,2026-06-14,做为六年老粥p，目前为止仍对终末地极其不满意<br />剧情既没有粥固有的宏达叙事风格也没有做出自己的风格，很难让人有兴趣去看。目前角色里甚至没有让我感觉塑造得印象深刻的存在。而且主线剧情尤其差，除了,negative,0.95,,2026-07-19 07:23:42
48919670,4,2026-06-03,刚开始玩目前综合能给三星半到四星这样吧。说下玩下来个人感觉比较难受的点：<br />1.首先就是传送点太少要自己搞滑索，导致前期玩着很折磨，既然都搞那个协议源石传送了为什么不能直接造一些用来传送呢。<,positive,0.7,,2026-07-19 07:23:43
49051972,4,2026-06-16,手游吗，画质开高了手机就会发热，再加上天气，烫的玩不了一点，画质低了看着又难受,negative,0.85,,2026-07-19 07:23:44
49577643,4,2026-07-11,这是一条在7.10号半周年前瞻后的评价<br />我认为终末地是个好游戏，但是他需要的是时间，本人是一位从1.22号以来一直体验终末地的玩家，当时看见网上各种对终末地的评价，感觉心里挺不舒服的，因为我,positive,0.7,,2026-07-19 07:23:45
49577030,3,2026-07-11,基建筛选玩家，看每个人都接受程度如何，刚开始尤其是开服版本，又是拉电线又是建基地还要采矿过剧情，是真累人，而且感觉玩久了有点晕，画面也是有点灰扑扑的感觉。<br />不过角色建模是真好看呀，每次退游总,neutral,0.7,,2026-07-19 07:23:47
48224760,3,2026-04-01,好玩是真的好玩，推荐也是真的不推荐。<br />更新了很多东西我重新编辑一下。<br />只能说从负数到0的游戏。<br />1.1-1.2我愿意称之为游戏的第四测，最不傲慢的一集。<br />依旧集,negative,0.9,,2026-07-19 07:23:48
49563874,5,2026-07-10,玩了一个星期退游了<br />先说结论太肝了太肝了，典型的付出与收获不成正比<br />1.这游戏的基建系统很废脑子，不然就是去抄攻略，我这种死活不看攻略的犟种被折磨疯了，而且你完善的基建系统付出与收,negative,0.95,,2026-07-19 07:23:49
48412226,4,2026-04-19,「可玩性与玩法」<br />还是比较挑人的 但0基础的也不必因此果断不玩[表情_大笑]简单概括下就是基建难度不高可抄蓝图 前期多任务堆叠等问题长草巨快 但玩下去会感觉还好 想看入坑建议的直接翻到最底下,negative,0.7,,2026-07-19 07:23:50
49467549,4,2026-07-03,我将用最直白最不绕弯子的话告诉你。<br />骗色鬼进去当电工（<br />角色立绘建模的话很好看。人设也挺好的。入坑三四天拿下卡缪。解谜很好玩呀...玩多了就熟练了，画面音乐极其牛逼。<br />我,positive,0.7,,2026-07-19 07:23:51
48977706,4,2026-06-08,不多说了，也是终末地前缀游戏跟过来的老玩家，一开服就开始玩了，也是一直玩到现在，除了偶尔几天三次元生活累了不想上线以外基本全勤，也是可以随便说两句吧！<br />先说优点：<br />1.抽卡轻松。虽,positive,0.85,,2026-07-19 07:23:52
49085291,1,2026-06-20,6/20更新：危机合约重燃测试不愧是高难度挑战，而且是超高难度挑战，开局零能量启动，还要自选一堆负面效果，看来是得了我原的精传呐，原本没办法启动大招战斗就刮痧了，现在还整那么多负面效果，前面送个月卡还,negative,0.95,,2026-07-19 07:23:54
47400346,3,2026-01-08,三测15级被劝退的玩家，基建玩法真的不喜欢，但是是方舟老玩家还是决定留下观望。公测玩不玩取决于公测前瞻直播里介绍的公测情况。<br />粥牢玩家，看了俩男角色好好看啊，想为了男角入坑，但是这个基建玩法,neutral,0.7,,2026-07-19 07:23:55
49039842,5,2026-06-15,我是开服全勤老登，怎么说呢，基建玩法挺小众的，但可玩性又都在基建，我感觉这游戏挺适合云玩的(反正后期就是收菜)，上手难度对我来说比较友好，说到服务态度比友商好一些(起码会默默改)。<br />os：<,positive,0.7,,2026-07-19 07:23:56
49564259,4,2026-07-10,其实我觉得这个基建如果不喜欢这个玩法真的挺雷霆的，本人在大更新后也特别讨厌折腾新的基建，不过下个版本好像优化了一些，然后有一些传说任务做的挺一般，不喜欢也得硬吃拿玉，建模师是什么问题的，美术风格很不错,positive,0.7,,2026-07-19 07:23:57
49045997,3,2026-06-16,首先一个游戏你起码要可玩性高一点，现在的现状就是新版本地图一开完，剧情一过完就长草，平时也不知道干啥[表情_怒][表情_怒][表情_怒][表情_怒]<br />优点就是终末地的UI交互真的做的很好，就,negative,0.7,,2026-07-19 07:23:58
48874746,3,2026-05-29,只玩到小红帽版本，庄方宜池子上线前退的坑，仅代表个人体验。<br />剧情方面:<br />世界观令人遐想，但表现出来的让人难以接受。经典谜语人，挖了许多坑，多到已经让我不期待这些坑怎么填了。剧情叙事,negative,0.85,,2026-07-19 07:23:59
48185170,4,2026-03-28,7.10 装备好像减负了，加一星，希望调度券能有溢出的一天。<br />凹过了45，改成3星吧<br />终末地，危机合约，一个以折磨恶心玩家为目的模式，纯靠凹聚怪凹攻击，45-47纯粹dps竞速，纯,negative,0.85,,2026-07-19 07:24:01
47643260,1,2026-01-29,7/11**<br />2/6哈哈哈哈哈😂，在明日方舟六号直播前怕直播间被冲爆选择在四号晚九点投降，但是字眼全是优化没有一点道歉。然后，六号更新洁尔佩塔个人任务，好家伙，开局还是送快递，奥不对，是送外,negative,0.9,,2026-07-19 07:24:02
49520581,3,2026-07-07,我主要是在ipad和电脑上玩的，用手机下的taptap进行评价，因为手机上打是真的特别特别卡。长期玩明日方舟对yj有好感，也是冲着明日方舟的前缀玩的终末地。可以去搜我名字于思澈，现在52级，抽了卡缪。,negative,0.85,,2026-07-19 07:24:03
49574089,3,2026-07-11,整体感觉还是挺不错的，角色建模挺好看的，还有拉电线等新奇的玩法，就是剧情的话，有一些感觉有点左右脑互搏，特别是那个池中宝我也不多说啥了，做过人都知道，还有做完主线任务和支线那些就没有什么事可干了无聊的,positive,0.65,,2026-07-19 07:24:04
49533685,4,2026-07-08,观望的可以看看，喜欢就试试嘛，正好1.4更新，可以跳谷地了，不过基建还是逃不掉，池子其实主要武器池有点毒(主要自由度不太够)，角色不追潜能体验不错，理论也没必要追潜能(不过有些名片是真的好看啊，虽然w,neutral,0.7,,2026-07-19 07:24:05
48962234,3,2026-06-07,中规中矩的游戏，没有什么亮点也没有什么大雷，最大的问题是生错了时代。作为一个箱庭基建类游戏最大的问题是对基建的认知不足，处处卡效率，换版本换基建，在汤汤池那会我还会自己搓一下基建，小庄那会已经玩不动了,negative,0.85,,2026-07-19 07:24:06
49574882,3,2026-07-11,可玩性:<br />拉电线，基建玩法可以，初期看着一点点把基建建起来挺有意思的，地图设计的也挺好，风景也好，但说实在的玩多了也确实有点累人，而且重复吧。<br />战斗系统，目前来说不怎么需要升装备就,negative,0.7,,2026-07-19 07:24:08
49575968,5,2026-07-11,终末地是我目前玩二游中刷角色产物最简单的 比隔壁圣遗物或者声骸简单多了网上抄个产线就好了 基质慢一点五次也可以出 而且数值膨胀也不会很大 刚开服的常驻四c物理队也还能打 问题就是终末地长草期太长了 肝,positive,0.7,,2026-07-19 07:24:09
48909853,4,2026-06-02,看了一下大家的评价，我觉得我应该是有一点发言权的，我这里不黑不吹的说一下终末地这款游戏是什么样的：<br />1：首先就是建模问题，终末地的建模已经算很精致的那一类了，说脸部建模一致以及同类发言的，你,positive,0.7,,2026-07-19 07:24:11
49557954,5,2026-07-10,7月10<br />好玩，可玩性是近期二游最多的吧，评分还是那么低我是没想到的，我开服退坑了段时间，洛茜池子退的坑，当时非的不想玩了，是老庄池子后期回的坑，领了几张月卡。<br />最开始玩的时候是挺,positive,0.85,,2026-07-19 07:24:12
47013522,1,2025-11-25,（全评论总字数≈2万字，记录zmd事迹）<br />4/18，庄方宜版本，综合玩家评价，此版本剧情整体观感比起过去的你游，要强很多。不过这段剧情的主要角色自毁倾向严重，不知是否伏笔。<br />至于岁,negative,0.85,,2026-07-19 07:24:13
48853973,2,2026-05-27,唉其实我是一个特别懒的人一般懒得给游戏写评论，但是这个游戏不吐槽吐槽我会把自己憋死的，于是来开回回改了好几次写了个总结版。<br />我：我是为了卡缪入坑的，吃满了120抽。之前玩过的二游不算多但热门,negative,0.9,,2026-07-19 07:24:14
49577389,5,2026-07-11,刚开始始玩的比较肝，到了后期就好多了，不过要先把基建搞好，不然会比较麻烦，药和装备都造不了，但是我发现不造装备和药对于推主线没什么关系，打BOSS的话，不用装备，自己采的药，也够打，也能打，总体来说还,positive,0.85,,2026-07-19 07:24:15
49576038,4,2026-07-11,就是剧情那个震动震的有点我想吐。画面震动效果震的我就想吐，知道吗<br />其他都很棒,positive,0.7,,2026-07-19 07:24:17
49572328,5,2026-07-11,前期舟挖的护城河很深，有些串子就开始乱说了。[表情_捂脸哭]玩了上百个小时，认为这款游戏的准入门槛不低，尤其是基建和拉电线的过程会筛选掉很多人，慢慢玩下去，武陵的东方美学让我叹为观止，庄方宜的剧情更是,positive,0.85,,2026-07-19 07:24:18
48921739,2,2026-06-03,基建玩法很无趣， 还有就是滑索明明以前能滑索穿过的地方，现在穿不过。有些地方人物都已经穿墙过去，都能过去。但是一些地方没穿墙就是不能过去。还有就是抽卡，疯狂抽小红帽结果抽出两个常驻池角色。大保底才出小,neutral,0.6,,2026-07-19 07:24:19
49553427,5,2026-07-10,好就是好，不用刷那些运气圣遗物，只要肯练几天就一定能打,positive,0.85,,2026-07-19 07:24:20
49574595,1,2026-07-11,我不行了，我要气死了，因为卡缪，然后才回游的，上个卡池本来歪了个小羊，然后没抽，一直攒着，跳过这个角色，结果等到卡缪卡池，给我歪了一个上个卡池的角色，然后呢我又抽，又给我歪了个常驻，本来就很生气了，武,negative,0.9,,2026-07-19 07:24:22
49551023,4,2026-07-10,除了抽卡只要不一次性抽120抽就可以歪一辈子以外都挺好的感觉,positive,0.7,,2026-07-19 07:24:23
49576237,4,2026-07-11,呃，这玩游戏真还可以了至少就移动端跟PC端两个我都体验过了。Pc的不用讲了，玩的很好。另外移动端让我没想到的是，他移动端的优化也能做到这么好。就是我玩明朝的时候，移动端体验是非常差的。基本上不玩PC端,positive,0.7,,2026-07-19 07:24:24
49577558,2,2026-07-11,我玩的时间不算太长，玩了四天有的说的有可能不太对请见谅‖特别肝 只有送的多，资源特别少，剧情中资源给的少可怜 那个武器池我感觉武器贬值贬的特别厉害，武器根本不值钱啊我感觉，卡池的歪率也挺高的，有些人很,negative,0.9,,2026-07-19 07:24:25
49434756,5,2026-07-01,没有耐心和急性子的最好不要玩，这游戏因为是箱庭会有地形限制这些，很容易破防，没看路掉下水和悬崖太搞了。<br />仓库互通到底会咋滴，少点东西跑动跑西的？而且武器池只能抽角色才能有（信誉买的那点都不够,positive,0.75,,2026-07-19 07:24:26
47812618,2,2026-02-12,【前言】<br />1.主要是在pc玩的，体验基于pc，移动端就收收菜。<br />2.我计算了一下零氪在各种情况下的限定角色+专武的大保底情况，结果不容乐观，计算过程和结果我放在后面了，往下翻翻其中,negative,0.9,,2026-07-19 07:24:28
47232420,3,2025-12-20,最近回坑又玩了一下，弄了庄葱葱一队，评价提升一颗星，野怪比刚开始打起来好了点，感觉上福利也比之前好了点，最近玩了其他几个游戏，回坑玩了玩，跳水里就淹死，高处跳下摔不死，就想吐槽一句，终末地这么多人，没,neutral,0.65,,2026-07-19 07:24:29
47618361,3,2026-01-27,新卡池也是招到了我这个退游的家伙了，嘻嘻，卡缪真好看[表情_流口水]，武器和角色都是大保底严肃拿下<br />没玩过方舟家的游戏，基建很有意思，自己琢磨整出一条线，新的材料生产出来就很开心。（产线优化,positive,0.65,,2026-07-19 07:24:30
48378536,3,2026-04-16,本家来的，玩着玩着气笑了，一个一个说吧，大家可以自行跳到感兴趣的地方看【5.1补充，1.2版本不错，暂时将2⭐调至3⭐】<br />先从比较好的开始聊吧，角色建模，角色动作（待机，战斗衔接，配队界面，,positive,0.7,,2026-07-19 07:24:31
49570272,2,2026-07-11,OK啊，也是体验了一段时间再来评价的，目前30多级。<br />先来说说角色:建模是真的不错，不然我也不会跑进来，帅哥美女全OK👌🏻<br />然后是我玩得最久的基建:一开始是真特么难玩啊——一大堆有,negative,0.85,,2026-07-19 07:24:33
49573551,2,2026-07-11,刚出的时候玩了几天端游很无聊各种拉电线，突破资源还少,negative,0.85,,2026-07-19 07:24:34
47547135,1,2026-01-22,好家伙，这半周年庆给的福利简直就是蚊子腿，前脚刚夸完给的福利变多了，最后半周年庆给你来泡大的😓<br />还有一个忘说了，您佬居然把每个卡池都送的5抽居然也算进福利里，真觉得自己有多大方呢，啥年代了！,negative,0.9,,2026-07-19 07:24:35
48649828,5,2026-05-11,最近忙，“休息休息”还得看球，有空了看下个版本更新如何，再重新整理评论。作为一名老博士，这个版本的更新还可以，演武平台极大缓解了调度券不足，危机合约只要最低保底挂机流还能撑得住，基建也更流畅了。不过还,neutral,0.7,,2026-07-19 07:24:36
49559978,4,2026-07-10,挺好的老实说，1.1入坑体验一轮下来说说我认为比较好的几点<br />1.基建玩法很新颖，虽然早期比较难，但是有在慢慢优化更何况还可以看攻略抄作业蓝图基本上还可以<br />2.鹰角的角色设计绝对是几,positive,0.8,,2026-07-19 07:24:37
48562602,4,2026-05-01,缺点和优点分别讲一下，先从缺点开始吧<br />背靠明日方舟的IP，我认为他怎么做其实都不会特别糟糕，但是他确实就是怎么说呢，继承了鹰角的一些莫名其妙的点，比如说文本量特别巨大且毫无意义。（不特指所有,negative,0.9,,2026-07-19 07:24:38
49520596,5,2026-07-07,🔶本来想夸这是我见过建模最顶的二游，回头一想，这个怎么有点不太像二游；<br />🔶本来想夸这是我见过数值平衡最好的游戏了，回头一想，星门只是关了又不是没了，说不定哪天维什戴尔带着大炮就来了，我又按下,neutral,0.6,,2026-07-19 07:24:40
49563217,1,2026-07-10,不好玩，全程都太肝了，我当时是开服的时候玩的，抽卡还老是歪，如果不是120抽必出，呵呵，那我的六星也没话说了，新手池的那几个，手感都怪怪的，除了小羊。过剧情那些都太繁琐了，而且也不好看，而且当时对设备,negative,0.9,,2026-07-19 07:24:41
47056516,3,2025-11-28,总分6分，很失望。<br />今天玩了5h+，目前13级，基本没有游戏动力了。<br />首先，最逆天的抽卡。0.8%的基础概率，80抽保底一个6星，120抽内保底一个当期up，这个保底只保一只，50,negative,0.95,,2026-07-19 07:24:43
49560257,2,2026-07-10,之前被那个吸血鬼吸引然后勾引入坑了，然后我是玩无期迷途，重返1999和崩铁的，我才玩三天，印象最深刻的就是里面的剧情又臭又长，有些能跳过挺好的，有些不能跳过真的很烦，然后就是他那个角色升级页面没有无期,negative,0.85,,2026-07-19 07:24:44
47112559,1,2025-12-04,终末地全面测试岁月史书及公测体验：一个边缘玩家视角记录<br />注1：超级超级长，有兴趣看的兄弟可以直接点进来看，别点展开<br />注2：历史评论因为太长了所以删了，想看的兄弟可以看看，也是真心话,negative,0.9,,2026-07-19 07:24:45
49473858,1,2026-07-04,第一次接触基建玩法感觉非常有意思，抄蓝图抄的也很开心🤤；立绘很厉害，建模也不错，结果就是每个角色都想抽。<br />————<br />缺点的话……我原来不知道为什么评分不算高，但现在知道了。缺点不是,negative,0.85,,2026-07-19 07:24:46
47071687,2,2025-11-29,3.14<br />哎呦我懂了我全都明白了（纯胡编<br />我说武陵是皮尔特沃夫，清波寨是祖安有没有懂的<br />我说如果终末地这一波人没来<br />汤汤是金克丝，弭弗是楚雨荨，庄方宜是小蛋糕有,negative,0.85,,2026-07-19 07:24:47
49557301,2,2026-07-10,基建引导特别烂结果你探索还需要基建生产东西 水管是你设计的最失败的东西,negative,0.85,,2026-07-19 07:24:48
47084289,1,2025-12-01,发现这段话没有表述明白，修改一下。<br />很遗憾的是，终末地死不了了，因为搭上了新华社这个大腿，那么他的游戏性等各方面都完全不重要了，只要能作为“喉舌”做好“宣传”就可以活下去。所以这才是海猫自信,negative,0.9,,2026-07-19 07:24:50
44369817,5,2025-03-17,总评：再次测试的完成度让人惊讶，即便就这样端出来，也是一个趋近于成熟的游戏了。静待付费测试+公测<br />优点：<br />1. 画面观感：无论是场景设计、人物建模、颜色搭配、ui设计都精良完善，整,positive,0.85,,2026-07-19 07:24:51
45345285,5,2025-06-19,作为明日方舟老玩家，真的很希望终末地能够在剧情上延续明日方舟的那种严肃和正剧感，其实玩了很多二游，只有方舟的剧情最具有黏着度，而且有种真实感。除此之外，希望终末地也能向粥一样做成全性向的二游，说实话，,positive,0.85,,2026-07-19 07:24:52
49524600,3,2026-07-08,前期剧情毫无起色 只是乏味的基建工程 从武陵开始感觉还可以,positive,0.6,,2026-07-19 07:24:53
49524022,4,2026-07-08,💃🏻立绘建模：<br />拉满了 我个人感觉美术这一块是所有二游最好的<br />🗓️真实感：<br />武陵地图特别美 和国内一线城市一样<br />🎮可玩性：<br />一般 基建和箱庭玩法过于吃,positive,0.7,,2026-07-19 07:24:54
48441167,2,2026-04-22,以前一直不理解为什么有人仅仅因为卡池沉了就跑来给差评，觉得他们太傲慢，太功利，但回旋镖终于打中了新现在的我和六年前捧着千元机在小卖部和同学们玩明日方舟的我。<br />一月中旬公测，到现在两个多月，中,negative,0.9,,2026-07-19 07:24:55
49481222,5,2026-07-04,真的无语死社区乱战了<br />总之终末地并非适合所有人玩，非常挑人！看你能不能接受基建建造了！看你肯不肯找攻略抄蓝图了！看你有没有脑子有没有手了！<br />5.8分绝对是被低估了，个人7.7分<b,positive,0.85,,2026-07-19 07:24:57
47546551,5,2026-01-22,二编又又又回游了：我超威，黎风真满潜了😭😭😭😭😭😭我的卡缪呢！我给茜小妹的队友去哪了！！！连歪两次抽不起了。<br />带着你那个小保底大保底去鼠吧，就这样对待牢玩家，氪了六七百了，常驻歪全了，黎风甚,negative,0.95,,2026-07-19 07:24:58
48895925,5,2026-05-31,我个人觉得这个游戏玩家体验两极分化比较严重。<br />基建：首先来讲基建玩法确实挺有特色，对于想逃课的玩家也有蓝图可以直接抄，前期苦一点后期就是躺着收菜。唯一问题就是移动端手感确实一坨，那个运输管道,positive,0.65,,2026-07-19 07:24:59
47030429,2,2025-11-26,本人明日方舟三个号，其实我没中也不会很生气啦，毕竟我可以公测的时候再去玩（x顺便问一下，有没有人能借助战给我明日方舟小小号呀<br />想借些强力且和我其他助战不撞的角色（懒得上另外两个号换助战了😭🙏,negative,0.85,,2026-07-19 07:25:00
47184817,2,2025-12-14,一句话总结，除了美术，其他方面拉完了，多一星给美术<br />1，最重要的日常战斗方面，纯纯站桩普攻丢技能，在一直点鼠标的同时键位还贼多，1234e，还分长按短按，稍不注意就会误触q切人，手机端不清楚,negative,0.9,,2026-07-19 07:25:01
49519992,3,2026-07-07,感觉一般开服玩过 剧情在我感觉很无聊 玩法有点看不懂想表达啥 高科技东西倒是很多有个任务死活过不去搜攻略也不懂 人物建模还可以 想要宣传画质还是要电脑 画质弄最高手机都烫死 玩了很多二游崩铁原神绝区零,negative,0.7,,2026-07-19 07:25:03
47688143,3,2026-02-02,有日没夜的玩了一周多，也是斗胆给这游戏发个评价了。<br />-<br />讨论之前，先给自己叠个甲，交代下我自己的视角来源。<br />个人长期游玩单机游戏，覆盖 PC、御三家主机以及 VR 平台。,positive,0.7,,2026-07-19 07:25:04
41615866,5,2024-07-24,希望将分头行动的多线操控作为核心战斗机制之一，参考红警的计划模式进行战前安排和路径模式进行战时多线，可以考虑以上帝视角（此视角可设为子弹时间）和人物视角来回切换达到沉浸与战术获得感，不过这么做得强化A,neutral,0.6,,2026-07-19 07:25:05
48433382,4,2026-04-21,《关于中年老大叔养完女儿转生成终末地管理员拯救世界这回事》<br />咳咳，看到这个书名号懂的人应该知道我在玩什么梗。<br />之所以玩这个梗也很简单，就是因为终末地在表现方方面面和死亡搁浅太像了。,positive,0.65,,2026-07-19 07:25:06
48669159,5,2026-05-13,作为一名普通玩家，我很推荐大家玩一下这个游戏，不要带有有色眼镜盲目跟风下载，感觉不好玩就删除然后发表诋毁言论，请亲身体验一段时间后再做定夺。<br />首先声明，本人终末地轻度游戏玩家，开服这么久也才,positive,0.7,,2026-07-19 07:25:07
48936558,3,2026-06-05,2026. 07.05★★★☆☆<br />唉，还是做不到吗？好累的游戏，终究还是没能玩下去<br />1.风景<br />无敌<br />2.基建<br />我有时挺上头，但是现在感觉好累。<br ,negative,0.85,,2026-07-19 07:25:09
46953269,2,2025-11-19,公测后评价:<br />3月14日更新:<br />yjwl你运营宣发侧无敌了你知道吗。<br />三测开始我就觉得运营这块会爆，结果谁能想到是一版本一爆[表情_星星眼]三测宣发事故，公测菲比表情包，,negative,0.85,,2026-07-19 07:25:11
48390877,4,2026-04-17,扣一星表达对剧情和更新体量的不满。<br />（以下仅为我个人观点，不代表客观事实）<br />这是一个顶尖技术力的rpg，在众多我玩过的顶级RPG中独坐一席，不管是2077还是原神，崩铁，鸣潮，地铁,positive,0.85,,2026-07-19 07:25:12
43799846,4,2025-01-18,观前提醒：纯主观评价，全都是个人看法，如有冒犯……我这评价能有冒犯感觉也不容易<br />一进游戏就没绷住，这三个字像P上去的一样😂<br />画风很戳我，女管理鹅蛋脸可爱捏<br />剧情很不错，这,negative,0.85,,2026-07-19 07:25:14
48398760,3,2026-04-18,我是个中立性“偏玩家立场向”玩家，本来新版本更新了，我想看看这游戏有没有在变好，风评是否能反转，但很显然ZMD你又“惊艳”到了我，我看到了什么？！“你”在心虚什么？！大家爱玩就玩吧，评论区评分已经没有,negative,0.9,,2026-07-19 07:25:15
48371533,2,2026-04-16,游戏是箱庭式世界，但每个大主区都会有其他分块地区连接的道路，只是大区间是分开的，不能连接起来。<br />界面方面:游戏分2个界面可互相切换，探索界面比较一般，任务栏做得不怎么好，每天会自动跟踪任务然,negative,0.85,,2026-07-19 07:25:16
49510913,5,2026-07-07,非常好玩，只不过聂菲斯太难打了，得看攻略,positive,0.7,,2026-07-19 07:25:17
47018507,5,2025-11-25,转自群友<br />1.23以免你不知道鹰角这波新游开服操作多逆天，作个简单总结<br />1，整个二游史上最长的新手引导，没有之一，起码一两个小时多，又肝又臭又长福利还少，一些简单玩法都花一堆时间讲,negative,0.95,,2026-07-19 07:25:18
47635349,3,2026-01-28,想要入坑的朋友，如果你<br />1对世界观/玩法感兴趣<br />2想要尝试新的内容<br />3有充足的时间<br />可以尝试终末地。不管他人的评价，有些东西要自己去感受，才知道究竟适不适合自己,negative,0.85,,2026-07-19 07:25:20
47625364,3,2026-01-27,想搞策略和基建我理解，但是整那么多快捷键真有人能全记住吗，整的像隔壁少前中后期一样，就这样也还算了移动绑到m键又是什么意思呢，不能直接镜像又是什么意思呢，搞了半天工业结果一看就是造贸易屋换钱和造装备，,negative,0.9,,2026-07-19 07:25:21
38681886,5,2023-12-10,没抢到资格，但是直播区☁了很久，这是一篇还未上线只看☁️的不包含对后续运营的评价，说说目前看起来需要改进的缺点<br />1.UI美术方面<br />1)小日子老师的人设画风超好看，但是有些角色的脸锥,negative,0.7,,2026-07-19 07:25:23
49463842,3,2026-07-03,我对这款游戏在tap tap上的评分感到有些吃惊，本身确实有很多方面的不足，尤其是开服那段时间，嗯，比如狗操的抽卡池，还有前期游玩的体验，可以说是非常之差，还有那个比较磨人的基建，被这些事情搞过一遍，,positive,0.7,,2026-07-19 07:25:24
47659635,1,2026-01-30,我是个上班族，平时白天都在工作，上周游戏公测，下班回家第一时间就开始体验，周六晚上就已经武陵城主线结束，周日通完马桶，主c基本上等级满级技能点满，开始刷基质。<br />前面说这么多主要是分享下我具体,negative,0.9,,2026-07-19 07:25:25
49539730,3,2026-07-09,卡缪很帅但是，250抽能连歪三次只有120必出了一只你有什么头绪没😂我要气死了开了三个新号全歪呀,negative,0.85,,2026-07-19 07:25:26
48158780,3,2026-03-25,好吧，太无聊了，退坑了，来简评一下。<br />作为游玩时长100小时内的一款单机游戏，虽然它玩法也不够深，剧情也无聊，战斗前期爽感也很差，但是我觉得是好玩的，特别是还不要钱，一直到武陵目前主线＋基础,negative,0.9,,2026-07-19 07:25:27
47529297,4,2026-01-22,首先叠甲：作为一个路人，我玩过原神，鸣朝，崩铁绝区零 明日方舟 战双 崩坏三…等等<br />并没有拉踩这一说，我只是一个正常玩家 ，以下提出的一些建议，只是希望游戏更进一步<br />以下是我自己对,neutral,0.65,,2026-07-19 07:25:28
48575565,5,2026-05-02,嗯，从刚开始一直开始玩到现在，也有一段时间了，想了想，应该过来评价一下了吧。<br />TapTap好像只记了189小时，但体感，上少说也有250小时左右。如果要我用一个词来评价明日方舟周末地给我体验,positive,0.85,,2026-07-19 07:25:29
49046294,1,2026-06-16,除了画面和人物就没什么亮点，战斗手感一坨，四人一主控的操作模式除了联系就没有更多战术联动了伤害全集中在主控身上。基建强绑定游戏体验可以说是给玩家增负的最大败笔，地图探索各种卡地消耗玩家时间。 限时甚至,negative,0.9,,2026-07-19 07:25:30
48804319,4,2026-05-23,咱不长篇大论，咱简便着谈（应该）。我首先在这里总结一下，主线剧情和角色剧情很好，支线剧情全跳过也行，战斗方面循环其实不错，数值也行，可能是因为高难度副本还没出嗷，缺点就是，北鼻嘞，材料是真不够，可能是,positive,0.7,,2026-07-19 07:25:32
47541977,2,2026-01-22,作为b服老登看到明日方舟越来越好也是挺期待终末地的体验  电脑玩了6小时磕了大月卡小月卡也是算一个支持吧<br />目前卡池就抽了40新手   30常驻    30up（没出42）<br />痛点1：,positive,0.65,,2026-07-19 07:25:33
48439132,3,2026-04-22,评分表示的是推荐入坑指数，这游戏目前核心的基建、四号谷地新手村和卡池就意味着它后期做的再好也不可能获得高评分或者顶流日活<br />满分十分，音乐美术建模优化可以打九分，除了葱裤➕角色统一露肩下包的服,negative,0.85,,2026-07-19 07:25:34
47682999,2,2026-02-02,春晓时版本体验更新内容<br />1.代入感、剧情<br />主线方面牢管的表现开始变好，至少1.1和1.2已经没有怎么吃瘪，虽然喷水清理大分还是很让人难绷，但至少主线的待遇感觉还是可以的，这一点其实,negative,0.7,,2026-07-19 07:25:35
49482633,5,2026-07-04,我是真的觉得好玩啊，工业基建这类游戏我第一次玩，是有一点点难，但是有模拟实验教程，认真看了能搞懂的。再后面制药啊什么一堆的是有点复杂，但是搜个教程基本没问题。（实在不行直接共享蓝图，网上一大堆）另外拉,positive,0.85,,2026-07-19 07:25:37
48394483,4,2026-04-18,分享一下终末地1.2剧情流程通关体验：<br />（开服玩家，60级，主要电脑玩，手机端10h）<br />（仅个人看法，你杠你对）<br />（为防止剧透，具体剧情模糊化处理）<br />剧情方面：,positive,0.85,,2026-07-19 07:25:38
47068998,4,2025-11-29,对不起哈，我只是个玩了六年多，全勤月卡，微氪6k左右的底边路人，肯定没有资格获取尊贵的测试资格😆<br />这样怎么敢给终末地大人打高分呢，只能踩着yj老冯冯虚御风，云一云终末地大人的“全 面 测 试,negative,0.95,,2026-07-19 07:25:39
47554409,1,2026-01-22,从开服到现在，除去中午晚上吃饭，可以说一直在玩，现在的感想就是好累，好累，好累。<br />奖励方面<br />看似任务做了一大堆，地图跑了一大圈，一看抽卡界面，30抽都没有。累了看看42you开始肝,negative,0.9,,2026-07-19 07:25:41
47059900,4,2025-11-28,笔者还是尽可能的想按照数年前的TapTap评论区氛围来评分，毕竟笔者已经很久没有在TapTap发过评测了，所以此次评测只谈游戏。<br />笔者不知道为什么不能填测试发言，不理解（）<br />本次评,neutral,0.6,,2026-07-19 07:25:42
47075194,4,2025-11-30,自己作的，那受着。<br />-------------<br />公测回来说两句，也算是体验了5个小时。先上结论：<br />我不明白2026年为什么还会有这样的游戏。<br />首先是角色设定，这,negative,0.95,,2026-07-19 07:25:43
47634687,2,2026-01-28,我先把图贴上了防止说我是☁️或者没深度体验，uid1563441022欢迎家访，这游戏所有的玩法我全吃了个遍，滑索也全建好了，现在来锐评一下zmd。<br />先说优点吧，这游戏为数不多的优点就是建模,negative,0.9,,2026-07-19 07:25:45
47659444,1,2026-01-30,pc玩的。目前50级，全肝完了。<br />美术没得说，很好，属于顶级了。<br />但也就这个优点了。<br />基建，上不去下不来，没玩过或者不喜欢的应该都很痛苦，玩的懵。<br />但对我来说一,negative,0.9,,2026-07-19 07:25:46
47624291,2,2026-01-27,到了武陵进了寨子我挺后悔玩到这里的，本来我可以早早放弃的，到武陵这个目标让我跳过了谷地剧情，拉了长时间的电线，与0.5个/s的产线互搏，与人耳+兽耳的npc激情对话，保留3w水的战果未下up池。<br,neutral,0.7,,2026-07-19 07:25:47
48294991,4,2026-04-08,其实社区评论没有太多参考价值，现在串子太多，自家玩家又太过包容。游戏评论讲究理性看待，同时尝试做出合理预测。人不是二极管，只能看到尖锐和夸赞的声音，物死人活，懂得变通才是永恒不变的硬道理。<br />,neutral,0.6,,2026-07-19 07:25:49
48588220,2,2026-05-04,主要是在PC端玩的，然后玩了大概一个月，真玩不下去了，今天也算正式退游了。<br />之前是被他的建模给吸引过来了，最开始觉得这个美术非常好，它的画面也很好，但是箱庭游戏对比大世界来说，制作成本和难度,negative,0.95,,2026-07-19 07:25:50
48169339,4,2026-03-26,PC59级开服第一天开始玩中间断过几天游戏时长百小时以上，我觉得我有资格评价一两句<br />先说结论：游戏性大杯，没有那么多人说的那样难堪；游戏福利大杯下，说真的给的真不如方舟多吧；美术，super,neutral,0.7,,2026-07-19 07:25:52
49468496,3,2026-07-03,一直很期待上线，但开服玩了几天因为当时神操作后就逃了，最近又被卡缪吸引回来继续拉电线。<br />建模视觉上满分，就精细的建模就能把很多人拉来当兵。<br />剧情我只简单看了前面一点，个人感觉一般，,negative,0.85,,2026-07-19 07:25:53
47296971,5,2025-12-27,《明日方舟：终末地》是一款亮点与问题并存的二游作品，画面、音乐及角色塑造表现突出，但剧情、卡池设计及福利等方面存在明显不足。<br />- 优点：<br />- 画面质量及音乐优秀，角色表情及动作丰富,neutral,0.7,,2026-07-19 07:25:54
49467704,2,2026-07-03,现在入坑的可要考虑好了。你想凑齐一队的6星队伍，难度可不是一般的高。而且就那个池子，你想凑齐都不一定。就那个拉电线，摆摆矿机，这是我最喜欢干的事。也就仅此而已了。想要玩工厂，想要玩基建，你就只能过剧情,negative,0.85,,2026-07-19 07:25:55
47659067,1,2026-01-30,这游戏不像是26年游戏，从商业化来说就是纯纯的失败品。<br />我的评价主要从运营和社区角度下手，图片是社区有人总结的游戏问题的一部分（总共八张图，这里只能放三张），详细可以去找原文，游戏问题太多了,negative,0.95,,2026-07-19 07:25:57
44231556,3,2025-03-02,云完二测后实在是太期待了，感觉应该在公测前留个评遂留。<br />我果然还是最喜欢yj的美术设计，塔卫二的场景设计实在是太美了，不论是自然风光还是建筑设计都美得令人难以置信，在此之前二游里从来没有这种,positive,0.8,,2026-07-19 07:25:58
47681729,2,2026-02-01,美术顶级，剧情一坨，战斗一坨，UI一坨，引导一大坨。<br />进门先是被画风惊艳，然后被经典失忆和古早开场桥段错愕到以为自己穿越。<br />战斗表现真的差，比燕云还差，打击感和爽感几乎为零，只有连,negative,0.95,,2026-07-19 07:25:59
47615813,2,2026-01-26,PC游玩，目前47级只氪了6块钱，没玩过舟，无情怀不当串子，单纯从一个二游玩家的角度评价zmd。<br />这游戏说回来说过去，其实最大的问题就是这个破福利，知道为什么我突然来发评论吗，因为我他么才知,negative,0.9,,2026-07-19 07:26:00
47614908,2,2026-01-26,这游戏的游玩心路实在曲折。<br />我个人体验下来，大概是：<br />前十几分钟感觉不明觉厉但是很厉害-&gt;<br />头五六个小时进入基建教程无聊的要死-&gt;<br />十多个小时后体验,negative,0.9,,2026-07-19 07:26:02
47046218,2,2025-11-28,2026.01.27<br />秉持不冤枉好人的原则，我玩到了武陵清风寨，现在我有资格发玩过评分了吧。两颗⭐给美术的（那个肥熊猫和一些潦草的npc建模除外），那3颗⭐，商业模式抠门扣2个，太肝扣1个<,negative,0.9,,2026-07-19 07:26:03
48566673,5,2026-05-02,明日方舟中登，终末地从开服开始玩，这个游戏在我玩过的游戏当中，除了魔兽世界之外，个人感觉是顶尖的游戏。游戏音乐、角色建模、场景美术都是顶尖的。<br />游玩内容主要分为基建、地图探索、BOSS战斗、,positive,0.85,,2026-07-19 07:26:04
48431844,3,2026-04-21,结论：这是一个玩起来非常别扭的二游，它要是一无是处我不会玩了五天把世界等级干到五十级，它要是做的特别棒我也不至于一边玩一边骂街，作为一个二游，它的确有不少独特的地方，无论是基础玩法（基建，配队以及战斗,neutral,0.8,,2026-07-19 07:26:06
47604863,2,2026-01-25,pc游玩，500一抽的设计是最**的设计，就算前期肝爆也难凑出过多的资源，过分压榨原有地图资源去抽卡却无其他可知常驻的抽卡资源资源让你的规划一眼到头，将靠你肝所获得的资源看做福利也是独此一家，地图宝箱,negative,0.95,,2026-07-19 07:26:07
34756949,5,2023-01-12,2025年1月5日修改<br />转眼间都要开启二次测试了，我只能说献祭了一个来自星辰给你积攒经验还是有成果的<br />新版本动作和战斗系统有点不像异度之刃了，加了点ff系列的元素，上手难度算降了一,positive,0.7,,2026-07-19 07:26:08
48216367,3,2026-03-31,本人不爱写评论，因为好玩不好玩还是自己体验为好，就像大部分人看Steam褒贬不一的时候总是会犹豫一下买不买一样，图是我自己的号，42的01满珠满段，伊冯11差满段，把uid遮了是防止某些神奇生物加我好,neutral,0.7,,2026-07-19 07:26:09
47544287,3,2026-01-22,🎮可玩性：<br />核心战斗属于动作类，做工符合大厂标准，突出打击爽感和战斗节奏感。设定与主流动作类很接近，甚至感觉有些常规，包括完美闪避、霸体、配合连击、招式打断等，操作手感很好。引导流程很详细，,positive,0.7,,2026-07-19 07:26:11
47551220,1,2026-01-22,游戏时长没记录进tap，目前54级<br />保持观望，除非确定长期玩，不然先别充钱<br />对yj彻底失望，发点福利像要抠了他的心头肉，游戏性就是一坨，忽略我先前评论中的一切正面评价，因为开服即长,negative,0.95,,2026-07-19 07:26:12
47614792,1,2026-01-26,总评：令人又爱又恨的遗憾之作<br />本人PC玩家。先说优点，地图美术、过场动画、人物建模与UI设计是真的漂亮，没得喷的，跑步动作也很自然流畅，美中不足的还是那个上下楼梯的问题；音乐很出色，动感恢弘,negative,0.85,,2026-07-19 07:26:13
47658842,1,2026-01-30,到50推完完全没有想玩的欲望，大世界宝箱与各路抽卡资源巨扣<br />基建方面，甚至没有2级或者高级传送带，半成品一样，传输速度只有0.5，分流器和汇流器没一点用，分流器速度直接变成0.25，还有那个,negative,0.9,,2026-07-19 07:26:14
43900499,5,2025-01-26,终于终于，玩到了眼馋已久的《明日方舟：终末地》。以下内容都基于我们二测的首次体验，个人喜好中夹杂客观评价。夹带私货地说，我认为终末地会是一款现象级的产品，是一次对“二游”内容边界的突破，特别是在美术和,positive,0.9,,2026-07-19 07:26:16
48383264,1,2026-04-17,剧情方面<br />过场动画质量在线，但掩盖不了剧本的敷衍。叙事节奏拖沓如便秘，部分桥段幼稚到让人怀疑编剧是否成年。整个主线像是为了某个“醋包饺子”的命题作文，逻辑为设定服务，而非设定为逻辑服务。轻重,negative,0.9,,2026-07-19 07:26:17
48418753,2,2026-04-20,电脑玩的，没有时长。<br />首先明日方舟终末地它是一款二次元角色游戏。<br />然而游戏的制作组好像不这么认为。<br />二次元角色游戏，画风可以变，玩法可以变，故事叙事可以不同，但核心一定是,negative,0.85,,2026-07-19 07:26:18
47531725,3,2026-01-22,先说一下，我是明日方舟开服玩家，目前120级中登，很喜欢明日方舟，原，穹，崩和鸣潮都不咋玩，玩过但基本上玩了一个月就撤了，不是不爱玩就是单纯的时间一长感觉没啥意思，可能我就是不适合玩这些耗时间的主游，,negative,0.85,,2026-07-19 07:26:19
47659270,2,2026-01-30,知道的是经过4年打磨 3内测在2026年1月22日开服的游戏，不知道的还以为是新游戏在首测，先说评分 4.2/10.0<br />都说“哪个手游出来不被骂的”，但以这个卖相，这个宣发的游戏开服首周被喷,negative,0.9,,2026-07-19 07:26:21
47789724,1,2026-02-10,1.肝到想卸载。<br />2.任务繁多，而且任务不做就开不了图，卡材料让前期角色升级艰难，要装备又必须满地图拉电线搞基建，搞基建还有一大堆问题，比如经常阻塞而且不告诉原因十分头疼，或者电力不足等等问,negative,0.9,,2026-07-19 07:26:22
49500452,5,2026-07-06,觉得入坑戴森球计划和异星工厂门槛高的可以先来这边坐宝宝巴士,positive,0.7,,2026-07-19 07:26:23
49473609,4,2026-07-04,好玩，基建美术都很合胃口。就是剧情方面，目前太单薄了，不过考虑到刚开服几个月，等后面完善再评判吧。<br />唯一让我难绷的，为啥管理员像个乡下干部一样帮各种NPC干活[表情_捂脸哭]甚至还有被使唤被,positive,0.7,,2026-07-19 07:26:24
49518514,5,2026-07-07,美术风格超乎意料的好，配色采用黑白灰，看着很舒服。角色建模、质感也十分不错,positive,0.9,,2026-07-19 07:26:26
49499914,4,2026-07-06,挺好玩的，至于我为什么没有给满星，因为我歪了两次我有2命莱万汀,positive,0.7,,2026-07-19 07:26:27
48164763,3,2026-03-25,个人看法：游戏烂烂的<br />1集成工业系统：终末地宣传的重大卖点之一，实际体验下来差强人意，包括但不亚于谷地造出的紫药和武陵采根草磨成粉给的治疗差不多，集成工业系统就处于尴尬的状态，你不搞它就很难,negative,0.85,,2026-07-19 07:26:28
47591227,3,2026-01-24,💃🏻立绘建模：<br />还可以，pc端玩的，实际上很精细，画风比较像噬血代码，如果有人玩过的话。<br />🧝🏻‍♀️角色人设：<br />没怎么关注，感觉好谜语人看得我头大。<br />💰肝氪度：,negative,0.85,,2026-07-19 07:26:29
47151877,5,2025-12-09,三测体验总结<br />优点<br />1.移动端的优化真的很逆天（褒义）<br />双十一刚入了联想的y700四代平板（骁龙8e），准备专门玩后续一系列大型二游。结果玩鸣的时候，发现拉到高画质一战斗,positive,0.85,,2026-07-19 07:26:31
49506923,2,2026-07-06,移动端体验真差完了，我手机画面卡成PPT，池子就没有不歪的火更大了，何时出云游,negative,0.9,,2026-07-19 07:26:32
48286022,4,2026-04-07,个人玩下来有几点：先说缺点：<br />1.开头的剧情和教程过于累赘，我觉得可能大部分人玩不懂，甚至看不懂一开始他想讲一些什么故事，但是出发点是不错的<br />2.其次就是当世界等级提高之后，我80,negative,0.85,,2026-07-19 07:26:33
49482791,3,2026-07-04,终末地是我第一个评价的游戏，怎么说呢非常有挑战性，不管是建模还是画质只要设备好，玩的基本上就是很舒服，前期电脑玩超级舒服后面尝试用手机玩画质就没有电脑那么好了。福利这一块还是不错的，我是开服当日就入坑,positive,0.7,,2026-07-19 07:26:34
47646308,1,2026-01-29,继续装死吧牢鹰，问题多到爆炸，我简单聊聊。<br />💃🏻立绘建模：这块确实挺不错的，建模都挺好看的，也很精致确实是一款能说是2026年的游戏。<br />🧝🏻‍♀️角色人设：<br />干员很有特色,negative,0.85,,2026-07-19 07:26:35
48391010,5,2026-04-17,我不到啊，看到评论区那么多人恨的要命就想给个五星全推荐了👍🏻<br />首先说明白，什么循环资源不可再生资源劳动所得500＞160不能爬不能飞不能游泳还有付费模组贷款深渊这种预制滑坡评论之类的高能理解,positive,0.85,,2026-07-19 07:26:37
47607731,1,2026-01-26,小月卡没停过，大月卡氪了两期，就只抽了四个卡池，还全部都是大保底。这次卡缪池更棒，双保底，武器也保底了。是真·真一点也玩不下去了，一丁点氪金体验都没有，一张月卡也就满打满算多出6900玉，也就是13.,negative,0.9,,2026-07-19 07:26:38
49479811,5,2026-07-04,音乐、画风、美术都挺好的。只是我都是保底出了，不知道是我的问题还是号的问题。可能他杀熟了，这个是我的小号一样的大号玩，小号不歪。然后我大号前面抽小庄的时候连金。我就觉得游戏我要玩一辈子，后面直接给我沉,neutral,0.6,,2026-07-19 07:26:39
47703489,2,2026-02-03,【角色人设】<br />好一个再旅者设定，我几乎继承你的一切，我甚至是用你的意识灵魂（内化宇宙信息）解压出来的，但是我不是原主，你提原主我就哈气，只能我自己提，诶我真是仓鼠飞轮的弟弟仓鼠尼德蒙，我真的,negative,0.9,,2026-07-19 07:26:41
48437407,3,2026-04-22,这游戏像是表面光鲜亮丽里面却烂了大半的水果。<br />买下来拆开精美包装食用后才发现掉入了陷阱。<br />单机玩的少，主要还是被基建玩法吸引来的，单纯作为一个路人深入体验后作出评价。<br />先,negative,0.9,,2026-07-19 07:26:42
47213131,2,2025-12-18,别卖ml了，本来卖麻辣的角色人物塑造就单薄的要死，一个角色的人设不是单靠麻辣就可以支撑起来的。。从开服到现在没有见过一个剧情不尴尬的麻辣，杰哥莫名其妙给管理员发消息真的很懵，庄方宜麻辣还好，但是不要莫,negative,0.85,,2026-07-19 07:26:44
47567729,5,2026-01-23,"本人玩了两天现在37级管理员，看了看评分确实不惊讶，确实终末地太多要改的地方了，但是实质上是一个好游戏(´,,•ω•,,`)希望官方可以看一下大家的评价好好改进一下。<br />作为一款主抽卡养成的大",positive,0.85,,2026-07-19 07:26:45
47545694,1,2026-01-22,1.1剧情个人观点<br />和当下普世价值观严重不符。这次剧情前景简单概括就是武陵因为关闭裂隙操作不当导致裂隙爆炸让周边物资短缺，清波寨一群刁民不想着共同努力搞重建，而是想着去抢武陵的物资，然后被惊,negative,0.9,,2026-07-19 07:26:46
48342337,3,2026-04-12,从开服坚持到现在，已经60级了，确实有点打不下去了，主要感觉没有目标了，游戏优点确实很多，unity特殊版能做到这样的优化和建模真的太强了；但是在体验久了之后就会发现每一个地方都有很强的割裂感。<br,negative,0.85,,2026-07-19 07:26:47
47615162,3,2026-01-26,我一直在电脑上体验。作为开服就特地搜了测试服玩家B站吐槽视频的新玩家。第一次玩鹰角的游戏。<br />塔防我不太玩。所以没入坑前作明日方舟。<br />三分肯定是有原因的。<br />美术上还是可以的,negative,0.85,,2026-07-19 07:26:49
49471350,5,2026-07-04,总体来说还是挺推荐的，游戏除了每次版本更新花的时间多一点，其余日常挑着做起来还是挺快的，体力24小时不上线也不会溢出。<br />玩法方面可能比较挑人，后面我从探索、战斗和基建这几个主要玩法讲讲吧。<,positive,0.85,,2026-07-19 07:26:50
47615328,2,2026-01-26,密码的，我说白了这游戏的槽点很多，尤其是那个B抽卡，是我玩过二游中最黑的，我相信运气不好的人还是占多数，本来想抽个UP来开荒，我特么荒都开完了UP还没出，肝的要死，120抽大保底特么的就有问题，有人说,negative,0.9,,2026-07-19 07:26:52
48562156,5,2026-05-01,开服牢玩家<br />0潜兔子五星武器开荒坐大牢<br />因为见到这个池子的第一刻我就决定开囤<br />为什么？因为它期望好但方差大<br />期望来说零氪可以做到四出三但是它大保底不继承所以需要,positive,0.85,,2026-07-19 07:26:53
47715457,2,2026-02-04,整体来说，真的很可惜，本来鹰角应该是花了大代价在这个项目上的，但是目前来看这个游戏肯定是要暴毙的，我是明日方舟开服玩家，看到这个游戏搞成这样，还是很惋惜。但是感觉救不回来了，三测时候该改的东西公测不改,negative,0.95,,2026-07-19 07:26:54
47570131,1,2026-01-23,你游真是神了，我只求你把明日方舟四个字从名字里删了吧，反正方舟来的老角色也在那极力切割自己，方舟来的老玩家也该来的来该走的走了，真别顶着这个名字膈应人了<br />前面抽个卡就给我恶心坏了，神人保底机,negative,0.95,,2026-07-19 07:26:55
47671283,1,2026-01-31,先说说日常玩的体感问题：进战斗不能做滑索，不能放装置，怪还喜欢放道中，我就一定得打这个战斗是不，而且这游戏战斗方式就决定了，打的也不会快到哪去，地图不能键盘移动只能鼠标滑，进本不回复状态，武陵划船点错,negative,0.9,,2026-07-19 07:26:57
49469338,5,2026-07-04,人设布置的非常好，动画呢？我感觉我不是在玩游戏，我是在看电影的那种感觉,positive,0.8,,2026-07-19 07:26:58
47103647,3,2025-12-03,扩圈必须抛弃老玩家是吗<br />——<br />2026-1-30<br />昨天就50级了，我最满意的是他的优化，4060，画质全高120帧稳定不发烫，最不满意的是开服福利就32抽限定池，别和我扯,negative,0.85,,2026-07-19 07:26:59
48354872,4,2026-04-14,这评论区咋这么多伪人啊，低分评论套别的二游公式，语言中看不出玩过的痕迹，怕不是自家二游被爆了急了来拉评分。<br />抽卡本质利好平民，0＋0能打，0＋1舒适，抽潜除非真爱否则就是嫌钱多，石块就是二游,positive,0.85,,2026-07-19 07:27:00
47757286,5,2026-02-07,我真的是受够某些神秘人群搁那发癫了，果然海猫还是这双眼睛还是能看的太远了，谷地也是立了大功，镇住了一些妖魔鬼怪，你们说基建难，但我以一个开服老玩家的身份来告诉你，这还是优化过的，你要玩，你给我玩开服老,positive,0.85,,2026-07-19 07:27:01
47605256,1,2026-01-25,三测时就给出的问题，两个月是一点没修啊。终末地这项目都起了多少年了？剧情上的问题也没改，不对呀，终末地的文案组是没有方舟那边的多还是好啊。直播说福利，不是福利在哪？在这边的莱万汀大多数要么是120保底,negative,0.9,,2026-07-19 07:27:02
47613901,1,2026-01-26,从开服每天八小时三天猛肝到47级，希望我的评论能够帮到你<br />首先最神人不得不说的是，这是我玩过24年以后出产第一个没有键鼠手柄热更换的游戏，每次想打点字或者便携操作都得吃一大个满屏幕的是否切换,negative,0.9,,2026-07-19 07:27:04
49498402,1,2026-07-06,跑路了家人们，攒四个版本就抽一个角色,negative,0.9,,2026-07-19 07:27:05
48170057,1,2026-03-26,我毫不客气的为这个游戏定性：一个大、中、小资产阶级压榨游戏玩家的工具，并且他们把这个工具的效率发挥到了触碰到法律边缘的最高值。其中掺杂着城市精英主义那无比酸涩阴湿的小巧思。米哈游甘拜下风，我再也不玩原,negative,0.9,,2026-07-19 07:27:06
47700726,1,2026-02-03,3月29号 从开服到现在全勤的赤石英雄，我也佩服我自己坚持不懈赤石的精神，刚赤了洛茜的个人剧情，实在受不了了才来吐槽的（个人情绪化较严重，请谨慎观看）（发图是为了叠个甲，防止部分孝子喷我是带节奏的）<,negative,0.95,,2026-07-19 07:27:07
48217352,2,2026-03-31,我先说明这游戏从高中就开始等，等到了大学，目前用华为手机带不动，用的游戏本玩的，优化一般（i9＋4080笔记本）。测试时吐槽毛病是不改的，福利是少的，地图是难跑的，剧情是拉胯的，日常清体力都能清力竭，,negative,0.95,,2026-07-19 07:27:09
47604031,1,2026-01-25,不开玩笑，方舟开服的老玩家，看到终末地开服的时候和朋友一起打的，没得说，好玩么，基建玩法都建完了确实有成就感，但是打开背包一看合成玉没涨负反馈拉满，我的问题，没忍住攒够120抽就抽了，现在抽了96抽，,negative,0.95,,2026-07-19 07:27:10
48461216,4,2026-04-23,感觉不适合我长期游玩。一些系统还需优化，个人二游开服玩得最上头的一次。 ①基建：像是一种另类“养成”，自定义程度比较高，和其它许多系统环环相扣。比我预期的麻烦，但是不断优化和扩大基建的过程居然出乎意料,negative,0.7,,2026-07-19 07:27:12
48504852,5,2026-04-26,首先先声明一下，个人暂时只能给4星，但是基于对未来的期望和信任先给个5星。<br />然后接下来我要发表暴论评价区开战了，所以贴一下履历。<br />个人口味偏好独游，二游勉强算个老登。崩1和fgo接,positive,0.7,,2026-07-19 07:27:13
48429631,4,2026-04-21,来浅浅的说说我的看法吧，我体验的不多，所以我的评价也没有像大佬那么权威，就当我是发发牢骚就行了<br />我游玩下来的、希望鹰角网络能做一下的更新主要有三个：<br />①多新增一点大世界玩法。每个版,negative,0.85,,2026-07-19 07:27:14
47635181,3,2026-01-28,电脑键鼠端开服爆肝7天，第一天14小时，后续每天8小时左右。<br />目前除了基建等级卡进度，所有内容全清空了，全主线支线，全地图拉好了电网和直达所有资源点的滑索，地图探索收集90%以上，包括给一点,negative,0.85,,2026-07-19 07:27:15
47605005,3,2026-01-25,这个游戏整体来说只能是中规中矩<br />💃🏻立绘建模and真实感<br />很精细很漂亮，远远超过了其他二游，pc端还有湿身效果，也很真实（虽然我是平板玩的）<br />🧝🏻‍♀️角色人设：<br ,neutral,0.7,,2026-07-19 07:27:16
49467857,1,2026-07-03,完全不知道该怎么委婉，我也是急了才来评论的。<br />🎮可玩性：<br />我只能说满分一百，我给二十算多的了。那么大个地图，传送点少的可怜，然后每个任务全过程跑上跑下的，还没有攀爬，浪费一大堆时间,negative,0.95,,2026-07-19 07:27:18
47481986,2,2026-01-17,4.17<br />丫丁你是不是跟阿b结了啥<br />永远到不了的热搜第一（没记错几次都是死死卡在第二）<br />还有到点直接飞榜看不到的神秘“热搜”<br />3月26离后补评<br />你亲爹,negative,0.9,,2026-07-19 07:27:19
49281436,5,2026-06-27,我是因为卡缪才下的终末地，大概肝了一个月左右只下了卡缪的池子，所以就还好。这个游戏整体体验下来就是非常日常缓慢的节奏，每个版本间隔时间感觉是挺长的，因为基建玩法建好了基本不用怎么管上去卖卖货收收菜就好,positive,0.7,,2026-07-19 07:27:20
48400493,5,2026-04-18,《终末地》我是开服玩家，坦白说，一开始我并没有太高的期待。毕竟“开放世界+角色抽卡”这条赛道，已经有太多头部产品占据，看起来很难再有新意。但真正深入体验之后，我必须承认——我被“打灰”打服了。<br ,positive,0.85,,2026-07-19 07:27:22
47647317,2,2026-01-29,看我的蚀刻章也知道，我也算是把开服的东西吃透了，客观的评价，适合有大量空闲时间的玩家，我这段时间留校但没事干天天就在肝，zmd可以说短暂的让我的电子养胃恢复了一下，但确实不推荐时间有限的玩家，完整的一,positive,0.7,,2026-07-19 07:27:23
49459702,3,2026-07-03,三星星给美术，三星给音乐，二星给玩法，剧情倒扣五颗星，给我看萎了😁难看的钥匙，角色个个比纸还平，我问你文案组自己写图上这俩选项的时候自己笑了没？这是卫城战！一个精英突击队小队的队长死战不退被救回来后给,negative,0.95,,2026-07-19 07:27:25
48411479,5,2026-04-19,在 TapTap 上架了好一阵子没来得及写评价，在即将开始的联动活动前，决定认真写一篇充满诚意的五星长评。<br />作为一位从《明日方舟》开服就一直默默在罗德岛耕耘的Doctor，对于鹰角网络的第一,positive,0.9,,2026-07-19 07:27:26
47625748,2,2026-01-27,一星给建模，一星给优化，就这俩优点，没了，玩了6天40级已经卸载。<br />————————正式开始————————<br />主要玩法：基建+战斗<br />基建只能说及格吧，基建有一定复杂程度，,negative,0.9,,2026-07-19 07:27:27
47272220,2,2025-12-25,1.22开服，高强度玩了五天，没抽到任何六星，四方谷地的任务好多好长，在这贫瘠的土地上感受不到福利，试玩角色和教程只给20红币，500一抽好难受!@#$%<br />分界线–––<br />1.28，,positive,0.7,,2026-07-19 07:27:28
47622798,3,2026-01-27,玩的B服，来TAPTAP评价一下<br />游戏是好的，排除繁琐的教程，无聊的剧情，小众的XP，3a的战斗和复杂的池子来看，终末地还是可以的。<br />人物建模和风景都很不错，优化也很好，像基建的特,neutral,0.6,,2026-07-19 07:27:29
47569770,3,2026-01-23,前几天发布了评论给的评价很低，但是经过这几天的游玩后稍稍有些改观的地方。<br />首先第一点就是关于大世界探索。<br />很多人诟病的地方是没有攀爬之类的，但是经过这几天游玩下来，除了部分地方，大,neutral,0.7,,2026-07-19 07:27:30
47596697,3,2026-01-25,1.美术<br />①角色设计：角色背后的美术设计一般，很多都是同一色块设计，看久了感觉像是看一块颜色在跑。立绘好看，但实际建模有些逊色。有些女角色的绑带设计意义不明。<br />②地图设计：走写实风,negative,0.85,,2026-07-19 07:27:32
48411564,4,2026-04-19,一部很挑人的二次元游戏，后原神时代唯一拒绝模仿试图走出自己风格的先锋之作<br />顶级的建模和美术，项目组对 unity 的运用和理解使得其在性能需求远低于 UE 引擎的同时展现出 UE 级别的画面,positive,0.75,,2026-07-19 07:27:33
47589783,4,2026-01-24,这是我玩终末地的第二天，个人感觉还是可以的，在此想结合网上的评价和个人游玩体验发表一下看法，不知道有没有人跟我看法相似的<br />剧情<br />首先就是剧情，看到网上说的游戏开头剧情云里雾里没讲清,positive,0.7,,2026-07-19 07:27:34
47586030,3,2026-01-24,抗压能力强的可以玩，不然难了。剧情开局召唤大炮打小怪，然后真正开玩要拉电线，很多很多的电线，一次80m，遇到剧情或者其他情况会断，重新拉。最好的办法是边开图边拉，但就会像我刚才说的有时会断。战斗系统聊,negative,0.9,,2026-07-19 07:27:35
47584249,3,2026-01-24,让吃了两天屎的我来客观评价一下终末地吧，好歹也是个老游戏女了😄<br />先说缺点:1.游戏世界观不了解前生明日方舟的话剧情是很难看懂的<br />2.剧情拖拉很臭很长，光是流水线生产玩法就很长很难<,negative,0.85,,2026-07-19 07:27:37
47791028,4,2026-02-10,游戏整体我可以给7-8分。pc上玩的，玩了6天，目前50级。<br />我玩的很上头，到处拉电线，规划滑索路线，建设升级后和基地升级后重新规划基建，保证产出最大化。<br />探索的话没拉滑索真的很痛,positive,0.7,,2026-07-19 07:27:38
47575700,2,2026-01-23,说白了就是一个半成品游戏，游戏本身十分无聊，像是累了一天回家还要继续上班一样。<br />从战斗方面来讲，一个小怪要打半天，就平a几下，然后开始放技能，然后继续平a。重击技能甚至是普攻的最后一段，干脆,negative,0.9,,2026-07-19 07:27:39
47682439,2,2026-02-01,叠甲：老鹰角粉，方舟开服中氪，退游方舟回来第一件事就是充了2000多补图鉴。<br />终末地挺好玩，按照yj的习惯应该是没有特别强的潜能抽卡需求（这里表扬）音乐和场景依旧不错，基建也还行，到这没优点,negative,0.85,,2026-07-19 07:27:41
47538844,2,2026-01-22,优化还行，手机端画质比我想象的好，当然8e之前的手机就不清楚，肝了一个半小时，限定十抽都没。。。这还是开服的福利，后面抽角色120抽我都不敢想<br />-<br />美术没的说，吸引我玩下去就是这个,negative,0.8,,2026-07-19 07:27:42
47604827,3,2026-01-25,经典老鹰家游戏前期坐大牢<br />总体上来说还是有些失望的，毕竟如果要开武陵的话要肝好久，4号谷地其实感觉删了都行，太牢了，一堆刁民有手有脚跟巨婴似的，4号谷地拉完了，肝出来武陵就感觉像是大学生下乡,negative,0.85,,2026-07-19 07:27:43
47614278,4,2026-01-26,［“蒙古人”贴］<br />先说结论：既然你厂有扩圈的想法，那么遇到强烈抵制反弹（玩家、其他游戏厂商、看客、起号、流量……人很复杂，利益也很复杂，源头很多）——那你就受着。<br />简单来说就是：赚,neutral,0.7,,2026-07-19 07:27:44
49481317,5,2026-07-04,我是开服老玩家。在抽弥弗的时候玩了一段时间就退坑注销了。想要玩的玩家可以给个参考。1。新版本每次更新出新人物必有一周福利和兑换券可以刚刚凑十抽。加上周任务和日常大概30多抽吧。能不能抽到看脸。三个版本,negative,0.85,,2026-07-19 07:27:46
47604727,3,2026-01-25,怎么说你呢，19年玩明日方舟到现在，云端陪伴也好支持也罢，开始看到源石中的花圃、宇宙竖碑以及爱国者雕像都感到一股亲切感，但是越玩到后面眉头皱得越深。<br />基建玩法还是挺有意思的，所以这几天我都一,negative,0.85,,2026-07-19 07:27:47
47592036,3,2026-01-24,前几天没绑号，游戏时长大概在30h左右。<br />抛开抽卡不谈，这是一款不错的游戏，可惜这是二游，抛不开😂其他地方固然也有问题，但是相比抽卡来讲都不值一提，然而最没机会优化的就是卡池了。<br />,positive,0.7,,2026-07-19 07:27:48
47574457,2,2026-01-23,如果让我用一个词来评价终末地，那便是“割裂”。这款游戏从里到外无不展现出一种奇怪的割裂感。<br />首先是游戏的玩法，基建玩法在二游中的确是独创，可目前看来，基建与战斗几乎不存在什么强相关关系，吃的,negative,0.85,,2026-07-19 07:27:49
49492303,4,2026-07-05,能玩。aaaaa开局起步给的资源是足够的，除非你底儿背，嗯，一般的话你搞个五六星物理队，是非常简单的。就会让你之后都非常容易打。aaaaa之后的剧情就是属于没眼看了。这里面就是打游戏的通病，就是参差不,negative,0.7,,2026-07-19 07:27:50
47670458,1,2026-01-31,电脑上玩的，高强度玩了几天，基本每天十个小时左右，基建毕业，目前50级，已经抽出42<br />浅评一下，个人看法：<br />感觉这个游戏从本质上来说，自身的游玩逻辑就不太融洽。概括来说就是基建本身,negative,0.85,,2026-07-19 07:27:52
49479223,1,2026-07-04,建模是我比较喜欢的类型，但是这卡池实在是太阴了。玩了这么久，没出过几个自己想要的角色，一直歪一直歪。最后一次歪的时候都想删掉跑路了，但是20抽就保底好说歹说把自己劝回来了<br />总而言之，非常不推,negative,0.85,,2026-07-19 07:27:53
47574851,4,2026-01-23,好了，1.0抽卡资源统计结果出来了，不包含武器池的总抽数为414抽，我就说体感怎么这么多，数学不会骗人，不会就是不会<br />有些人的存在证明了米哈游在商业上的正确性，二游就是小程序游戏的蓝海，只要,negative,0.85,,2026-07-19 07:27:54
47691684,2,2026-02-02,玩到传说中好评如潮的武陵了，结果一朝回到解放前，又得重新搓材料搞基建，一眼望不到头，实在玩不下去了，2星给建模美术<br />玩法：基建不算复杂，但是摆放太过繁琐，ui不够简洁直观，什么事都得靠主角来,negative,0.95,,2026-07-19 07:27:56
47703847,2,2026-02-03,长草期无聊 还需要收菜 累人 24张券0个对的金珠子 体力回的死慢 基建被矿物和地盘大小限制 无法随心所欲 战斗无聊 特效素不炫酷 动作表现也没张力 其他槽点就不多说了<br />优点：优化好 游戏不,negative,0.9,,2026-07-19 07:27:57
47582351,3,2026-01-24,先说结论:<br />好坏参半，总体⭐⭐⭐，玩不下去<br />再说原因:<br />一，游戏福利<br />目前玩了半个月，总计限定up抽数130+，地图宝箱和各种支线+零零碎碎的东西还没弄完，预估,negative,0.8,,2026-07-19 07:27:58
49479351,1,2026-07-04,垃圾游戏，给你一星你配得上，冲着明日方舟来的。来给各位列一下这游戏的**之处<br />1.奶妈这种生存位设计拉胯，生存位保不住队友算什么生存位，小羊你给她加个战绩回全部人血不行，还要去捡那三个羊才能,negative,0.95,,2026-07-19 07:27:59
48542383,5,2026-04-30,优化：优化方面着实不错，4060高画质无压力稳定60且gpu稳定在53℃。平时跑轻量级CV模型也就这个温度，看得出优化下了狠功夫。五星！<br />战斗：物理队这个碎甲太鸡肋了，开局新手池给个自选，完,positive,0.85,,2026-07-19 07:28:01
48384168,5,2026-04-17,你怎么知道我没保底就出了小庄，终于也是没吃上大保底了<br />此刻的表情:[表情_流口水][表情_吐舌头][表情_歪嘴笑][表情_思考][表情_斜眼笑]<br />个人建议是推荐玩的，爽点在于前期的,positive,0.85,,2026-07-19 07:28:02
47572622,4,2026-01-23,“我觉得终末地真好玩”，游戏最重要的我想首先是是优化，就我这腊鸡手机，天玑6020的处理器，开低画质基本上没有卡顿的地方，能稳定在三十帧，就是人物远了是有点糊在，还在我的接受范围内，优化真挺好。<br,positive,0.85,,2026-07-19 07:28:03
47574103,5,2026-01-23,好玩，不过这是一个喜欢端游的玩家可能会更容易喜欢的手游，适合喜欢慢慢来玩过程的玩家，如果比较急追求抽卡的会很坐牢的。以我的世界打个不一定准确的比方，这个游戏是适合我这种喜欢先建建房子种种田探索不同地形,positive,0.7,,2026-07-19 07:28:05
47628551,3,2026-01-28,先说结论：可以玩，但并没有那么好。<br />如果你没有时间，那么不建议玩，因为这游戏前期很肝，后期也一样；如果你是有大把时间或者单纯只是想体验游戏内容的，可以一试，但期望估计不会好到哪里去。<br ,neutral,0.7,,2026-07-19 07:28:06
47604430,1,2026-01-25,玩了大概十几个小时，本来之前看别人发三测的视频就觉得有点狗屎，不太想玩，但是最近太无聊了，再加上看到有一个人十连3 up账号卖了800块钱，就下载玩了一下，对我个人来说，没什么可玩性，能够继续玩下去的,negative,0.9,,2026-07-19 07:28:08
47588695,3,2026-01-24,特意跑到网吧玩的，为了体验最佳画面，从7点打到9点半，后期的剧情实在忍不住开始按跳过了，新手池还剩20抽就提前出六星干员了，平心而论，这是我抽卡第一次新手池没保底，还是挺惊喜的。<br />但是从游戏,negative,0.85,,2026-07-19 07:28:09
47575070,3,2026-01-23,先叠个甲，我是被宣发“明日方舟”这个IP吸引的，但这个游戏可能不适合我，对我来说中规中矩的一款游戏。<br />入坑原因是看朋友玩“明日方舟”（塔防那个），于是入坑塔防明日方舟，特别爱玩肉鸽（把歌剧和,neutral,0.7,,2026-07-19 07:28:10
47797135,3,2026-02-11,缺点很大，但瑕不掩瑜吧。<br />优点其一是尝试将自动化玩法与二游结合，虽然很多人将其与戴森球比，但我觉得网游跟单机是两码事。<br />手游追求的是休闲与利用碎片话时间，不需要太深。单地区产线大概,positive,0.7,,2026-07-19 07:28:12
49372937,2,2026-06-29,刚玩这个游戏不久，因为被这个建模吸引入坑的，但是这个玩法真的劝退，任务也是非常阴间给的那种任务相关的提醒很少，建模不错，但是就是不好玩任务可谓是非常的难崩啊，好不容易绞尽脑汁把一个任务完成之后接着而来,negative,0.95,,2026-07-19 07:28:13
47608593,1,2026-01-26,🧝🏻‍♀️角色人设：<br />不是很喜欢再旅者的设定，42也不打算抽。黎风出两个(是我最讨厌的正太)，目前就练了一队物理队(主角是真强)，好在对战也挺简单的没什么难度，能继续玩下去。<br />🎮可,negative,0.95,,2026-07-19 07:28:14
49486046,4,2026-07-05,肝度适中好玩好玩不适应基建的不建议入坑,positive,0.7,,2026-07-19 07:28:15
47625019,2,2026-01-27,一口气玩了60小时，挺好玩的，不过<br />玩到四号谷地觉得烂的先别急，玩到武陵会眼前一亮，这两颗星也差不多就是给武陵的，拉电线基建什么的我不评价，我是受众也很喜欢玩。<br />但是角色强绑配队也,negative,0.85,,2026-07-19 07:28:16
47595753,1,2026-01-25,开服的时候还写了长评，但看完洛茜剧情以后我释怀了，我现在只想知道终末地的编剧团队是些什么人。,negative,0.8,,2026-07-19 07:28:18
49481420,5,2026-07-04,立绘建模：<br />建模精度没得说，二游中数一数二[表情_开心][表情_微笑][表情_开心]<br />肝氪度：前期比较肝牢，后面稳定下来挺长草的，目前养老中只氪了通行证，不追求满潜全图鉴只下xp池,positive,0.8,,2026-07-19 07:28:19
48389997,2,2026-04-17,被画面和建模吸引来的<br />但是410多抽两个庄方宜，连歪4个堪称二游第一化粪池，拜拜去玩异环了<br />玩法：<br />优点：在传统二游基础上加入了基建玩法<br />缺点：基建的最终成果（,negative,0.9,,2026-07-19 07:28:20
47768107,4,2026-02-08,PC端开服游玩至今总共160+小时<br />方舟本体5年牢博<br />事先声明本评论仅代表我个人观点及审美，你要是反驳如“好在哪”这类评论那就是你对<br />💰肝氪度（较肝，养成资源少）：<br,positive,0.7,,2026-07-19 07:28:21
47616537,2,2026-01-27,明日方舟过来的，想一家公司应该还可以。<br />还可以个p，我去完全就是屎，我看大家建模漂亮可爱说硬玩一下。我不想去了，角色一个大屁股在我脸上……<br />好地方：建模真的漂亮，ui设计很有意思（,negative,0.95,,2026-07-19 07:28:22
47693011,2,2026-02-02,PC端上玩的，来打星单纯是被气不行了<br />一个三测的游戏，是怎么做到这样的<br />💃🏻立绘建模：算是整个游戏为数不多真正能吹的东西了<br />🧝🏻‍♀️角色人设：再旅者这个设定，真的是经过,negative,0.9,,2026-07-19 07:28:23
47818105,2,2026-02-13,3.15更新：我就说了，玩这游戏是所有这游戏玩家的福报，你知道吗？他就从来没把这游戏的玩家当过人。有史以来最高高在上的二游。有没有懂道歉声明只敢在小号发的呀。他自己也知道自己快死了。然后呢你再看看他发,negative,0.95,,2026-07-19 07:28:25
47605660,1,2026-01-25,可有可无的战斗和卡池，战斗缝就算了也没啥惊艳的表现，战斗和角色不强绑定，但是抽卡和基建，基建和宝宝巴士教程是强绑定，这里面抽到角色为了材料就得不断的搞基建，但是一个二游缝基建和开罗尔网络我就觉得非常割,negative,0.95,,2026-07-19 07:28:26
47613723,1,2026-01-26,上班族坚持了五天，终究还是怒卸了。一直想着看看是不是真的推到武陵就好了的，哎，还是没能坚持住。<br />想吐槽的太多了。无无聊透顶的基建。逼着玩家重复去跑图收集资源，点亮的资源点无法快速收集，无聊的,negative,0.95,,2026-07-19 07:28:27
47575009,3,2026-01-23,首先，经过了上千玩家朋友们的激情讨论和明日牢玩家的聊天，得出一些总结（可能仍然不够准备，但估计已经是大多玩家们的痛点了）<br />总结：<br />本身游戏并没有太大问题，<br />只是各方面差点,negative,0.85,,2026-07-19 07:28:28
47614964,2,2026-01-26,我只能说地图解密和探索很恶心。打击手感目前就发现陈千语的最后一段重击还行，其它都不咋地，感觉和没砍到一样，打断怪物红圈的时候感觉反馈也不强。索敌也挺迷惑的，打着打着想看一下身后的怪攻击意向，结果直接锁,negative,0.85,,2026-07-19 07:28:29
47630771,2,2026-01-28,总评：一坨做成屎样子的巧克力。<br />先说优点：美术超神，玩法不赖<br />终末地的箱庭探索确实做的不赖<br />基建可以选择用蓝图一键毕业，也可以自己做，因为是二游，基建的深度不算太深，属于,negative,0.9,,2026-07-19 07:28:30
48320868,3,2026-04-10,定位：硬核arpg+生产线模拟经营<br />一句话先行：没发挥大世界与自身ip优势与魅力<br />优势：<br />①独特的末世科幻风，画面/镜头优秀，高级、破碎感拉满<br />②战斗打击感足，,negative,0.85,,2026-07-19 07:28:32
47530040,4,2026-01-22,坏了我的阳寿，第一发十连就出了，身边朋友都没人出<br />我客观的评价一下吧<br />画面：中等<br />游戏是unity引擎开发的，骁龙8gen3画质还算可以，但是因为引擎本身比较石，帧率特别,negative,0.65,,2026-07-19 07:28:33
47573129,1,2026-01-23,首先自证一下，舟游也算老玩家了，虽然测试的时候zmd整得活就让我有点恶心，但好歹还是先下下来尝尝咸淡（）<br />——于是就在两天时间里品味了一坨屎（）<br />真没想到，yj你在有如此多年游戏制,negative,0.95,,2026-07-19 07:28:34
49462725,4,2026-07-03,这是我第一次尝试基建类游戏，，非常符合我的口味，既没有太难，修改产线的时候也能让我动动脑子。<br />不过大概这款游戏确实挺挑受众的吧，我也不敢随意推荐给身边的人，但自己确实玩爽了。<br />高考,positive,0.85,,2026-07-19 07:28:35
47692647,3,2026-02-02,老实说，各种小问题非常多，但是我玩得非常上头，刚好待业在家，每天肝到凌晨。<br />对我来说最上头的是架滑索，怎么卡着各种稀奇古怪的角度最大化利用效率的架滑索非常上头。四号谷地滑索给的少，架滑索非常,positive,0.7,,2026-07-19 07:28:36
49473210,1,2026-07-04,跑吧，玩不懂基建的就别玩这个，基建算是这个游戏的特色了，但没接触过的人玩可以说是一头雾水，我开服玩的 ，抽了莱万汀和洁尔佩塔就退游了，可玩性也就那样，这次被卡缪吸引回来的，结果小保底最后6抽出的还歪了,negative,0.9,,2026-07-19 07:28:37
47573768,3,2026-01-23,肝了两天，浅浅写个评价<br />最满意的是美术风格，个人非常吃建模，精细有质感带点手办的感觉，UI有设计感<br />战斗玩法方面还行，不算简单也不算难，也可以哪里亮了点哪里，就是前期打怪太刮了<b,positive,0.7,,2026-07-19 07:28:38
47573690,3,2026-01-23,没参加测试没看攻略零氪，两天玩了25个小时，觉得很好玩，肝了这么久看一下号上挺多抽的，把常驻池票子抽完，出了一个黎风一个余烬，刚好新手池是出的小爷子，凑一个物理队，余烬也能进42队伍。<br />然而,negative,0.9,,2026-07-19 07:28:40
47670087,4,2026-01-31,基建苦，基建难，终末地的基建之路可以不折不扣的说是一部创业公司的心酸血泪史，不过这是游戏，我还是非常希望在上完班之后不要再度体验上班的好吗？<br />附图，四号谷地加武陵全收，可谓是彻彻底底体验了个,negative,0.85,,2026-07-19 07:28:41
47604808,1,2026-01-25,ui：<br />美貌但真的很难用，觉得你们ui是真不怎么玩游戏的吧？很多按钮看不出来能点击，攻击技能颜色装饰那么大块儿，进度条那么细真的很难认很难用。牺牲易用性换的美观，那我觉得还是不合格的。<br,negative,0.85,,2026-07-19 07:28:42
47818357,1,2026-02-13,一群猫猫头下面是影拓丰碑第二段无机造物开之前的评价，2026年02月22日12点准时开启活动😹打完后，感觉该追加一点评价了（打个镀层有什么难度？不欢迎只会张口闭口配队的东西来讨论😺😽）<br />同样,negative,0.9,,2026-07-19 07:28:44
47575543,4,2026-01-23,游戏底子是不错的，可玩性可以。但问题也不少。<br />剧情上就是一坨，为了玩法舍弃了剧情应有的深度。开头谜语起手坑也不填，后面全是蜘蛛侠式的御驾亲征。作为一个管理员一个传奇人物，除了所谓的原石技艺其,positive,0.65,,2026-07-19 07:28:45
49464720,1,2026-07-03,垃圾影拓丰碑，难度比危机合约高奖励比危机合约少，打这垃圾活动我宁可打两把塔科夫破冰船;狗屎的角色剧情，前段时间的主线剧情刚好点，新出的角色剧情又是一坨。除了玩着没什么乐趣，剧情偶尔触底反弹其他都是优点,negative,0.9,,2026-07-19 07:28:46
47624345,3,2026-01-27,首先我先介绍下我<br />对于终末地这款游戏，我玩的时间不太多，原因有很多，我会在下面讲述<br />我玩过类似于终末地的二油:原神，崩坏星穹铁道，绝区零，卡拉比丘，蔚蓝档案等等<br />自动化游,neutral,0.65,,2026-07-19 07:28:47
47605533,2,2026-01-25,先说优点，自机角色建模可以，优化也做得很好。除此之外，其他基本都是问题。<br />缺点方面，第一就是扣，作为26年开服的游戏，福利极少，能获取的限定池抽数极少，大部分抽卡资源都是分散在各个小角落的不,negative,0.85,,2026-07-19 07:28:48
48188023,4,2026-03-28,我的游戏等级也达到58级了，目前来写个评价。<br />本游戏的主要内容是基建玩法。其基建玩法只包含生产，采集，出售三个核心。<br />通过更改不同的产线搭配，达到生产的最大化。本身这无可厚非，但其,negative,0.85,,2026-07-19 07:28:50
47592663,3,2026-01-24,玩了二十多小时了来说一下我的看法 我先叠个甲 只代表我个人看法 如果有让你不舒服的地方我道歉<br />1.福利问题 我不算送的肝了七十抽整 这游戏福利真的少的可怜 有时候你做完一个任务甚至两个可能都,positive,0.7,,2026-07-19 07:28:51
47582891,5,2026-01-24,幸福工厂shapez2玩家目前48级通关，总结一下是一款糅合了流水线、塔防，箱庭探索的本质排轴回合制游戏<br />基建：<br />优点：流水线很简单，几乎没有难点，流水线玩家可以随便拿捏，没玩过流,positive,0.85,,2026-07-19 07:28:52
47105226,1,2025-12-03,————————————————————————分割线 1.1洛茜剧情补————————————————————<br />洛茜剧情简直是对我人格的侮辱。谷地通道一堆白眼狼，我忍了，管理员爆种没肘过，,negative,0.9,,2026-07-19 07:28:54
48475661,4,2026-04-24,一众二游中首屈一指的纹理质感和建模，堪称优秀的pc端优化，丰富的模型和光影效果，不同于传统二游高饱和度污染、收敛而又不乏生动的场景色彩搭配，逻辑简练而充满设计感的ui设计和布局，让终末地在画面表现上非,positive,0.7,,2026-07-19 07:28:55
47718373,3,2026-02-05,我大概玩了十几天，打完了第一章，每天游戏时间也能有3、4个小时，先来个综合评价<br />美术：五星。这个没啥好说的，角色设计都很好看，场景做的也很用心<br />关卡：四星。个人觉得一些箱庭式关卡玩,positive,0.85,,2026-07-19 07:28:56
47647230,4,2026-01-29,本人方舟开服老博士，从终末地开服至今基本一天没落下主推骏卫主角配的物理队，姑且讲讲感受，首先先夸夸鹰子：<br />1.画风确实是业内顶尖水平，喜欢科技废土风格的极其适配，角色设计方面也是蛮戳我这个老,positive,0.7,,2026-07-19 07:28:57
47110301,5,2025-12-04,1.30<br />长草了<br />1.22<br />单机和二游冲突感太重了，体感太难受了<br />1.19看了有些评价，为什么出一个二游，就要拿原神鸣潮那一套体系做标杆啊。怎么滴，只要是二游就,positive,0.7,,2026-07-19 07:28:59
47604558,2,2026-01-25,先说优点优化确实不错帧率稳定没有卡顿，其余的没有了。<br />缺点那可太多了，剧情谜语人根本不好好讲话，不管是主线还是up角色流水账一样的剧本根本没有让人阅读的兴趣大哥你是二游要卖角色的就这么展开世,negative,0.95,,2026-07-19 07:29:00
47591387,1,2026-01-24,唯一能夸的就是建模，但是接下来是我这两天来的槽点<br />1.零氪低氪不友好，送的太少了，而且太肝了，纯纯蚊子腿，我差不多肝了两天了，平均一天8小时，总共50抽，而且这还是在他送了将近快十几二十抽的,negative,0.95,,2026-07-19 07:29:01
48403943,2,2026-04-18,小庄也登上了帝江号，这就算告一段落了。<br />这个1星给音乐和美术，另一个1星给基建，音乐和美术不用说，绝对的推荐，肝的上头的时候我可以只在武陵核心区域进入俯瞰视角，把终末地当成音乐播放器循环洪炉,neutral,0.7,,2026-07-19 07:29:02
47616611,5,2026-01-27,一款两极分化的游戏，喜欢的很喜欢，不喜欢的觉得上班坐牢。作为一个老明日方舟玩家一开始其实是不看好终末地的，期望已经是不是一坨一无是处的东西就行的程度。最终终末地呈现出来的确实很棒，非常棒的优化，不错的,positive,0.85,,2026-07-19 07:29:03
47595470,4,2026-01-25,💃🏻立绘建模：优点：终末地的衣服质感很强，建模精致，画风个人也很喜欢；缺点：npc建模和自机角色差别过大，角色表情差点灵动 但瑕不掩瑜<br />💰肝氪度：肝度在二游算比较大的，限定抽卡资源获取还行，,positive,0.7,,2026-07-19 07:29:04
47569780,5,2026-01-23,总的来说给到4星（五星是因为个人这里完全可以5星） 电脑端玩家 想看建议总结直接翻到最后<br />1.画面，绝对的精美，PC版的风景真的很好看，角色建模个人认为很好看（不一定符合所有人审美），特效也,positive,0.75,,2026-07-19 07:29:05
47635700,2,2026-01-28,先叠甲，pc玩的，所以手机无数据。游戏总时长差不多达到了二十小时左右（前三天的数据），后来就是领签到就下（打算领到小羊专武）。目前游戏等级30，没能推到据说很好玩的武陵。<br />在它刚刚宣发的时候,negative,0.85,,2026-07-19 07:29:07
47694665,1,2026-02-03,个人评价（已退坑）放图叠甲<br />开服也是怒肝了七天，本想着开服节奏这么多，长期种草下去等一个官方优化，最后还是撑不住_(:з」∠)_<br />计划是囤囤鼠等庄天师，退游前一天抽光了，挺欧，它想,negative,0.85,,2026-07-19 07:29:08
47590930,1,2026-01-24,讲真，原本是被方舟的IP吸引来的(因为原本想玩方舟，但又怕入坑时间太晚，但确实被设定啊什么的吸引，然后又刚好知道终末地，就等着了)可惜，三次内测都没抽中，带着遗憾等了好久，然后在1月22日开服入坑。<,negative,0.85,,2026-07-19 07:29:09
47705476,4,2026-02-04,感觉这东西对上脑电波了会比较好玩，目前主线已肝完，每天做做支线长草期了。我是粥的100多级的粥剧情全看的中登，期待很久了终于玩到了，以下仅为个人感觉。<br />设定：个人还好没有特别反感再旅者设定，,positive,0.8,,2026-07-19 07:29:11
47713844,1,2026-02-04,作为明日方舟的续作，目前的表现可以说是狗尾续貂，相比明日方舟剧情，终末地的表现可以说是一塌糊涂，无论是本游戏的剧情还是和上一作游戏剧情衔接的世界观都可以说是一塌糊涂，甚至颇有一种暴露吃相的观感，对于部,negative,0.8,,2026-07-19 07:29:12
47636793,2,2026-01-29,嘿，就是这么日怪，今天凌晨我才充了月卡，上午睡醒就决定退游了。<br />为啥呢 且听我说。<br />基建挺好玩，但是说实话，挺简单的，几下子就搞清楚了，没啥深入玩的欲望。但是这个还好，不是我退游的,negative,0.95,,2026-07-19 07:29:13
47635750,3,2026-01-28,电脑上玩的手机没记录，在电脑上爆肝四天玩到50级，是姑且写一下自己的想法吧<br />首先的首先，我觉得这个游戏不会爆死，至少会有一批忠实用户能长期玩下去<br />共识：美术和音乐<br />先说这,positive,0.7,,2026-07-19 07:29:14
49326202,3,2026-06-28,玩了两天，重来没有玩过这么累的游戏，前面的剧情真的打的好无聊，绕来绕去，肝也肝不动，爆率也好低，氪了150吧，感觉氪了更没氪似的，接线那些也是玩的一脸懵，玩的我要断气了，好多的东西都要去找攻略要不然根,positive,0.65,,2026-07-19 07:29:16
47536158,4,2026-01-22,两星修改成四星（其实是有点想给三星的）<br />今天又玩了快8-9个小时，经历了第一天的洗礼，第二天也是强制适应了下来，就想着修改下评论（感觉之前评论不是特别的完善），我将用以下几个方面来表达我的观,negative,0.85,,2026-07-19 07:29:17
47609077,2,2026-01-26,我也来写评价了，真的是难玩到给我没绷住，你能在2026年见到这么差劲感觉是圈一波钱就跑的二游也是罕见的了。<br />首先就是卡池抽卡问题，还有人在那说120保底比160大保底好，那我就要问你了，你保,negative,0.95,,2026-07-19 07:29:18
47587764,1,2026-01-24,低分是应该的，因为你确实做的不好。<br />我不做对比了，我就是从本质的根源上找问题。<br />一：你自己判断是是对是错。你做这个地图。嗯，他是什么大世界吧？那你这个真的有概括到全大世界吗意义吗？,negative,0.9,,2026-07-19 07:29:19
47599418,5,2026-01-25,星芒亦能照前路——明日方舟：终末地五星干员深度评析<br />在《明日方舟：终末地》的拓荒之旅中，六星干员的高光时刻总能吸引无数目光，但五星干员从未只是“下位替代”的代名词。这群兼具低获取门槛、高养成,positive,0.85,,2026-07-19 07:29:20
47605295,4,2026-01-25,好玩。<br />没有别的，就是好玩。<br />我一路没有跟过任何探索攻略，只抄了基建蓝图。卡主线了去做做支线刷刷体力，还有手册，基本上就能继续推了。大概是打完孟菲斯之后我就把42和专武抽出来了，7,positive,0.85,,2026-07-19 07:29:21
47703923,3,2026-02-03,目前是能玩，前七天肝的上头，基本都弄到凌晨12点多睡，瘾很大。<br />目前最大的问题就是内容太少了，上周末本打算两天时间跟着攻略把全收集弄了，结果一个白天就跟完了，甚至包括小白点，内容太少了，那个,positive,0.7,,2026-07-19 07:29:22
47608673,5,2026-01-26,明日方舟日服91级小登，玩的很佛系，但剧情算是一点没落的全看了<br />终末地前三次内测全没拿到过资格<br />目前公测终末地48级，四号谷地基建毕业，武陵还在搞<br />对我个人而言，剧情和建,positive,0.7,,2026-07-19 07:29:24
47600527,4,2026-01-25,可能是我老了吧。<br />十五六年前玩二游的时候，开服福利只有个新手邮件，几张票几个材料。看见评论的人都在说有点肝啊，有点抠，但是慢慢玩没事。没人因此而喷。<br />池子里出货歪了，哦对那时候还没,negative,0.7,,2026-07-19 07:29:25
47405896,1,2026-01-08,我的第4次修改。<br />210抽一只庄，我不知道该怎么办了，手上没资源抽了（我没有存），难受！<br />我这个账号基本废了，我想开一个新号，重新收集一下这个游戏的资源，但是我计算了一下成本！要付,negative,0.9,,2026-07-19 07:29:26
47542048,4,2026-01-22,追评，深度体验了五个小时，新手任务全部做完，作为一个原神，鸣潮，绝区零，崩铁，都品尝过的玩家，对此发表一些感受吧（最后会附游玩图）<br />首先，特效这一方面是我比较看重的，在这一方面上在我玩过这么,positive,0.85,,2026-07-19 07:29:27
47078791,4,2025-11-30,拿到《明日方舟：终末地》测试资格游玩数日后，我对这款作品有了更具体的感受。和常规开放世界的单人探图不同，终末地采用四人小队同行的设计，并非简单的连携技能释放或角色切换的生硬衔接，而是让小队成员在探索中,positive,0.7,,2026-07-19 07:29:28
47590579,2,2026-01-24,我用PC端玩的，画质，音乐没的说。但是主线剧情不是一般的长（不过还好可以跳过，喜欢看剧情可以看一看）。<br />界面：图标没有很大的辨识度，每次需要打开什么界面，都得一个一个找就很烦。<br />按,negative,0.85,,2026-07-19 07:29:29
47012887,2,2025-11-25,公测后我也是第一时间玩，作为19年方舟老玩家我肯定也是尝个鲜，但是玩了一天下来（用电脑的所以没有时长），肝到22级就没耐心了，我只能说给的太少了福利，玩法这一块真的让我想起了旅行的意义😂，基建我可以接,negative,0.85,,2026-07-19 07:29:31
47106851,4,2025-12-03,中国服务型箱庭游戏的最高峰，实际上箱庭这两个字本身没啥不好的，就是被没有任何内容的123456带歪了。<br />二游是个伪概念，最终制作人还是要决定自己做的是二还是游。与其说是终末地创造了一个新的游,positive,0.85,,2026-07-19 07:29:32
47768269,4,2026-02-08,从开服玩到现在虽然没有参加过测试，现在对游戏也有了不少。我之前玩过原神、明日方舟、蔚蓝档案、忍者必须死。玩的二游不是特别多主要是手机内存不允许。针对于终末地我的整体评价很不错给这个游戏4星是对这游戏以,positive,0.75,,2026-07-19 07:29:33
47624742,4,2026-01-27,叠甲：1.我给的评分虚高，带有喜欢这个游戏的因素<br />2.二游我玩的不多，原只玩到小草神剧情，绝想入坑但是因为各种原因失败了，战双新手教程都没打完，舟本体玩了几天就弃了，其他的更不存在玩过的情况,positive,0.7,,2026-07-19 07:29:34
47639660,1,2026-01-29,剧情上来说的话就是纯粹的青文病，简单来说，就是把简单的事情复杂化，而且过剧情的时候有些东西确实也是多此一举。<br />活动福利上来说的话，除去新手福利其实真正的开服福利也就那样了那些什么预约奖励本来,negative,0.95,,2026-07-19 07:29:36
47542950,4,2026-01-22,此段为第四次评价，决定三升四星评价故排头单开，原体验评价保留。终于开到武陵了😥<br />武陵风格真不一样。四号谷地我的评价是就看个游戏基础画风。省流的话，真想玩，工业是一大乐趣，接受不了就赶紧推主线,positive,0.7,,2026-07-19 07:29:37
47556433,4,2026-01-23,我个人觉得游戏性画面都还可以，肝了一晚上到34级了现在，我应该是有点发言权的，我本身也玩过原神崩铁鸣潮，然后24小时跟着影月月跑了一半现在是两万也就是40抽<br />首先我要说，我觉得拉绳子挺好玩的,positive,0.7,,2026-07-19 07:29:38
47576047,2,2026-01-23,先下结论，终末地为2026年目前最强新二游，新年最热门游戏，略优于明日方舟，略逊于明日方舟，从鹰角角度出发，强烈推荐大家游玩该游戏。<br />说实在的，如果想体验上班可以来试试，单纯闲得慌有这时间鹿,negative,0.85,,2026-07-19 07:29:39
48261720,5,2026-04-05,崩2崩3老玩家，原神开服一个月退坑号卖了500，主要原因太抠门了，抽卡资源抠门，养成资源抠门，没有DPM强度角色，刷圣遗物本自己打不过，联机被踢。总结体验就是收集养成、强度、高投入低回报、游戏氛围的四,negative,0.9,,2026-07-19 07:29:40
47649313,4,2026-01-30,本评价为一路玩下来的心路历程，所以一会夸一会吐槽的，酌情观看。<br />挺好玩的，方舟九十多级，现在玩终末地，这两个游戏我都挺喜欢，因为我对他俩包括原崩绝的定位都是那种闲了就上头玩上他个把月，累了就,positive,0.7,,2026-07-19 07:29:41
47558166,2,2026-01-23,优点：<br />1.优化很好，不论是手机端还是PC端都能开高帧率游玩。除了输入兑换码的时候输一次掉一次之外没有遇到别的问题。<br />2.建模很有特色，在高精度和有一定设计的情况下角色就和电子手办,negative,0.8,,2026-07-19 07:29:42
47552140,3,2026-01-22,PC端从下午两点玩到晚上十一点<br />攻略一点没看，冲了一个手册<br />先说缺点：<br />1.新手教程算是最毒的一个点了，又长又乱，虽然有奖励但没用，依旧没欲望看，基建的教程有一种回到小学,positive,0.65,,2026-07-19 07:29:44
49429831,1,2026-07-01,保底连歪三个余烬[表情_大笑][表情_大笑]喜欢我两百多抽就两个卡缪吗[表情_大笑][表情_大笑]其中一个还是累抽送的[表情_大笑][表情_大笑]你游卡池真是毒爆了[表情_大笑][表情_大笑][表情_,negative,0.95,,2026-07-19 07:29:45
48402662,4,2026-04-18,本人算半个开服老登，主线剧情已经全部玩完了(没有跳过)<br />安卓和iPhone互相玩，主要是iPhone多一点，<br />所以时长并不准确<br />整体:这个游戏我感觉就是靠情怀撑着。我觉得,negative,0.85,,2026-07-19 07:29:46
47578882,1,2026-01-24,基建这块儿因人而异吧，我到不是说有多反感，但是你在新手剧情里强行塞一堆教程真的很劝退好吗，剧情体验极其糟糕很不连贯！<br />然后就是福利，真的扣到离谱了！！你游本身抽卡成本就高且不继承，开服给的福,negative,0.85,,2026-07-19 07:29:47
47576530,2,2026-01-23,算是勉强玩了六个小时，这两天玩下来，从觉得挺有意思，然后就被一些特别的毒点给劝退 。我其实是想玩到那个国风地图，要武什么的都说玩到那之后剧情和体验感会好很多，可惜我撑不住了。😞<br />先说第一天吧,negative,0.9,,2026-07-19 07:29:49
47576028,2,2026-01-23,不吐不快，作为一个二游确实可以说质量爆炸，当然是指场景和人物建模，其他的简直就是一坨💩。角色没有话说，建模很好，网上都在说福瑞，其实还好，因为很多角色其实福瑞特征不重，顶多就犄角和尾巴，没有绒毛起码看,negative,0.9,,2026-07-19 07:29:50
47574611,2,2026-01-23,角色建模非常精细有质感，地图也是不错的水平。优化中规中矩，电脑游玩遇到过几次闪退，但没有明显的性能问题，手机游玩时设备有发烫但是不卡顿。<br />剧情方面看起来继承方舟世界观，目前四平八稳流水账，鹰,negative,0.85,,2026-07-19 07:29:51
47562649,1,2026-01-23,游玩12个小时，明日方舟玩了两年很早就退游了，说情怀有但也还好，只体验了手游，pc端下载了但没玩，微氪玩家。<br />目前评价：个人是非常非常感兴趣这个游戏，为什么？现在的二游太无趣了，像鸣潮玩一段,negative,0.85,,2026-07-19 07:29:52
47604725,3,2026-01-25,本人是明日方舟老玩家，玩了好几年，还没满级，最近两年没玩，也是看到鹰角新游戏来玩玩，玩了四天也肝了很久。<br />不知道发这里有几个人能看到呢<br />--------先来说些问题---玩家们的反,negative,0.8,,2026-07-19 07:29:53
47584756,4,2026-01-24,《明日方舟：终末地》周末体验评测：新老玩家体验分化显著，情怀与玩法的双向探索仍有打磨空间<br />作为深耕《明日方舟》的老玩家，同时以游戏评价者的视角深度体验《明日方舟：终末地》后发现，这款IP衍生,neutral,0.7,,2026-07-19 07:29:55
47578357,4,2026-01-24,开门见山，能玩，挺好玩，但很复杂。首先别看极端评论啦，先自己玩玩吧，不然你玩着玩着感觉挺好玩的出去一看节奏带带疯了，你也就跟着放弃了，先自行判断。玩了15h感觉是个二游但与其他二游不太一样，出来传统二,positive,0.7,,2026-07-19 07:29:56
47774091,4,2026-02-09,适合：玩单机的/比较在意剧情的/喜欢科技感的/玩死亡搁浅的/开荒的/在世界乱走的/玩游戏也得搞规划的/偏好慢节奏的/自主建设的/明日方舟的/炒股的/送外卖的/开厂的<br />不适合：深度动作玩家（动,positive,0.85,,2026-07-19 07:29:57
47561080,1,2026-01-23,OK，省流版，快跑孩子们！不推荐入坑。<br />两星计入评分，不然会给一星的。<br />因为是PC玩的，所以没有计入时长，目前开服第二天，等级来到了22级。<br />省流版结束，接下来进入正文。,negative,0.95,,2026-07-19 07:29:58
47655711,1,2026-01-30,开服粥游玩家，因为是直接从明日方舟的社交app下的，我专门找到这拉打差评，一坨大便，我对游戏进行评价，因为萝卜青菜各有所爱，而我正好是看着yj怎么从二游寒冬中熬到过5周年的，期间随意因为水陈批脸事件加,negative,0.9,,2026-07-19 07:29:59
47574527,1,2026-01-23,电脑上玩了两天，萝卜白菜各有所爱，发表下我个人的评价，仅供参考。<br />先说优点<br />场景美术还可以，更加写实好看了。<br />56星干员的动画很流畅，4星干员的动画略显敷衍不过能理解。<,negative,0.85,,2026-07-19 07:30:01
47836450,1,2026-02-15,先放个梗概：优点 方舟IP  美术无敌  缺点 1 工业系统跟游戏本体不自洽割裂感强  2 拉电线 送货 滑索 肝 无趣且跟世界观冲突  3 共享装置影响剧情跟探索体验 且不能屏蔽  解决办法下面也都,negative,0.85,,2026-07-19 07:30:02
48404816,4,2026-04-18,首先不是aiai没我唐。其次bro刚歪了俊卫急头白脸的又丢了80来抽才出（孩子们我做过一个梦，梦里还有80抽出红，但84抽内必得，我想着如果80抽的时候刚好歪然后再抽四抽就能出，这样等价于白赚一个六星,positive,0.7,,2026-07-19 07:30:04
47681475,5,2026-02-01,《明日方舟：终末地》到底是一款怎么样的游戏？如果要我一言以蔽之，那对于这款游戏而言，最贴切的词汇无疑是“矛盾”。《终末地》有基建成型之后利用工业制品为锚定物，“炒股”增殖的游戏正反馈，但游戏初期3句1,negative,0.85,,2026-07-19 07:30:05
49441186,2,2026-07-02,我是电脑端的，抽卡机制不改是真的惩罚非酋，卡池灵活不高还逼你一次性付清 120 抽,negative,0.85,,2026-07-19 07:30:06
47598818,5,2026-01-25,除了抽卡资源太少，除非欧气爆棚不然前期很难拿到42和专武，这还是在开服各种福利资源的情况下。<br />其他的比如玩法内容这些，熟悉了之后感觉越来越不错。特别是这两天本来想上线做个任务就下线了，结果一,positive,0.85,,2026-07-19 07:30:08
47535128,3,2026-01-22,提前声明，不是水军，内测资格都没拿到，绝对不包庇，不偏袒，来说一说这个游戏。<br />本人玩过明日方舟，玩过战双，鸣潮，崩铁，二字游戏基本都玩过。还是那句话，做游戏一定要有先见之明，取其精华去其糟粕,negative,0.9,,2026-07-19 07:30:09
48486092,3,2026-04-25,不扯什么黑不黑的，<br />内容：剧情不错。<br />战斗：纯排轴，憋得狠。<br />基建：没怎么玩过有深度的基建游戏的可能会喜欢或接受，但凡玩过点戴森球异星工厂的就会觉得终末地基建太没深度了，,negative,0.85,,2026-07-19 07:30:11
47619232,2,2026-01-27,先说下玩法，如果（非常）感兴趣基建，客观来说值得一试，不错的。抛开宝宝巴士级别的啰嗦教程（不停打断你，并且建了有的也不在你的地上），它的基建其实蛮易上手，逻辑清晰，界面也还不错，整体游戏风格和玩法是和,negative,0.75,,2026-07-19 07:30:12
47574605,1,2026-01-23,端游玩的<br />玩着玩着忍不住先吐槽一下现在遇到的，之后慢慢补充。<br />这剧情是真的太不合理了，首先导致我现在来吐槽的就是，主角纯废物狗腿子啊，剧情上一边说管理员什么什么的，实际上随便来个人,negative,0.9,,2026-07-19 07:30:13
47621152,2,2026-01-27,我被剧情恶心到了，特地来踩一脚，劳资辛辛苦苦培养角色，到第一章主线剧情决战的时候打boss打得满头大汗，结果打过了，给我来了个剧情杀：我打了那么半天，对剧情一点推进作用都没有，啥笔谜语人反派好像是纯在,negative,0.95,,2026-07-19 07:30:15
47610893,1,2026-01-26,已经玩了五天了第一个账号打二星还是太保守了<br />痛点1：剧情是节奏把控差主角的剧情展开依旧是谜语人，并且第一章想要描写群像但是并没有做的多好反而看的很尴尬（有种自我感动的感觉）并且主角塑造的有点,negative,0.85,,2026-07-19 07:30:16
47601376,2,2026-01-25,哈哈哈，什么叫到50就好了，是到50就已经被驯化了！50好在了哪儿？我请问了？只是简化了拉电线，不还是那一套，哈哈哈，只是基建没开全罢了，哈哈，42池子结果剧情放支线，还卖你明日方舟的老情怀，告诉我他,negative,0.95,,2026-07-19 07:30:17
47574776,2,2026-01-23,两天23小时，28级权限评价：<br />①基建玩法真是一坨。拉电线环节真是又臭又长，地方有只有巴掌块大，每种东西根本做不完全。而基建又和玩法高度绑定，我自己是基建全纯手搓，挂机一共五个小时才搓出来3,negative,0.85,,2026-07-19 07:30:19
47592466,5,2026-01-24,看着刷一星的太多，还是得为终末地正个名，个人体验了三天下来，由于工作原因只打到了34级，但游玩体验还是很不错的，基建玩法研究还不够（目前蓝图为主）但对此还是期待很多，等主线通关再慢慢研究，游戏音乐，战,positive,0.85,,2026-07-19 07:30:20
47720778,1,2026-02-05,玩到45级了，我一开始就凭着你的基建，还有那个获取角色的热情，还能一直玩下去，但我今天真受不了吗，体验相当无敌差，整个游戏充满了策划对玩家的恶意，邮件里送的材料，不领取，一直有小红点，那个背包就35格,negative,0.9,,2026-07-19 07:30:22
47604710,4,2026-01-25,评价之前先放个小苹果在这里<br />音乐和画面确实很好，但游戏性过于丰富冗杂，四号谷地前期剧情有些平淡，最后决战的的时候才有感觉，作为一个开服刀客塔摆了几年之后很不习惯，不过赤石的时候又想起了方舟才,neutral,0.7,,2026-07-19 07:30:23
47578220,4,2026-01-24,🎮可玩性：<br />这个游戏说实话吧，可玩性还是比较高的，但是如果你是以其他二游的水准来对比这个游戏的话，那么游戏观感会差一点，毕竟这个游戏总的来说玩基建方面其实是很有意思的。<br />毕竟游戏受,positive,0.7,,2026-07-19 07:30:24
49447305,2,2026-07-02,太肝了，玩起来跟上班一样，探索连爬山都不行,negative,0.85,,2026-07-19 07:30:26
49447296,5,2026-07-02,低压不伤脑，但伤肝……肝功能强大的可以来，美术风格绝对没得挑，楼梯特别流畅。,positive,0.6,,2026-07-19 07:30:27
47068069,1,2025-11-29,还真是不出意外的让人失望啊，写点流水账，也算是我对这个游戏最后一点幻灭了<br />有一说一，人物模型还是不错的，个人很喜欢小羊这个建模，但前提是她真的是我所认识的&#34;艾雅法拉&#34;<br ,negative,0.85,,2026-07-19 07:30:28
47171332,2,2025-12-12,关注老久感觉还是得出来表达一下不满。测试资格没有这事也就算了，起码返利得让人参与到吧？付费测卡名额卡那么死感觉还是真少见的，除非你公测把返利活动补上，当然如果付费测能双倍享受那我的评价是继续喷。<br,negative,0.85,,2026-07-19 07:30:30
47606403,2,2026-01-26,体验：<br />着重吐槽一下你这游戏，开服一点福利不给，基建玩法不给抽卡资源，游戏流程又和基建高度绑定，每到一个新地方还会有新的基建和重新建厂，上个地方的货币，下个地方不能用，强行卡玩家进度，卡池1,negative,0.95,,2026-07-19 07:30:31
47613162,5,2026-01-26,《明日方舟：终末地》—— 当我们谈论“明日”，我们在谈论一种可抵达的未来<br />------<br />一、 开篇：当“泰拉”的边界被重新定义<br />第一次在终端屏幕上看到“塔卫二”的地平线时,positive,0.85,,2026-07-19 07:30:33
47573841,2,2026-01-23,先说优点吧，建模，材质是目前所有我玩过的二游里的t0，无人能出其右，当然可能是我见识浅薄，没吃过更好的，优化也是非常好，pc端非常流畅，手机端没体验过，不发表看法。以上就是我为什么能多给一颗星的理由，,negative,0.85,,2026-07-19 07:30:34
47596162,4,2026-01-25,开头先杂谈下，后面分类锐评。<br />本人开服来高强度玩了三天，今天出去吃席了有空分享下感受。本人三天基本上起床把其他游戏收个菜就去终末地，加起来玩了40h+，43级开了武陵，看好友列表进度也算快的,positive,0.7,,2026-07-19 07:30:35
49444139,1,2026-07-02,神必游戏武器池连歪7次，十连三红都能歪完，我玩你冯。角色池也全歪，我早已麻痹,negative,0.95,,2026-07-19 07:30:36
47640750,2,2026-01-29,我第三次写评分了，我对这个游戏有四次更改看法，第一次是刚开始玩，虽然新手剧情及其劝退，但是对我这个没玩过基建的人来说，基建还是有点吸引力的，感觉挺好玩的，然后当我玩的越来越深，各种系统扑面而来的时候，,negative,0.9,,2026-07-19 07:30:37
47543595,1,2026-01-22,我用的是另一个手机号玩的，已经卸载了。叠甲：氪了个月卡，有游戏照片。我是明日方舟老玩家了，粥三个号，分别是110，79，8级。终末地开头我很期待，虽然上线之前就听说很多地方不好，在过了第一章到下一个区,negative,0.95,,2026-07-19 07:30:39
47671163,4,2026-01-31,我现在52级，我给他四星是因为我是冲着基建，和画风来玩所以给的四星。如果你是为了战斗爽，不喜欢搞基建的话可能会大打折扣。<br />剧情上的平淡我是可以理解的，因为游戏开服需要的平稳，毕竟现在剧情上的,positive,0.7,,2026-07-19 07:30:40
47572827,1,2026-01-23,网上说说得了，谁不想上了一天班急头白脸肝几个点整俩烧福瑞啊😂<br />2026年的第一个爆款，但是是爆炸的爆，充分展现了鹰角草台班子和傲慢这两个特性<br />剧情方面不知所云，那个b狼人还拿枪指着,negative,0.95,,2026-07-19 07:30:41
47571199,2,2026-01-23,昨天上午十点多左右开始玩的，玩到下午两三点，确实是一言难尽，想了一下今天写个评分<br />叠甲：本人方舟开服牢玩家，虽然后面退坑了一段时间但是二周年就回来了一直玩到现在，比较佛系所以才105级，但是,negative,0.8,,2026-07-19 07:30:43
47533381,1,2026-01-22,1.首先大家关心的优化如何。<br />看许多盒友都说，优化非常的好，结果一看用的是电脑，不知道是不是串的[cube_笑cry]。<br />难道手机游戏最看重的不应该是移动端的优化问题吗？<br /,negative,0.85,,2026-07-19 07:30:44
47537918,2,2026-01-22,1.剧情:<br />不多说，神中神，Mujica的下位，剧情演绎不能跳，只能看<br />2.互动<br />点个门、宝箱和那个基建点数抽象气球人都有一个大约1s的后摇，不能取消，巨浪费时间，还有掉,negative,0.9,,2026-07-19 07:30:45
47616183,4,2026-01-27,说一下我玩了一个星期的感受（算上今天）<br />1，开服等级资源还可以吧 拿满抽个新手池角色 个人不喜欢大剑角色因为手感真的很一般（仅个人想法❗❗❗）<br />2，剧情大大小小加上中途别的奖励是可,negative,0.85,,2026-07-19 07:30:47
47610769,5,2026-01-26,先叠甲，本人环世界500h，幸福工厂50h，戴森球100h玩家<br />这个游戏还是很好玩的，但先说一点，没大把时间的避雷这个游戏<br />不过希望能改进下面几点<br />1.减少怪物的富集度，,positive,0.7,,2026-07-19 07:30:48
47640597,3,2026-01-29,适合玩家类群：1：喜欢工厂线规划类，基建类，农场类游戏玩家（如异星工厂，死亡搁浅，星露谷）<br />2：开放世界RPG二游玩家（原，潮）<br />优点：1；除去传统二游的素材收集和主线剧情推进玩法,negative,0.85,,2026-07-19 07:30:49
47708080,3,2026-02-04,刚刚卸载，玩的信息提供不了了。<br />和当初绝区零刚开服那段时间一个样，绝区零是对推格子感兴趣的无比喜欢，不感兴趣的玩着犯困。<br />终末地没有推格子，但加入了手游少有的基建玩法，上一个玩有点,negative,0.9,,2026-07-19 07:30:50
47613480,1,2026-01-26,可以给半星吗？倒不是说一无是处，从开局进剧情到没有攀爬，再到各种专有名词，和根本引导不了我的任务引导。各种碎片化的图标设计，经常性错点。角色养成，流水线建造。还有没有传送锚点的架滑索，我还得去建传送锚,negative,0.85,,2026-07-19 07:30:52
47477724,2,2026-01-16,题目：终末地卡池愁绪<br />作者：白等三年的明日方舟玩家<br />三十送十不计数，六十送十卡限时。<br />八十小保五十歪，终究百二敢下池。<br />欧出角色武库艰，非酋到底资源难。<br ,negative,0.9,,2026-07-19 07:30:53
47106169,5,2025-12-03,有资格的冲没资格的冲玩过明日方舟的冲没玩过明日方舟的冲玩鸣潮的玩米哈游的都冲路人也冲那还说啥了兄弟管你这的那的根据传统直接冲冲冲😋<br />游戏还是期待的玩到再改评分冲终末地就行别冲我😙😁<br /,positive,0.85,,2026-07-19 07:30:54
47554881,1,2026-01-22,额....怎么说呢，开放世界类型的玩多了玩这个感觉哪里少了跟筋。<br />1.地图<br />开放世界开放世界，你地图大了跑图你把我攀爬扣了，推主线收资源跑上跑下，那滑索基本上能用的地方很少，你不觉,negative,0.9,,2026-07-19 07:30:55
47580997,1,2026-01-24,玩的很难受，不太推荐。<br />第一，过主线体验不舒服。剧情没什么深度，一直在给你做设定什么的。想跳过剧情赶紧拿奖励抽卡爽一下，但是他又在剧情里面塞基建任务，你必须建房子，建好了才能继续推主线，但是,negative,0.9,,2026-07-19 07:30:57
47572243,2,2026-01-23,美术真的很好看，我很喜欢。<br />剩下的都是负面感受，新手教程太长了，真的太长了，我就想抽个卡，看到广告上写了135抽还是多少，就想进来抽个卡，结果被教程折磨，基建系统很有设计感，但是全基建摞起来,negative,0.9,,2026-07-19 07:30:58
47571292,2,2026-01-23,电脑应该玩了十几个小时了，目前26，二重螺旋我都吃的下去，所以抛开战斗玩法先不谈，目前基建拉电线也都可以玩的下去 。<br />但是除去送的，肝到现在也才20抽限定，大月卡本来应该直接给你的东西还整了,negative,0.9,,2026-07-19 07:30:59
47570141,1,2026-01-23,这游戏分人，玩基建的玩家估计很喜欢，我不是基建的料。<br />这游戏本质上还是个卖卡游戏，但非要融入基建为核心，请问我玩基建需要抽你这些人物吗？喜欢人物的人又要忍受基建的枯燥和繁多操作，整成不三不四,negative,0.95,,2026-07-19 07:31:01
47547419,2,2026-01-22,游戏性不高，可成长空间丰富。<br />画质建模（pc端玩的，显卡7800xt，新手动画那一段主角人物脸颊、手指边界锯齿、脖子衣服衔接处断层给我看的膈应的很），打击手感（一般，战斗玩法很💩，重击打僵直,negative,0.95,,2026-07-19 07:31:02
47543019,1,2026-01-22,期待拉满却失望到底，终末地实在配不上IP口碑<br />作为明日方舟老粉，从官宣就蹲守终末地，结果开服体验三天直接卸载——这哪里是IP衍生新作，分明是堆砌系统、消耗情怀的半成品，槽点多到让人无从吐槽！,negative,0.95,,2026-07-19 07:31:04
47635722,4,2026-01-28,目前开服7天，53级，从第五天就已经把全部内容打完了，每个地图收集基本都差不多了，基建大毕业，评价一下<br />节奏不好，前期推到可以结束当天任务的情况要10小时以上，而且教程乱入，基建和战斗很割裂,negative,0.85,,2026-07-19 07:31:05
47618934,3,2026-01-27,在游戏内的调查问卷写的，想了想还是留个档吧，毕竟很多年没因为游戏打这么多字了。<br />二游系统那部分不做评价，多发朋友费就是最好的封嘴，该创收创收，别给我明日方舟吸死了。<br />地图设计还得多,neutral,0.65,,2026-07-19 07:31:07
47609578,3,2026-01-26,游戏内容我给四分，太多，太肝了😂这几天几乎每天只睡了四个小时，就主线任务基本不怎么卡等级，做两三个支线就可以续上了，这体量放崩铁开局卡了将近一两周吧（崩铁当时一天只能做一点主线，断断续续地看剧情把我憋,negative,0.85,,2026-07-19 07:31:09
47594306,3,2026-01-25,零零碎碎玩了十几个小时，不多，但表达一下自己的见解。<br />立绘建模，画面音乐：<br />先说优点。我很喜欢这个质感，都说男主建模比不上立绘，我个人感觉其实不错。游戏画面很有质感，各种弹窗给我一,negative,0.85,,2026-07-19 07:31:10
47585303,1,2026-01-24,绝区零开服老登<br />终末地主线过到武陵，对于之前的评价发现有待欠缺，故再发一遍（之前为三星）<br />因为不是剧情党，就玩法说一下<br />💃🏻立绘建模：<br />这个得分设备，这个游戏的,negative,0.85,,2026-07-19 07:31:11
47663630,3,2026-01-31,网上一堆人说到武陵就好了，也不知道是官方洗地，还是想着能留一波是一波，反正我坚持不到，就当提纯我被踢了吧，首先就是游戏体验，我是别礼开局，连击被打断太恶心了，一个没闪避好，buff就挂不上，回血也吃不,negative,0.85,,2026-07-19 07:31:13
47628206,4,2026-01-28,哇评分掉这么低了吗😨<br />不知道大家有没有看过B站那个玩了26小时终末地的视频，其实刚开始玩到这个游戏时，我和他一样激动。对于一个不喜欢战斗手游塔塔开的二游玩家来说，终末地是我玩过可玩性最好的3,neutral,0.7,,2026-07-19 07:31:14
47605475,2,2026-01-25,仅为个人主观评价!<br />游戏性勉强给三分，抽卡体验一分<br />方舟本体六年皱皮，耐着性子在PC肝了几十小时到四十多级，可以说深度体验这游戏了。<br />就我游玩而言开局的十个小时，除了画面,negative,0.9,,2026-07-19 07:31:15
47554173,5,2026-01-22,五星让你们看看<br />首先我没玩过明日方舟，我就纯聊游戏了<br />抽卡：你开服福利抠我也就算了，我可以肝对吧，可是你这500一抽是认真的吗？我玩几个小时就一个10连，下个十连遥遥无期，而且不让,negative,0.85,,2026-07-19 07:31:16
47639364,4,2026-01-29,已经51级了，80抽出42，目前又囤了70抽的玉和票<br />就玩法上来说还是蛮有意思的，<br />战斗上，属于从粥那一路继承下来的的策略性战斗，伤害技能和大招，普攻刮痧，只是用来击破和攒技力。<,negative,0.85,,2026-07-19 07:31:18
47590259,4,2026-01-24,先说一下这几天的进程，已经有火队，42专武也有了，现在是38级，基本上每天就坐在电脑前面玩，其实这个游戏还是蛮吸引我的，我也挺乐意玩<br />【不足之处】<br />前期的剧情比较平淡，并且一堆让人,positive,0.7,,2026-07-19 07:31:19
47629811,1,2026-01-28,适合做单机，玩法内容中规中矩但胜在美术设计好看。<br />游玩体验：内容重复体验度太高，资源获取和开荒上的探索感消退的很快，你很难想象一个这么高科技的世界观下拉电线居然这么坐牢，就非得先提出再看见装,negative,0.85,,2026-07-19 07:31:21
47545029,2,2026-01-22,最近卸载了终末地，但因为阿达希尔又想下回来，一直在纠结于是在主页看着看着就想起了自己以前的评论。<br />说真的，剧情方面我觉得还是有问题，讲述不明确，如果是玩过明日方舟的可能会好一点吧，但是我没玩,negative,0.85,,2026-07-19 07:31:22
49320554,3,2026-06-28,建模特别特别精致场景做的也很好，就是活动给的奖励太少剧情一般，基建玩法玩的我想卸游戏，为了卡缪和阿达希尔硬玩，保底机制也挺恶心的吧 虽然角色做的确实好但是存在问题也很多，不喜欢基建的玩家玩的很坐牢希望,negative,0.7,,2026-07-19 07:31:23
47582096,4,2026-01-24,感觉还是鹰角老味道，包括游戏和抽卡（抽卡后续资源不知会如何）。<br />1. 好玩<br />除测试资格不给老玩家让人诟病外，终末地游戏本身玩的进去的玩家会感觉非常好玩，建造玩法非常出彩，让人停不下,positive,0.85,,2026-07-19 07:31:24
47573055,5,2026-01-23,刚公测的时候，就开始玩了，玩到现在，跟大家说说我的看法，首先是场景还有画质，特别好，说真的，优化方面很到位，场景也很戳我，刚开服能有这个水平已经很难得了，而角色设计和建模方面，质感很好，搭配合理，这可,neutral,0.7,,2026-07-19 07:31:26
47628299,2,2026-01-28,😅你游抠门就算了，还歹毒<br />除开还可以的建模和打斗不错，剧情对话偶尔没有配音还站桩，动画质量高但不能跳过，以外都挺拉的，我承认单独拿出来评论其实都还好，做完了确实是有成就感<br />但这是一,negative,0.9,,2026-07-19 07:31:27
47628212,1,2026-01-28,💰肝氪度：<br />肝度太高了，一个四号谷地近300宝箱和一百多谜质（原神神瞳），角色跑图性能也不高，一张地图的传送点又很少，加上基建强绑定主线和养成玩法，所以基本一次锄大地不够，而且跑图过程还要兼,negative,0.9,,2026-07-19 07:31:28
47601706,2,2026-01-25,这三天体验了zmd，开服前我很期待这个游戏，但玩下来感觉问题太多了，完全不尽人意的平庸至极不能说不是一种罪过。我说几个我主观感受到的有问题的点（仅个人体验 观点与纯主观感受）<br />1.首先UI有,negative,0.9,,2026-07-19 07:31:29
47841986,5,2026-02-15,我是六元玩家，运气不错，送的票抽到了物理队（小陈，管理员，骏卫，余烬），战斗从头爽到尾了。<br />——————<br />基建部分，挺不错的，拉电线挺有意思（喜欢快节奏游戏的玩家玩不下去），拉好电,positive,0.85,,2026-07-19 07:31:31
47586074,1,2026-01-24,我能夸的就是建模了，虽然有一股h3d的感觉，建造在里面的核心玩法也确实能玩，但是在本身自由度不高的情况下，就是一直在拉电线放滑索。<br />剧情我几乎就是全程跳过，光看见主角那大黑眼罩子就看不下去了,negative,0.9,,2026-07-19 07:31:32
47584329,1,2026-01-24,这游戏说白了，除了角色建模好看，然后有演出嘛场景的渲染光这些很好看，就没什么优点了，我可以这么说。<br />他的缺点之前的时候就吐槽过，但是他不改。<br />1.他的引导做的不行，因为引导他做的很,negative,0.95,,2026-07-19 07:31:33
47583609,2,2026-01-24,作为一个粥的准5年玩家，各种谷子吃了快1w，粥也准时补月卡逢年过节买买198的老东西，真的对终末地失望透顶。两分一分给前作情怀，一分给音美和建模，剩下的东西十分令人不满。优点在于建模养眼，UI设计优秀,negative,0.95,,2026-07-19 07:31:34
47579790,1,2026-01-24,强烈不推荐，建议绕行。<br />玩法小众：拉电繁琐，仓储背包分分钟爆满，建了半天的工业系统可能不如其他游戏一个合成台；战斗系统操作顿感；跳跃箱庭世界对路线熟悉程度要求更高，前期开荒容易怼墙迷路。<b,negative,0.95,,2026-07-19 07:31:35
47572981,2,2026-01-23,说实话，玩这么久已经懒得评价它的差了。<br />本草履虫在（手机/笔记本/电脑）三端游玩过，目前评价笔记本和电脑端优化不错，手游优化就是一坨。<br />说回游戏本体：<br />●剧情：<br /,negative,0.95,,2026-07-19 07:31:37
47562186,1,2026-01-23,缺<br />1.玩法太枯燥了，要么大世界打怪要么接线。其他游戏打怪要么特效足，要么纯数值灌死，终末地完全没有华丽的特效，我出个史尔特尔，我以为她的攻击方式和明日方舟一样。谁敢想她就是强化攻击而已，那,negative,0.85,,2026-07-19 07:31:38
47561293,2,2026-01-23,不符合预期要求，先从剧情上来说，我几乎做到全程跳过，因为我压根不知道在说什么而且cv没声音（不知道是bug还是原本主线就是没cv）。<br />然后说一下整体感受<br />1.战斗动辅<br />我,negative,0.85,,2026-07-19 07:31:39
47575907,5,2026-01-23,两天拿下0+1😋一用只氪了个月卡<br />这两天两耳不闻窗外事就是库库玩上头，一看社区才发现社区爆了<br />从个人角度来点评一下<br />💰肝氪度：<br />福利确实算少，不过刚开服，个人感,positive,0.7,,2026-07-19 07:31:41
47644077,2,2026-01-29,叠个甲，舟老玩家了，虽然中间也退坑过摆烂过但也没少氪少玩，入坑终末地也是因为明日方舟这个ip和他的美术。终末地从开服玩到今天，也算是基本上玩结束了，任务支线只剩下蓝色的没清完，据点拉满基建毕业，配队完,negative,0.9,,2026-07-19 07:31:42
49202019,1,2026-06-26,我一踏进明日方舟终末地，就发现了三个问题<br />第一点，也是最让人难以忍受的毒瘤抽卡体系<br />0.8%极低六星出货率，80抽小保底五成概率随意歪卡，120抽才锁住当期UP的大保底，换池直接清,negative,0.95,,2026-07-19 07:31:43
47606341,2,2026-01-26,先说结论：对运营拉产线有兴趣并且还喜欢明日方舟这个IP才适合玩这个游戏，其它我一概不推荐玩。<br />作为一款二游，开服的福利真的不算多好，开服福利加上肝了7个小时的结果才堪堪能在限定池抽上30发，,negative,0.9,,2026-07-19 07:31:45
47283134,5,2025-12-26,画面很精良看出来是下功夫的，可以说是整个游戏的兜底了，但是大场面尤其是全景画面感觉差点意思。移动端偶尔有穿模的问题算是能接受的范畴吧。<br />关于bug这可太有的说了，各种奇形怪状的bug。地图里,neutral,0.6,,2026-07-19 07:31:46
47591050,4,2026-01-24,终末地玩到现在，对我这个玩家来说算是一个上等水平的游戏<br />战斗系统做的也是很有特点，不是一味的打输出流程，这个要说的话还是有很多能说的<br />大地图探索系统和那个工业系统比较相关<br /,positive,0.85,,2026-07-19 07:31:47
47579469,5,2026-01-24,留下足迹，不至于被如此贬低。<br />首先，序章的剧情是一场梦，解释帝江号管理员（博士？或者博士的后人，印象中人类基因能覆盖泰拉人的基因）为什么沉睡十年，基建系统的协议核心的由来。<br />然后是,neutral,0.6,,2026-07-19 07:31:49
47693003,5,2026-02-02,不管怎么说，我觉得终末地算是一个中规中矩做得还不错玩起来甚至有点上头的游戏，4.7分真是罪不至此<br />从玩法上看，可以抄作业的基建玩法接住了明日方舟的策略玩家，让刀客塔的头脑有发挥的余地，摆完进,positive,0.85,,2026-07-19 07:31:50
49426831,5,2026-07-01,除了长草期太长其他都挺好，增加些玩家竞技或互动就更好了,positive,0.7,,2026-07-19 07:31:51
47573756,5,2026-01-23,昨天玩了一整天，今天又玩了一整天，目前31级（一直在跑图没怎么做任务）。先说结论，游戏本身玩法是不错，但是福利，细节和剧情方面做的不好。<br />我不知道这游戏为什么会被打这么低的分，如果只是因为福,positive,0.75,,2026-07-19 07:31:53
49425175,3,2026-07-01,卡池恶心吐了，氪完还歪麻了，要不是为了看男管摘面罩早卸载了😃,negative,0.85,,2026-07-19 07:31:54
47620800,5,2026-01-27,其实说实话，现在终末地一都有点魂游那味儿了。像是好几个箱庭连接在一起，它这个游戏没法游泳，攀爬啥的也有点限制自由度，有的时候解谜要绕来绕去的，就像魂游里面“门不能从这一侧打开一样”。我看可多评论都说二,positive,0.7,,2026-07-19 07:31:55
47684638,2,2026-02-02,51了，谷地和武陵等级也快升满了，分享下体验<br />优点：1.角色建模还可以，PC端开全高看着挺精致的，把镜头拉近还有特殊待机动作整挺好<br />2.武陵地图的建筑设计和剧情演出还不错，个人比较,neutral,0.7,,2026-07-19 07:31:57
47030628,2,2025-11-26,20260201更新本来不想写这么多，几天了评分居然还能回调，只能说水军和小馋猫太多了。整个终末地就是钟祺翔的大型塞博露阴癖，完全不考虑玩家，说好听点叫按着玩家的头吃SHIT，说难听点就是RAPE玩家,negative,0.95,,2026-07-19 07:31:58
47066395,1,2025-11-29,2025.12.4<br />游戏直到三测了很多地方还争议不断没有敲定，整个制作思路混乱充满着既要又要两头恰的想法，根本没有想好自己的受众到底要是谁。我只看到制作组对自己很没有自信，有做出创新突破传统,negative,0.9,,2026-07-19 07:31:59
47598015,1,2026-01-25,玩了几天，玩到没有耐心了就弃了然后评价一下，我对鹰角的印象是方舟那时候就有的，两个词傲慢和抠门。大多数人说的问题我觉得还好，我比较喜欢这种一个人在前台，不喜欢哪种掐着时间频繁换人的模式。<br />游,negative,0.85,,2026-07-19 07:32:01
47580858,1,2026-01-24,力竭了，已经给官方发了很多游戏建议，朋友在玩所以我也会继续玩，但是已经懒得批判了，批判是想这个游戏更好，但我觉得估计不可能了。<br />主角失忆，二游通病。但是，开局稀里糊涂跟佩丽卡走，要干嘛我也不,positive,0.6,,2026-07-19 07:32:02
47631133,5,2026-01-28,我都不知道为什么这么多人喷，感觉大部分都是水军，开服玩到终末地的优点很明显是胜过缺点的，很多差评实在是没脑子为了黑而黑，我是真的看不下去了。<br />个人评价：<br />①基建:个个都在喷基建，我,positive,0.85,,2026-07-19 07:32:03
47615141,4,2026-01-26,玩了几天了，锐评一下<br />🎮可玩性：<br />因人而异了，拉电线在我看来肝完是有爽点，肝的时候也不算无聊，唯一不足的地方应该是滑索也要电太臃肿了😅基建算是二游里让人眼前一亮的，虽然一开始用高炼,positive,0.7,,2026-07-19 07:32:05
47580408,5,2026-01-24,本人从22号开服截止1.24日早上12:00，<br />我的终末地等级是36级，<br />应该不算快的。<br />1.作为箱庭地图，没有开放世界的自由度我还是有点遗憾，但是地图设计方面，解密啊，,positive,0.65,,2026-07-19 07:32:06
47574472,1,2026-01-23,明日方舟去年超大杯连发有目共睹，但真的是圈钱吗限定陪跑强度都不错<br />唯一不一样的是限定会有特殊的机制，在玩底层逻辑的机制，比如再部署，传送，交换费用<br />，除限定池外的普通池并没有强度偏,positive,0.85,,2026-07-19 07:32:07
47617226,2,2026-01-27,大世界二游它做得本就不够，不需要无脑吹0个意义，事先说我也是个人主观评价看个乐子就行，对喜欢这种游戏玩法和喜欢肝的人我确实推荐去玩发个截图证明玩过已经删了<br />首先二游大世界类型游戏抽卡养角色是,negative,0.9,,2026-07-19 07:32:09
47675682,4,2026-02-01,说实在的，终末地褒贬不一的最根本的原因就是没做好玩家的区分照顾，属于是两头抓，两头掐，有的人就是为了角色来的，他不是为了你呢基建和拉电线来的，你让他拉电线和让他去吃翔是一样的，即使蓝图也解决不了问题；,negative,0.7,,2026-07-19 07:32:10
47580430,5,2026-01-24,💰肝氪度：<br />肝氪度可谓非常高，我扪心自问，肝了 2 天最终凑出来的抽数却只有寥寥 20 抽不外加官方所送的抽数这对于官方所设定的 80 抽小保底和 120 抽大保底来说，可谓相差甚远这对于零,positive,0.7,,2026-07-19 07:32:11
47558747,2,2026-01-23,新出了一款游戏都玩过了，也就在这里浅浅的评论一手，首先呢就是这款游戏<br />一、抽卡。这游戏的角色建模说实话真没有那么出众，你可以理解为不是很好看，黑丝，白丝的其他游戏没有吗？那原神还光着腿呢，但,negative,0.9,,2026-07-19 07:32:13
47604310,4,2026-01-25,1。。。。大概玩了快10分钟吧，以前没有接触过明日方舟的相关剧情，所以对于他的一些设定什么比较懵剧情方面就是感觉知道要打架，但不知道为什么打架。画质方面动漫风吧，我也是四处走走，感觉一般，不能说是差，,neutral,0.6,,2026-07-19 07:32:14
47641486,5,2026-01-29,第一章四号谷地终于结束，刚刚进入武陵，过来评价一下。感觉并没有评论的那么拉呀。<br />我感觉可能游戏想做的东西太多了，有些杂。有些东西又有门槛，就会不是很友好，比较挑玩家。<br />1.基建，才,positive,0.7,,2026-07-19 07:32:15
47744117,2,2026-02-06,总体上思虑后给个三个星中规中矩。在可玩性，画面音乐，运营服务里我只在画面音乐点了推荐，另外两个推荐不了但也不是不推荐。<br />首先提一下可玩性，终末地给我亮眼的就是他的基建，除了可以抄作业以外，也,neutral,0.7,,2026-07-19 07:32:17
49337691,3,2026-06-29,说实话，早不太想玩了，要不是最近闹游戏荒，我也不会想起这个，天天在我卡车里跟我抽歪抽歪，虽然我物理队集齐了，但是你让我猫崽子歪了一次，那可是我辛辛苦苦攒了很久的资源，资源都快干旱了。结果你让我抽歪了一,negative,0.85,,2026-07-19 07:32:18
47575933,2,2026-01-23,单说游戏质量 我认为是合格的<br />美术 风格我很喜欢 但是亮眼的角色其实不是很多<br />基建 合格<br />算是工厂游戏里最简单的了，而且感觉深度也不是很多<br />教程太长了，很墨迹，,negative,0.85,,2026-07-19 07:32:20
47708535,2,2026-02-04,这游戏除了手机端优化不错以外感觉不到任何优点，有也被缺点全部覆盖了。<br />💃🏻立绘建模：角色也就脸挺好看，下半身跟后背做的一坨，特别点名别礼的后背，特别是头发，一整个蓝色抹布，明明前面做的挺好看,negative,0.95,,2026-07-19 07:32:21
47698573,4,2026-02-03,中规中矩的，这里讲一讲我的个人观点吧。<br />1、基建：融合了基建玩法（详见戴森球），这东西对于喜欢的人来说可以研究，就像数学题一样自己完成难题，基建的成就感正是如此。但是不喜欢基建的觉得繁杂，直,neutral,0.7,,2026-07-19 07:32:22
47590902,5,2026-01-24,初上手有点吃力，尤其是不喜欢玩工厂作业的时候。但随着流水线和拉电线逐步深入，发现世界被慢慢改变的成就感越来越强。<br />箱庭地图探索因为不能飞甚至不能爬墙，跟传统二游大世界越来越走向简化探索是两个,positive,0.9,,2026-07-19 07:32:23
47653823,4,2026-01-30,开局新手教程太长太杂，如果不是看过武陵的宣传画面和角色在武陵的的细节湿身画面，根本坚持不过新手教程。<br />福利很少，免费抽卡资源不算少，获得免费抽卡资源需要连肝好几天，我这还是时间非常充裕的情况,negative,0.85,,2026-07-19 07:32:25
47602490,2,2026-01-25,说真的，这游戏玩得我有种力竭的感觉，为让基建流水上消耗的蓝矿有等价的产出，我拉了一个下午的电线。80米按角色路径的电线实在是让我很难受。他这个游戏里没有多少的传送锚点，想要快速移动也只能自己摆滑索，而,negative,0.9,,2026-07-19 07:32:26
47564621,1,2026-01-23,一编：总结：无聊。<br />（小长文警告）<br />上班两天玩到18级，主线第二幕。冲着舟衍生+工业模式来的。玩过的游戏比较少，几年前是重度米游玩家，现在比较喜欢文游音游卡牌之类的）<br />优,negative,0.9,,2026-07-19 07:32:27
47613680,2,2026-01-26,美术建模，确实很不错，这也是吸引我尝试的地方<br />玩法我不做评价，基建玩法各有所好<br />福利勉勉强强，就是这个武器池强绑抽角色只能说各有好处吧，强行让赌狗跟运气好的人接着下池子，像我十抽出,negative,0.7,,2026-07-19 07:32:29
47474232,2,2026-01-16,圈外人，没了解过鹰角的游戏，不过我还是很乐意尝试一下的（毕竟最近游戏荒）。先打个五星期待一下。<br />我比较看重地图探索和实际玩法，抽卡无所谓反正我玩其他二游也是囤囤鼠。我玩原神的时候就喜欢自己探,positive,0.85,,2026-07-19 07:32:30
